round,student,job,regime,decision_score,ground_truth_fit,credential_weight,resource,seed
1,15,0,R0,0.6746653403700519,0.5447128037521871,0.1823305805510206,0.5778526629650647,1000
1,17,1,R0,0.7233249436890332,0.7302901175808718,0.3163577055547442,0.5619759635844399,1000
1,22,2,R0,0.9037475916008738,0.9805134454231716,0.0305056515741837,0.5409414161242231,1000
1,98,4,R0,0.4752564668844491,0.5680084357613375,0.387200715976421,0.2042310088437376,1000
1,62,5,R0,0.7227623936934466,0.7695797185266142,0.1588604554520035,0.6776847697571549,1000
1,103,6,R0,0.5976011768825418,0.4987553358607577,0.2674455739754586,0.9085048452829616,1000
1,38,8,R0,0.5744381851574495,0.6641627198983672,0.1483832354365195,0.5041892696054868,1000
1,74,9,R0,0.7580094748472936,0.7213328698827245,0.0979559200901421,0.4750688949253126,1000
1,87,10,R0,0.7936857140255088,0.7678916491860001,0.0427660067346719,0.0878051080569538,1000
1,10,11,R0,0.7540941181763458,0.9081244898486904,0.2373148094806161,0.3977916662684005,1000
1,8,12,R0,0.6864921958065355,0.8039584002649284,0.1253586916412211,0.2815813803716551,1000
1,3,13,R0,0.725874759343501,0.6974145962278827,0.3766844520269178,0.8264661753452069,1000
1,84,14,R0,0.6367202431262806,0.6210547539951445,0.222436913640063,0.7799321355485427,1000
1,72,15,R0,0.6892088939613447,0.5656291973674018,0.1351353336767104,0.4122194082537023,1000
1,5,16,R0,0.6541691274906772,0.6812132376708007,0.2830897676399497,0.4158921471511703,1000
1,80,17,R0,0.6379027048590479,0.5235184350594041,0.3151235411426146,0.5815710664324665,1000
1,34,18,R0,0.771531750761082,0.7698896052384792,0.1347718908044203,0.439063597888557,1000
1,55,20,R0,0.7865034492330468,0.7688386614335225,0.1769539618684281,0.4876728711385252,1000
1,58,21,R0,0.61729334858571,0.5592263343046417,0.066349435145907,0.3048054365165561,1000
1,54,22,R0,0.6392219034138977,0.5373488549224861,0.117426131948835,0.4041987822903495,1000
1,97,23,R0,0.8010056184039367,0.7180841542921903,0.0451035659801699,0.7793677529737049,1000
1,11,24,R0,0.8824189287843346,0.94975134471122,0.2421900242758244,0.6981337513081481,1000
1,78,25,R0,0.6447226494679158,0.7357091332341539,0.3316695148925297,0.6606751347341278,1000
1,115,26,R0,0.5996392075736214,0.6021240013783904,0.201262338221136,0.3973532484702054,1000
1,107,28,R0,0.5140407958618364,0.4728518409426198,0.215907350793482,0.4826689308007785,1000
1,69,29,R0,0.793700284258106,0.7139780432044738,0.0636141421283084,0.3338203950642152,1000
2,32,1,R0,0.458848699948936,0.6023897351854568,0.3286053710635822,0.1961061308709639,1000
2,0,2,R0,0.9057818638532316,0.9289089590543576,0.0304952053561793,0.1699793572455467,1000
2,36,3,R0,0.7405290371043933,0.6360792398973918,0.143629677857141,0.5631906584896628,1000
2,4,5,R0,0.58264592590244,0.7027000479304515,0.1635762864378268,0.6134118115327748,1000
2,44,6,R0,0.5717310671786093,0.6183205204756788,0.2609603569047245,0.827578425766108,1000
2,116,8,R0,0.4907961008717204,0.4854520315576934,0.1609196650456004,0.8124783496948482,1000
2,16,9,R0,0.6950718954459099,0.8346186102911684,0.0937611730359027,0.2141923350668483,1000
2,60,10,R0,0.7223551080346606,0.690878245628809,0.0430826276687551,0.8698985847017889,1000
2,26,12,R0,0.6625278514286711,0.6547963966001389,0.1286640177096554,0.3987731132953505,1000
2,45,14,R0,0.657566647668196,0.6786425475364593,0.2172375301261688,0.216256337225752,1000
2,41,15,R0,0.6756334434868111,0.5482773419747022,0.1373749914541955,0.673366362009418,1000
2,12,16,R0,0.5057913445459213,0.3681212345940772,0.3118509293416068,0.5916484970098604,1000
2,25,18,R0,0.530459027071414,0.4400758493334383,0.1477327603063316,0.6163885919420735,1000
2,14,19,R0,0.6392221004368205,0.6395345984667518,0.1513758280174254,0.3838271132819644,1000
2,117,20,R0,0.6004012282322453,0.6683534822804783,0.1880938760185793,0.5626529437150214,1000
2,99,22,R0,0.5698441765906423,0.4151264962706992,0.1212745975045515,0.8717339593490514,1000
2,61,23,R0,0.7066354582682439,0.654843390882639,0.0458173010757663,0.2416708408592723,1000
2,92,24,R0,0.8412950964568418,0.9948768938262732,0.2441876522197286,0.4801842820575242,1000
2,47,25,R0,0.5537088712902413,0.6576324524349715,0.3370343829150878,0.0817054444865895,1000
2,49,26,R0,0.6217107540808505,0.6127515296845301,0.1977851579732792,0.3070608039519021,1000
2,18,29,R0,0.6925766981449769,0.7665270577352847,0.0618778307532122,0.3029024291487582,1000
3,2,7,R0,0.5051630891264413,0.571230807168154,0.299222350572021,0.3930510846626555,1000
3,46,17,R0,0.5998866862631501,0.2640595158216442,0.3526196632840461,0.6823983044460152,1000
3,110,19,R0,0.6064338138800482,0.5798049576181988,0.1560440383581638,0.5294377736335583,1000
3,67,27,R0,0.5149901623941047,0.4839466441510215,0.3484898837118804,0.7604139539914074,1000
4,104,3,R0,0.4993247826200686,0.5155984166916054,0.1501964455286026,0.5320859796096551,1000
4,33,7,R0,0.4888580538834483,0.3052957608773394,0.3184687413682701,0.4047728848197262,1000
4,112,13,R0,0.4528027561875034,0.528290431229733,0.4048692955994054,0.376459817789856,1000
4,7,27,R0,0.3836945333849893,0.2052904026443238,0.383992528306715,0.6312534740606498,1000
4,56,28,R0,0.4457294701800677,0.5023188181989197,0.2122971138424416,0.4709597905156488,1000
1,15,0,R1,0.5797875116264823,0.5447128037521871,0.1484185416875816,0.5778526629650647,1000
1,17,1,R1,0.6648940365921661,0.7302901175808718,0.247699826894415,0.5619759635844399,1000
1,0,2,R1,0.8148323462987844,0.9289089590543576,0.0253379590657981,0.1699793572455467,1000
1,36,3,R1,0.6420914842641374,0.6360792398973918,0.1111917104993632,0.5631906584896628,1000
1,19,4,R1,0.3998897331742715,0.4908472194106386,0.3772594165356833,0.4847936901999605,1000
1,62,5,R1,0.6544197644328181,0.7695797185266142,0.1294890520887958,0.6776847697571549,1000
1,2,7,R1,0.4785683349052264,0.5710490894729479,0.2777015242846967,0.3930510846626555,1000
1,38,8,R1,0.5835446366294036,0.6641627198983672,0.1289093783508222,0.5041892696054868,1000
1,74,9,R1,0.6943209151192206,0.7213328698827245,0.0775322613029741,0.4750688949253126,1000
1,60,10,R1,0.6331558401229345,0.690878245628809,0.0318815025793705,0.8698985847017889,1000
1,10,11,R1,0.5812430555000391,0.9081244898486904,0.1867770415463853,0.3977916662684005,1000
1,8,12,R1,0.6928437986364281,0.8039584002649284,0.1217069436108078,0.2815813803716551,1000
1,3,13,R1,0.6817865573465864,0.6974145962278827,0.3159412772429794,0.8264661753452069,1000
1,84,14,R1,0.6234090293800925,0.6210547539951445,0.1760516679330778,0.7799321355485427,1000
1,5,16,R1,0.4819380992872037,0.6812132376708007,0.2326307963116266,0.4158921471511703,1000
1,80,17,R1,0.5347123595587115,0.5235184350594041,0.2806497015436829,0.5815710664324665,1000
1,34,18,R1,0.6854569411686627,0.7698896052384792,0.120062144141145,0.439063597888557,1000
1,110,19,R1,0.5364057953002092,0.577670361711228,0.1369346913914099,0.5294377736335583,1000
1,55,20,R1,0.7291079586063428,0.7688386614335225,0.1446178773791501,0.4876728711385252,1000
1,54,22,R1,0.5860063241236844,0.5373488549224861,0.1008583042777839,0.4041987822903495,1000
1,97,23,R1,0.6449489620472777,0.7180841542921903,0.032563961999906,0.7793677529737049,1000
1,92,24,R1,0.7709299954995159,0.9948768938262732,0.208441340051559,0.4801842820575242,1000
1,78,25,R1,0.6326757118747077,0.7357091332341539,0.2751233077487822,0.6606751347341278,1000
1,35,29,R1,0.6788812803031842,0.7139780432044738,0.0540673909772138,0.2168207471850339,1000
2,22,2,R1,0.8442584099997932,0.9805134454231716,0.0251072330599534,0.5409414161242231,1000
2,104,3,R1,0.5206096554413603,0.5155984166916054,0.1357098492260092,0.5320859796096551,1000
2,98,4,R1,0.3077736643137463,0.5692614446656319,0.3629298557761607,0.2042310088437376,1000
2,44,6,R1,0.5917165116906504,0.6183205204756788,0.199970387516559,0.827578425766108,1000
2,16,9,R1,0.6564554273656715,0.8346186102911684,0.0909161386637914,0.2141923350668483,1000
2,87,10,R1,0.6545153750209636,0.7678916491860001,0.0429426564215406,0.0878051080569538,1000
2,91,11,R1,0.4307197655186014,0.4196192607189801,0.2626953370213875,0.6347439224596445,1000
2,26,12,R1,0.5462073572436236,0.6547963966001389,0.1228772341549518,0.3987731132953505,1000
2,112,13,R1,0.3998166068048255,0.5282060498109458,0.3620808555746548,0.376459817789856,1000
2,50,15,R1,0.5435635604344438,0.5481439976846179,0.1196778021769924,0.5279467824839226,1000
2,27,19,R1,0.4045740007126601,0.2796738271072382,0.1560661157541913,0.6965250411809991,1000
2,117,20,R1,0.6266327344499463,0.6667377345259375,0.1449197886797497,0.5626529437150214,1000
2,58,21,R1,0.5024083735791006,0.5592263343046417,0.075680733881067,0.3048054365165561,1000
2,61,23,R1,0.6390971355674937,0.6539701319308354,0.043645500196431,0.2416708408592723,1000
2,11,24,R1,0.6933698255757427,0.94975134471122,0.1840018632747117,0.6981337513081481,1000
2,47,25,R1,0.4843852099659296,0.6576324524349715,0.307315542781927,0.0817054444865895,1000
2,59,26,R1,0.5497533577854674,0.6084757777846798,0.1790690497556918,0.7711088320587015,1000
2,107,28,R1,0.4802109394244463,0.4728518409426198,0.1868343865709021,0.4826689308007785,1000
2,69,29,R1,0.6694553303543412,0.7139780432044738,0.0603800911730166,0.3338203950642152,1000
3,4,5,R1,0.6297392855093656,0.7027000479304515,0.1306455441870849,0.6134118115327748,1000
3,41,15,R1,0.5348971243364404,0.5569468399294297,0.1185127931973821,0.673366362009418,1000
3,72,16,R1,0.465100764373941,0.5271093332407204,0.2639268957003474,0.4122194082537023,1000
3,75,17,R1,0.5203352059676375,0.6105046397907947,0.2759770807453372,0.5064376121596886,1000
3,68,26,R1,0.5179953751349876,0.4115401922789047,0.1968067239794458,0.5650686274986593,1000
3,56,28,R1,0.5319576049127065,0.5023188181989197,0.1974290284523405,0.4709597905156488,1000
4,103,6,R1,0.5182551853447157,0.5024466755371022,0.214142639593476,0.9085048452829616,1000
4,45,14,R1,0.5283478555358432,0.6759491025427669,0.2040832224497682,0.216256337225752,1000
4,116,21,R1,0.3663307982325804,0.3676462278081531,0.0610840916722834,0.8124783496948482,1000
4,67,27,R1,0.541655555258961,0.4818659581952014,0.2869467679206167,0.7604139539914074,1000
6,1,7,R1,0.4146575160718991,0.3501455688506049,0.316347188678306,0.3548365598892034,1000
6,25,18,R1,0.5035407603254807,0.4400758493334383,0.125536649213369,0.6163885919420735,1000
1,15,0,R2,0.5929396957267599,0.5447128037521871,0.1484185416875816,0.5778526629650647,1000
1,17,1,R2,0.7390101830546992,0.7302901175808718,0.247699826894415,0.5619759635844399,1000
1,22,2,R2,0.8182811912710798,0.9805134454231716,0.0251072330599534,0.5409414161242231,1000
1,36,3,R2,0.6634870347834887,0.6360792398973918,0.1111917104993632,0.5631906584896628,1000
1,13,6,R2,0.5816052262887154,0.5166776274968654,0.2325261226144525,0.609056347174334,1000
1,62,7,R2,0.6513707155013101,0.6959350444863673,0.2203966577616227,0.6776847697571549,1000
1,91,8,R2,0.5582182323075491,0.5620002154199315,0.136376622963183,0.6347439224596445,1000
1,87,10,R2,0.5466129263234447,0.7678916491860001,0.0429426564215406,0.0878051080569538,1000
1,10,11,R2,0.7075134445337267,0.9081244898486904,0.1867770415463853,0.3977916662684005,1000
1,26,12,R2,0.5126026524577826,0.6547963966001389,0.1228772341549518,0.3987731132953505,1000
1,3,13,R2,0.5833778271024438,0.6974145962278827,0.3159412772429794,0.8264661753452069,1000
1,84,14,R2,0.641265774941778,0.6210547539951445,0.1760516679330778,0.7799321355485427,1000
1,41,15,R2,0.5598983952902402,0.5482773419747022,0.1187203488069047,0.673366362009418,1000
1,5,16,R2,0.610799809008946,0.6812132376708007,0.2326307963116266,0.4158921471511703,1000
1,34,18,R2,0.5726995201463339,0.7698896052384792,0.120062144141145,0.439063597888557,1000
1,55,19,R2,0.6070439773703936,0.6436856043959762,0.1189585278311999,0.4876728711385252,1000
1,117,20,R2,0.6226886193789807,0.6667377345259375,0.1449197886797497,0.5626529437150214,1000
1,97,23,R2,0.6739014718138123,0.7180841542921903,0.032563961999906,0.7793677529737049,1000
1,11,24,R2,0.7741529669099382,0.94975134471122,0.1840018632747117,0.6981337513081481,1000
1,78,25,R2,0.6851232623204853,0.7357091332341539,0.2751233077487822,0.6606751347341278,1000
1,59,26,R2,0.5776539089491616,0.6084757777846798,0.1800014291083317,0.7711088320587015,1000
1,107,28,R2,0.4722785585878535,0.4728518409426198,0.1868343865709021,0.4826689308007785,1000
1,69,29,R2,0.5937450180597189,0.7139780432044738,0.0605946154386201,0.3338203950642152,1000
2,0,2,R2,0.7907511018693228,0.9289089590543576,0.0253379590657981,0.1699793572455467,1000
2,92,4,R2,0.391048674451166,0.3613194207173645,0.3876830041556544,0.4801842820575242,1000
2,4,5,R2,0.534099859820159,0.7027000479304515,0.1306455441870849,0.6134118115327748,1000
2,44,6,R2,0.5462093154498127,0.6217026487057015,0.1998509281249507,0.827578425766108,1000
2,104,7,R2,0.4508260016818657,0.4735184148947018,0.2577425939587229,0.5320859796096551,1000
2,16,9,R2,0.6074636784380977,0.8346186102911684,0.0909161386637914,0.2141923350668483,1000
2,60,10,R2,0.657640742827746,0.6981672750153189,0.0318433226933796,0.8698985847017889,1000
2,8,12,R2,0.6220757220335532,0.8039584002649284,0.1217069436108078,0.2815813803716551,1000
2,72,15,R2,0.560267072702862,0.566916142941174,0.123571093549509,0.4122194082537023,1000
2,75,17,R2,0.5912244316128402,0.6130802405805743,0.275836806691109,0.5064376121596886,1000
2,14,19,R2,0.640091167681909,0.6378568095986168,0.1318909979264204,0.3838271132819644,1000
2,38,20,R2,0.5132108345312393,0.7081732831906975,0.1575694932631317,0.5041892696054868,1000
2,54,22,R2,0.5202280435765638,0.5373488549224861,0.1008583042777839,0.4041987822903495,1000
2,61,23,R2,0.5383488785581102,0.6539701319308354,0.043645500196431,0.2416708408592723,1000
2,105,24,R2,0.5941201253505266,0.8100349908304894,0.2170981032461894,0.6701698216594183,1000
2,47,25,R2,0.5198394093616491,0.6676223913970638,0.3070213307723774,0.0817054444865895,1000
2,49,26,R2,0.5275601951993578,0.616701854269731,0.1763469391677533,0.3070608039519021,1000
2,18,29,R2,0.6465281840632088,0.7665270577352847,0.0567603338795012,0.3029024291487582,1000
3,88,9,R2,0.5085771791059805,0.5693510701031621,0.0773575769916209,0.917864327125076,1000
3,71,14,R2,0.5866247490906938,0.5573341728511978,0.1997476431746485,0.7179676335211604,1000
3,25,18,R2,0.4477956971816408,0.4759482183202502,0.1250964086756491,0.6163885919420735,1000
4,112,13,R2,0.3534595511642838,0.5338773592334551,0.3608922143312335,0.376459817789856,1000
4,12,16,R2,0.4028490191321062,0.3651920485557218,0.2776168620309731,0.5916484970098604,1000
4,80,17,R2,0.6512069343471846,0.5286928376717308,0.2800885345214959,0.5815710664324665,1000
4,99,22,R2,0.5102617080010374,0.4207947916652418,0.1118953180719094,0.8717339593490514,1000
4,67,27,R2,0.5191323581397211,0.488515575522316,0.2869333097623283,0.7604139539914074,1000
5,24,3,R2,0.3643545951709566,0.4096484177116415,0.1485611597245683,0.6410128073069619,1000
5,116,8,R2,0.3982267547628341,0.4854520315576934,0.1355100083447901,0.8124783496948482,1000
6,32,1,R2,0.4535734791894115,0.6023897351854568,0.2965778027745005,0.1961061308709639,1000
6,57,5,R2,0.4847596978997807,0.5413924094912002,0.1415812665040714,0.8090537492155264,1000
6,58,21,R2,0.468181032041207,0.5871514084566207,0.0752406081257375,0.3048054365165561,1000
1,15,0,R3,0.5510980983749549,0.5447128037521871,0.1484185416875816,0.5778526629650647,1000
1,22,2,R3,0.8442059193410397,0.9805134454231716,0.0251072330599534,0.5409414161242231,1000
1,36,3,R3,0.7185191827220557,0.6360792398973918,0.1111917104993632,0.5631906584896628,1000
1,62,5,R3,0.6463804664217399,0.7695797185266142,0.1294890520887958,0.6776847697571549,1000
1,16,9,R3,0.7039010822580389,0.8346186102911684,0.0909161386637914,0.2141923350668483,1000
1,87,10,R3,0.6214992853396868,0.7678916491860001,0.0429426564215406,0.0878051080569538,1000
1,10,11,R3,0.7126108796747057,0.9081244898486904,0.1867770415463853,0.3977916662684005,1000
1,3,13,R3,0.7300957232070987,0.6974145962278827,0.3159412772429794,0.8264661753452069,1000
1,84,14,R3,0.6454269743132284,0.6210547539951445,0.1760516679330778,0.7799321355485427,1000
1,41,15,R3,0.5749039167920517,0.5482773419747022,0.1187203488069047,0.673366362009418,1000
1,5,16,R3,0.6420104681177733,0.6812132376708007,0.2326307963116266,0.4158921471511703,1000
1,80,17,R3,0.5220563854298674,0.5235184350594041,0.2806497015436829,0.5815710664324665,1000
1,55,19,R3,0.6368194432919946,0.6436856043959762,0.1189585278311999,0.4876728711385252,1000
1,117,20,R3,0.6560805681740868,0.6667377345259375,0.1449197886797497,0.5626529437150214,1000
1,54,22,R3,0.5810601046369845,0.5373488549224861,0.1008583042777839,0.4041987822903495,1000
1,97,23,R3,0.6517192358318906,0.7180841542921903,0.032563961999906,0.7793677529737049,1000
1,11,24,R3,0.7902306883532969,0.94975134471122,0.1840018632747117,0.6981337513081481,1000
1,17,25,R3,0.6853441168840942,0.7357091332341539,0.2815386145661544,0.5619759635844399,1000
1,59,26,R3,0.5813467234392073,0.6084757777846798,0.1800014291083317,0.7711088320587015,1000
1,67,27,R3,0.4772903735665063,0.4802566346546651,0.2875712854391802,0.7604139539914074,1000
1,18,29,R3,0.668795313251356,0.7665270577352847,0.0567603338795012,0.3029024291487582,1000
2,78,1,R3,0.4659831138399801,0.4523570878497508,0.2905658395064536,0.6606751347341278,1000
2,0,2,R3,0.7559532409476055,0.9289089590543576,0.0253379590657981,0.1699793572455467,1000
2,44,6,R3,0.5076343646218299,0.6232780750572571,0.1997603359251303,0.827578425766108,1000
2,2,7,R3,0.5008020407463838,0.5710490894729479,0.2777015242846967,0.3930510846626555,1000
2,38,8,R3,0.5909330215710549,0.6819444665373166,0.1270297999308462,0.5041892696054868,1000
2,74,9,R3,0.7817168770773495,0.7252760218725868,0.0775322613029741,0.4750688949253126,1000
2,60,10,R3,0.7024930022079837,0.6941135295364258,0.031873411271281,0.8698985847017889,1000
2,26,11,R3,0.551619618980359,0.6136116619507561,0.2376538748257879,0.3987731132953505,1000
2,8,12,R3,0.6563352007067891,0.8039584002649284,0.1215718110930543,0.2815813803716551,1000
2,29,17,R3,0.4971006451417417,0.5220966023988103,0.3005623978467309,0.5835998811123412,1000
2,110,19,R3,0.5747505500998281,0.5854154344444331,0.136192036658827,0.5294377736335583,1000
2,92,20,R3,0.5501101491438448,0.6546902562177828,0.1667568845124267,0.4801842820575242,1000
2,61,23,R3,0.5718695442226713,0.6539701319308354,0.043645500196431,0.2416708408592723,1000
2,105,24,R3,0.6324505942186107,0.8100349908304894,0.2170981032461894,0.6701698216594183,1000
2,49,26,R3,0.545438278520193,0.6305712388285879,0.173966888489788,0.3070608039519021,1000
2,35,29,R3,0.6821569665293544,0.7139780432044738,0.0540673909772138,0.2168207471850339,1000
3,1,7,R3,0.3606302786672871,0.3532402628373926,0.3130911240595272,0.3548365598892034,1000
3,91,8,R3,0.5106332010587352,0.5889332642779277,0.1341714951749049,0.6347439224596445,1000
3,45,14,R3,0.5737911591212552,0.6801553569620222,0.2037764571443405,0.216256337225752,1000
3,72,15,R3,0.4982004892091229,0.5751004293562604,0.1159957258158536,0.4122194082537023,1000
3,34,18,R3,0.6426327242341102,0.7830558949223179,0.1185354285652247,0.439063597888557,1000
3,58,21,R3,0.4257410433071637,0.5611803520299985,0.0754905585459485,0.3048054365165561,1000
3,47,25,R3,0.5179774676731692,0.682352497561951,0.2762658098736112,0.0817054444865895,1000
4,25,3,R3,0.4977883981639964,0.4029506036069085,0.1363727077964597,0.6163885919420735,1000
4,4,5,R3,0.5644380197180615,0.7027000479304515,0.1306455441870849,0.6134118115327748,1000
5,89,0,R3,0.3686269419402271,0.4802510842013439,0.1750336991146363,0.5667263427834139,1000
5,103,6,R3,0.5361480942199529,0.5142309146670814,0.2008182979124638,0.9085048452829616,1000
5,56,13,R3,0.4163536826795943,0.4467347314687847,0.385937728549181,0.4709597905156488,1000
5,99,22,R3,0.3674367472506112,0.4350538811913036,0.1096084198195063,0.8717339593490514,1000
6,19,4,R3,0.4075177342022393,0.5045214894946062,0.37317655841526,0.4847936901999605,1000
6,12,16,R3,0.4370575004478978,0.3795671208124698,0.2765767070642061,0.5916484970098604,1000
1,12,1,R0,0.913734515930373,0.9324459321908016,0.0502916248306201,0.6754012084453527,1001
1,52,3,R0,0.5917257281228967,0.4256481354103623,0.2741868119418653,0.8387412664902455,1001
1,57,4,R0,0.739309513898577,0.5834218596885458,0.1140382855199303,0.8842068627416818,1001
1,8,5,R0,0.6506192481902336,0.5119930166866262,0.4163373426910998,0.7858937130676387,1001
1,43,6,R0,0.6718249596689152,0.6366665010877282,0.1693825964841598,0.8037121305400184,1001
1,112,7,R0,0.6859670845422071,0.639606390989339,0.3117834390451474,0.3015050831139598,1001
1,53,8,R0,0.5320101732690241,0.3398501940060215,0.2216015050812484,0.580772306682463,1001
1,1,9,R0,0.6961415280454144,0.8170418112270517,0.2733216386193728,0.5918235948001449,1001
1,16,10,R0,0.8270628314727967,0.7542705034679974,0.0494903141894769,0.3429766998248161,1001
1,22,11,R0,0.680236737717556,0.708619262013641,0.2580285267949862,0.0862070584955047,1001
1,92,13,R0,0.6194491064682934,0.4689229905514362,0.1915900235630075,0.6760055946908832,1001
1,81,14,R0,0.4754085836153885,0.4353634428710738,0.3134442581124019,0.5622417175541455,1001
1,100,15,R0,0.6826204082466666,0.6845548116864435,0.1735098281905506,0.6198905479625525,1001
1,9,16,R0,0.724172041754878,0.8680168890959561,0.1720499223944689,0.7448270628220994,1001
1,23,17,R0,0.7610869268145817,0.953302446746922,0.1828917182921981,0.6865441318710194,1001
1,42,18,R0,0.5770104798733073,0.5711752826195093,0.205142936810747,0.453753087051472,1001
1,86,19,R0,0.5942859804706571,0.4019778596477347,0.0942829878885072,0.5046972511436786,1001
1,44,20,R0,0.796856909006944,0.8923911241809949,0.1577893048127234,0.5198968559776213,1001
1,54,21,R0,0.8134156279714571,0.8954001730070619,0.0546596780485783,0.5581104279506434,1001
1,109,23,R0,0.8152393002908882,0.926484199745131,0.2114953968052824,0.2148367873673339,1001
1,27,24,R0,0.6602640676956102,0.6024240630229851,0.1889509085798284,0.7506167517849741,1001
1,84,26,R0,0.8027328058028341,1.0,0.1554833415714811,0.4608078334230375,1001
1,63,27,R0,0.7806658159652684,0.7536361741745996,0.1005777407926282,0.6948428313766061,1001
1,96,28,R0,0.5226613937779385,0.5412454280217037,0.1707887564146236,0.1610028386885693,1001
1,45,29,R0,0.4044670419821555,0.4061615791606948,0.2281974910884181,0.3831150398306236,1001
2,41,0,R0,0.4422687780131768,0.4462858956224971,0.1849195227608482,0.8232561381970593,1001
2,17,1,R0,0.5842147703504539,0.6416409995321299,0.054537919958302,0.7549953748291846,1001
2,89,4,R0,0.4959329147774874,0.5335034172755679,0.1165437419966049,0.1393646005976876,1001
2,66,5,R0,0.5697913161516647,0.3565055268302746,0.4373304650478156,0.167434882376714,1001
2,67,7,R0,0.6130300848065635,0.4759761275201482,0.335881215369779,0.6740116958611498,1001
2,20,10,R0,0.8378164835238865,0.7518516697529243,0.049626136470342,0.5810199639577595,1001
2,61,15,R0,0.6127788859462033,0.4899470108586715,0.1838998982605725,0.29432256565477,1001
2,5,16,R0,0.5656847989262389,0.7674151284486166,0.1786860267348501,0.3048497313912047,1001
2,82,17,R0,0.7118515934885131,0.8635532505013115,0.1852195935799522,0.3447337371851287,1001
2,78,19,R0,0.5644850853533957,0.4053319322154562,0.0944743331544396,0.9613939180337632,1001
2,37,21,R0,0.6530553356357934,0.6304422959033841,0.0596268553360725,0.5009947767544722,1001
2,99,22,R0,0.6518069285970622,0.7667989553447236,0.2841162544418009,0.2632395248385556,1001
2,3,23,R0,0.6625011672737157,0.6348783833105456,0.2318487006135995,0.3934957116023369,1001
2,74,26,R0,0.5079225435093386,0.3993375322415876,0.1789745550293313,0.3523098429479383,1001
2,85,27,R0,0.6767605296952971,0.7584357112033456,0.1006600366838657,0.8289092931212645,1001
2,58,28,R0,0.523554747089693,0.3888328765555858,0.1782685852305922,0.4034282535616367,1001
3,108,0,R0,0.4904828887687626,0.7058038421030151,0.1745272407168774,0.2693215418815766,1001
3,87,6,R0,0.4092368877298635,0.2883530356359272,0.1879408694146945,0.2103189656625765,1001
3,88,9,R0,0.5853654290653151,0.6051129060232947,0.2957460265619911,0.246026522732204,1001
3,56,13,R0,0.4963492648440427,0.529784967051264,0.1903857552537992,0.1300579273929822,1001
3,15,20,R0,0.5180848631236237,0.5390841389499907,0.1759560459810522,0.335133519205754,1001
3,79,22,R0,0.5621192928115513,0.3152213593356359,0.3290046521694467,0.7144636847240707,1001
3,70,25,R0,0.4705191671428707,0.3957208923146509,0.3725188962507776,0.4109295010814426,1001
4,18,2,R0,0.4827142873608921,0.4698303221270203,0.2373074304478159,0.6232891307352476,1001
4,0,18,R0,0.5652931655027138,0.395536632121753,0.2104010649223752,0.664694402737829,1001
4,36,24,R0,0.4759705150236266,0.4198156538375068,0.1941641219525602,0.4333649637081362,1001
4,68,25,R0,0.4112295371330832,0.3499631147266004,0.3760074265034243,0.6888618351965992,1001
4,64,29,R0,0.3315717973640553,0.4751260538955333,0.2304578357948571,0.1670395714765715,1001
5,119,2,R0,0.3995182676700804,0.4293902611866478,0.236583843898598,0.5316960964504903,1001
5,11,3,R0,0.4178751598829023,0.2615613014192194,0.2901605707526314,0.5496401360637001,1001
5,33,8,R0,0.3864019916387938,0.3044784083007172,0.2241931721034745,0.3334712674235847,1001
1,12,1,R1,0.8696575885214606,0.9324459321908016,0.0353408741692584,0.6754012084453527,1001
1,1,2,R1,0.3878614419427039,0.5192579853073576,0.1968359099210364,0.5918235948001449,1001
1,57,4,R1,0.5955554633129109,0.5834218596885458,0.0901610081699751,0.8842068627416818,1001
1,43,6,R1,0.6089632124036777,0.6366665010877282,0.1300383796351166,0.8037121305400184,1001
1,46,7,R1,0.4615999666477322,0.3986381831972486,0.289845753031423,0.4650959260948469,1001
1,68,9,R1,0.4734799839598212,0.4671134457719806,0.2527212573601275,0.6888618351965992,1001
1,20,10,R1,0.7057495992390961,0.7518516697529243,0.0400379367679857,0.5810199639577595,1001
1,81,14,R1,0.4504023904653916,0.4353634428710738,0.2639943577057511,0.5622417175541455,1001
1,100,15,R1,0.6527720314032147,0.6845548116864435,0.1486990070040418,0.6198905479625525,1001
1,9,16,R1,0.7686842150400941,0.8680168890959561,0.1298838086980345,0.7448270628220994,1001
1,23,17,R1,0.8215462679407621,0.953302446746922,0.1257754283649127,0.6865441318710194,1001
1,42,18,R1,0.4895586894096868,0.5711752826195093,0.1777076322000207,0.453753087051472,1001
1,105,19,R1,0.5445929101855508,0.6308025902438237,0.0782210492074648,0.3985277446259203,1001
1,54,21,R1,0.6704383460205708,0.8954001730070619,0.0431388371831512,0.5581104279506434,1001
1,27,22,R1,0.6413477291009789,0.7565630663143341,0.2257404664690889,0.7506167517849741,1001
1,109,23,R1,0.6659310669295022,0.926484199745131,0.1801319277706397,0.2148367873673339,1001
1,53,25,R1,0.6537984305982967,0.5530942438570338,0.2982183974852681,0.580772306682463,1001
1,84,26,R1,0.7599653281236557,1.0,0.1177199954883814,0.4608078334230375,1001
1,85,27,R1,0.6896970024382346,0.7584357112033456,0.0772431595729082,0.8289092931212645,1001
1,96,28,R1,0.480832830144307,0.5412454280217037,0.1736557863523529,0.1610028386885693,1001
1,17,29,R1,0.4411784367363678,0.434977450172564,0.1972158143971922,0.7549953748291846,1001
2,52,3,R1,0.4909990420244529,0.4256481354103623,0.2224845918091088,0.8387412664902455,1001
2,8,5,R1,0.5542635215314327,0.5119930166866262,0.3472091994703766,0.7858937130676387,1001
2,112,7,R1,0.5592731401296666,0.639606390989339,0.302365878837792,0.3015050831139598,1001
2,88,9,R1,0.5261380142824674,0.6051129060232947,0.2751225128869906,0.246026522732204,1001
2,30,10,R1,0.6742392505105123,0.7446376779239292,0.0464751195403519,0.4063582534118441,1001
2,22,11,R1,0.6003778561884511,0.708619262013641,0.2531300538459655,0.0862070584955047,1001
2,90,12,R1,0.3915595542118089,0.382800648231827,0.1245757513535653,0.6842232378470731,1001
2,92,13,R1,0.4778957689266335,0.4689229905514362,0.1685431631786607,0.6760055946908832,1001
2,5,16,R1,0.5740905483144487,0.7674151284486166,0.1729043308269962,0.3048497313912047,1001
2,82,17,R1,0.5201014644181206,0.8635532505013115,0.1925118068211777,0.3447337371851287,1001
2,0,18,R1,0.4921761820514878,0.395536632121753,0.1981936080420738,0.664694402737829,1001
2,86,19,R1,0.4523610264520257,0.4019778596477347,0.0835989134437536,0.5046972511436786,1001
2,44,20,R1,0.6957340239034264,0.8923911241809949,0.1455429101799144,0.5198968559776213,1001
2,37,21,R1,0.6189757981949461,0.6304422959033841,0.0477216078297972,0.5009947767544722,1001
2,99,22,R1,0.5504476076082749,0.7667989553447236,0.2506459778748459,0.2632395248385556,1001
2,36,24,R1,0.4291072838147585,0.4198156538375068,0.1953934605875877,0.4333649637081362,1001
2,63,27,R1,0.6802729405918283,0.7536361741745996,0.0730702296075432,0.6948428313766061,1001
2,58,28,R1,0.4405785224495543,0.3888328765555858,0.1585753044517,0.4034282535616367,1001
3,50,2,R1,0.3434285450854003,0.1647294598565067,0.2723485318356087,0.5304602619803219,1001
3,71,5,R1,0.4647443659162631,0.4987168389840325,0.3950970658016252,0.2672544740463428,1001
3,11,23,R1,0.5722296426494435,0.5543220027714975,0.1996502733954354,0.5496401360637001,1001
3,79,24,R1,0.4053635926238114,0.2416677103365001,0.1994852287424243,0.7144636847240707,1001
4,89,4,R1,0.3939379208320762,0.5388988193832287,0.1205459821470844,0.1393646005976876,1001
4,33,8,R1,0.3664644904484506,0.3044784083007172,0.2278237495250576,0.3334712674235847,1001
4,62,13,R1,0.4731173604749383,0.4527982589501724,0.1859490376640508,0.3325557694094033,1001
5,119,0,R1,0.5013601093660144,0.528021038542613,0.1756983847605919,0.5316960964504903,1001
5,15,20,R1,0.433023584453384,0.5390841389499907,0.190702432376991,0.335133519205754,1001
5,93,26,R1,0.4491183427594957,0.4552715784543932,0.1523113680332729,0.7612387180980783,1001
6,78,0,R1,0.4835867760266686,0.4855374724554023,0.1714459144959771,0.9613939180337632,1001
6,32,12,R1,0.4449826133997165,0.4344586442544091,0.1254624008341009,0.4811497455629468,1001
1,12,1,R2,0.8126941922942434,0.9324459321908016,0.0353408741692584,0.6754012084453527,1001
1,8,5,R2,0.5456230516781627,0.5119930166866262,0.3472091994703766,0.7858937130676387,1001
1,43,6,R2,0.7014321271201674,0.6366665010877282,0.1300383796351166,0.8037121305400184,1001
1,1,9,R2,0.5855726615545128,0.8170418112270517,0.2157957956619506,0.5918235948001449,1001
1,20,10,R2,0.7209513743717174,0.7518516697529243,0.0400379367679857,0.5810199639577595,1001
1,100,15,R2,0.5834888859010696,0.6845548116864435,0.1486990070040418,0.6198905479625525,1001
1,9,16,R2,0.7460944768674486,0.8680168890959561,0.1298838086980345,0.7448270628220994,1001
1,23,17,R2,0.7743044569394978,0.953302446746922,0.1257754283649127,0.6865441318710194,1001
1,78,19,R2,0.4572838074256483,0.4053319322154562,0.0813070668573747,0.9613939180337632,1001
1,54,21,R2,0.7477691561150795,0.8954001730070619,0.0431388371831512,0.5581104279506434,1001
1,27,22,R2,0.657090897683666,0.7565630663143341,0.2257404664690889,0.7506167517849741,1001
1,109,23,R2,0.6647347268004352,0.926484199745131,0.1801319277706397,0.2148367873673339,1001
1,53,25,R2,0.6129527941989614,0.5530942438570338,0.2982183974852681,0.580772306682463,1001
1,84,26,R2,0.7933803669262874,1.0,0.1177199954883814,0.4608078334230375,1001
1,85,27,R2,0.6606148872387849,0.7584357112033456,0.0772431595729082,0.8289092931212645,1001
1,96,28,R2,0.4428999293503715,0.5412454280217037,0.1736557863523529,0.1610028386885693,1001
2,17,1,R2,0.5505710725181169,0.6416409995321299,0.0413444325351187,0.7549953748291846,1001
2,52,3,R2,0.5366176879471197,0.4320800963052668,0.2219067358829289,0.8387412664902455,1001
2,57,4,R2,0.6088404306865597,0.5834218596885458,0.0901610081699751,0.8842068627416818,1001
2,69,6,R2,0.3313001385475899,0.2415633937670086,0.1705403032460606,0.7688177601685806,1001
2,112,7,R2,0.5716382832105837,0.639606390989339,0.302365878837792,0.3015050831139598,1001
2,46,10,R2,0.6437042679004876,0.6819726322789599,0.042220627723793,0.4650959260948469,1001
2,81,14,R2,0.4410168055942751,0.4353634428710738,0.2639943577057511,0.5622417175541455,1001
2,24,15,R2,0.507838005700099,0.6377223704289305,0.1557615564270019,0.4148549312453423,1001
2,5,16,R2,0.5670258012382199,0.7703634501267633,0.1729043308269962,0.3048497313912047,1001
2,82,17,R2,0.6251089795243736,0.8635532505013115,0.1925118068211777,0.3447337371851287,1001
2,42,18,R2,0.5343130809124969,0.5711752826195093,0.1776467677105045,0.453753087051472,1001
2,86,19,R2,0.4884473209262099,0.4091493514187579,0.0834336558991936,0.5046972511436786,1001
2,44,20,R2,0.7138910432395067,0.8923911241809949,0.1455429101799144,0.5198968559776213,1001
2,37,21,R2,0.5831145570035028,0.634699581020526,0.0477215240366477,0.5009947767544722,1001
2,99,22,R2,0.5566404662602609,0.771333365188126,0.2501644258886918,0.2632395248385556,1001
2,36,24,R2,0.4835105018520542,0.4198156538375068,0.1953934605875877,0.4333649637081362,1001
2,63,27,R2,0.63469200461736,0.7536361741745996,0.0730702296075432,0.6948428313766061,1001
2,58,28,R2,0.4691369972382755,0.3888328765555858,0.1585753044517,0.4034282535616367,1001
3,119,0,R2,0.431124690357672,0.5286544927168157,0.1757134505086973,0.5316960964504903,1001
3,71,5,R2,0.5368978036214382,0.5035773793950782,0.3947215379606787,0.2672544740463428,1001
3,115,7,R2,0.4862623696603405,0.4230298674003494,0.2906038088596174,0.868376492403912,1001
3,32,8,R2,0.289562531680169,0.1458551521876065,0.2287068243483065,0.4811497455629468,1001
3,68,9,R2,0.5366726676635417,0.4707468716023468,0.2526252840587777,0.6888618351965992,1001
3,22,11,R2,0.6146684733923236,0.708619262013641,0.2531300538459655,0.0862070584955047,1001
3,118,18,R2,0.5122693314523702,0.5554144854706982,0.1779480914600013,0.6136961387485163,1001
3,3,23,R2,0.5752931115600766,0.6486530544911359,0.2207583491403674,0.3934957116023369,1001
3,74,26,R2,0.4281357174870892,0.3993375322415876,0.1785721327779413,0.3523098429479383,1001
4,108,0,R2,0.493356319174078,0.7251379659904931,0.1849588447471931,0.2693215418815766,1001
4,11,25,R2,0.4881764078626472,0.418520504466819,0.3277108471095842,0.5496401360637001,1001
5,18,2,R2,0.3620927442389575,0.4850382219055306,0.2373234986437083,0.6232891307352476,1001
5,66,12,R2,0.4308558509414576,0.4627912335050355,0.1363428031656442,0.167434882376714,1001
5,45,29,R2,0.4002462845838851,0.4439083732836613,0.2036662182718072,0.3831150398306236,1001
6,41,11,R2,0.3822343169104006,0.2054812112420774,0.2858026658446095,0.8232561381970593,1001
1,41,0,R3,0.4982165041930168,0.4462858956224971,0.1565927012611769,0.8232561381970593,1001
1,12,1,R3,0.8787984522072048,0.9324459321908016,0.0353408741692584,0.6754012084453527,1001
1,57,4,R3,0.5715870229695765,0.5834218596885458,0.0901610081699751,0.8842068627416818,1001
1,8,5,R3,0.4843742632473879,0.5119930166866262,0.3472091994703766,0.7858937130676387,1001
1,43,6,R3,0.5773553903927464,0.6366665010877282,0.1300383796351166,0.8037121305400184,1001
1,112,7,R3,0.5596097040145482,0.639606390989339,0.302365878837792,0.3015050831139598,1001
1,1,9,R3,0.7365983340778313,0.8170418112270517,0.2157957956619506,0.5918235948001449,1001
1,20,10,R3,0.7196913954831843,0.7518516697529243,0.0400379367679857,0.5810199639577595,1001
1,22,11,R3,0.5571351588003594,0.708619262013641,0.2531300538459655,0.0862070584955047,1001
1,92,13,R3,0.5176799252612677,0.4689229905514362,0.1685431631786607,0.6760055946908832,1001
1,100,15,R3,0.5926802152972922,0.6845548116864435,0.1486990070040418,0.6198905479625525,1001
1,9,16,R3,0.7345004580696682,0.8680168890959561,0.1298838086980345,0.7448270628220994,1001
1,23,17,R3,0.7098098956553681,0.953302446746922,0.1257754283649127,0.6865441318710194,1001
1,42,18,R3,0.5494135365292969,0.5711752826195093,0.1777076322000207,0.453753087051472,1001
1,44,20,R3,0.604188634940626,0.8923911241809949,0.1455429101799144,0.5198968559776213,1001
1,54,21,R3,0.7986504649802469,0.8954001730070619,0.0431388371831512,0.5581104279506434,1001
1,27,22,R3,0.7455307847659525,0.7565630663143341,0.2257404664690889,0.7506167517849741,1001
1,109,23,R3,0.6772854105107838,0.926484199745131,0.1801319277706397,0.2148367873673339,1001
1,99,24,R3,0.5688993683128085,0.6386234726606843,0.1662368933108438,0.2632395248385556,1001
1,53,25,R3,0.6024978061242803,0.5530942438570338,0.2982183974852681,0.580772306682463,1001
1,84,26,R3,0.7271399031714479,1.0,0.1177199954883814,0.4608078334230375,1001
1,85,27,R3,0.716224425645041,0.7584357112033456,0.0772431595729082,0.8289092931212645,1001
2,17,1,R3,0.5870953476142147,0.6416409995321299,0.0413444325351187,0.7549953748291846,1001
2,52,3,R3,0.5210605466160797,0.4342494076650829,0.2218671916817314,0.8387412664902455,1001
2,66,5,R3,0.4854520485174378,0.3594332353772085,0.4298894804596774,0.167434882376714,1001
2,83,8,R3,0.3239470867668159,0.2343501468234977,0.2287197549904226,0.6798790134478989,1001
2,16,10,R3,0.6989125007880925,0.7567254896729622,0.0442613986380542,0.3429766998248161,1001
2,24,15,R3,0.5321736150601465,0.6377223704289305,0.1557615564270019,0.4148549312453423,1001
2,82,17,R3,0.6363423674739438,0.8635532505013115,0.1925118068211777,0.3447337371851287,1001
2,15,20,R3,0.5138757743898225,0.5390841389499907,0.190702432376991,0.335133519205754,1001
2,37,21,R3,0.6915797514905948,0.632874692332094,0.0475555612270382,0.5009947767544722,1001
2,93,26,R3,0.4841863753167597,0.4606922992956339,0.1521510792444269,0.7612387180980783,1001
2,63,27,R3,0.7282260494216461,0.7536361741745996,0.072926667016603,0.6948428313766061,1001
3,81,3,R3,0.3674959832904206,0.4218320791363141,0.2418209586604652,0.5622417175541455,1001
3,88,9,R3,0.5022997970577252,0.6051129060232947,0.2751225128869906,0.246026522732204,1001
3,62,13,R3,0.3189910495935009,0.4589761836462935,0.1851038896890115,0.3325557694094033,1001
3,59,16,R3,0.5458525019914592,0.5380270193720065,0.1782767397296651,0.2926165904023433,1001
3,11,25,R3,0.5690258011476733,0.4089349296062917,0.3290832273465855,0.5496401360637001,1001
3,58,29,R3,0.4174892733614641,0.3447580932276087,0.2134141805702716,0.4034282535616367,1001
4,67,7,R3,0.5145472772188721,0.5010361229544501,0.2732520112268013,0.6740116958611498,1001
4,3,23,R3,0.5211550512587955,0.6548696943846346,0.2172378288330503,0.3934957116023369,1001
5,117,4,R3,0.4504277475300483,0.4073806946171154,0.102375327096879,0.6090746120585167,1001
5,32,12,R3,0.3760928470863197,0.4789745768560371,0.1093259154497396,0.4811497455629468,1001
5,36,22,R3,0.4928914185473969,0.4707580872376381,0.295347956329706,0.4333649637081362,1001
6,78,0,R3,0.5071946961936378,0.4976526467033566,0.1714705131418707,0.9613939180337632,1001
6,18,2,R3,0.3700980595345395,0.4864950522434833,0.2354386762267676,0.6232891307352476,1001
6,0,18,R3,0.4850425352164303,0.4252260482354165,0.1827467079245435,0.664694402737829,1001
1,108,0,R0,0.609927101901893,0.6718994249924425,0.3369024818740812,0.1972236068148254,1002
1,97,2,R0,0.6110238170237349,0.5949677627780594,0.1336705098179694,0.6883893972409543,1002
1,112,3,R0,0.6262116312544491,0.3850195028217463,0.051858313029262,0.4867286000439992,1002
1,107,7,R0,0.5541580554692055,0.5866324565966987,0.1979750096303301,0.4400889008183716,1002
1,119,8,R0,0.6457909482137628,0.6071126232128214,0.2531442806406632,0.2207018793998317,1002
1,84,9,R0,0.6886823045280953,0.7118136957106704,0.1134494051168214,0.7002542527516196,1002
1,81,11,R0,0.6947332614408248,0.9019469398263174,0.3514803798771842,0.4705545068795357,1002
1,63,12,R0,0.5598199114596576,0.3970371634557004,0.2691719208166204,0.2049408992226351,1002
1,68,14,R0,0.8440980252701161,0.9081412590690112,0.2816016126872386,0.6195044755374963,1002
1,111,15,R0,0.7945792811662863,0.7541073177909965,0.0955473432184898,0.1175464108754248,1002
1,70,17,R0,0.580795010632162,0.4099990520871849,0.0948545818481794,0.6569192863325852,1002
1,57,18,R0,0.6806077405894831,0.7028927725825598,0.2203273918523852,0.6459080430566564,1002
1,35,19,R0,0.6650174100971552,0.7877320746172654,0.0557795263911256,0.5125903324639719,1002
1,21,20,R0,0.5636421276209737,0.3952219125645928,0.157995346388915,0.7961186212067689,1002
1,98,21,R0,0.5909558236416252,0.7132647211579595,0.226523366966554,0.3543067175907507,1002
1,47,22,R0,0.5919339211869902,0.6358618151104347,0.280607783567258,0.8016488705736329,1002
1,22,23,R0,0.8180893464969565,0.9072938526021596,0.1710007165531117,0.4857862131533476,1002
1,59,24,R0,0.7572327596779624,0.6736643557893243,0.3121944102981607,0.8144658565471418,1002
1,92,25,R0,0.5595207727838211,0.4718418602952919,0.2608237323992323,0.3219376953945453,1002
1,78,26,R0,0.7569207016219615,0.9167935542766172,0.2742806682113495,0.3986212282293337,1002
1,51,27,R0,0.912507343852523,0.9463009151662376,0.2077241365795091,0.609193666108479,1002
1,86,28,R0,0.8115491655634977,0.9528179445155782,0.1460839315242074,0.2117369559127867,1002
2,102,3,R0,0.6647671146890101,0.6369236349458498,0.0480227892234795,0.048162670079886,1002
2,118,4,R0,0.4398792115116728,0.3093662831446274,0.1549050088214318,0.4113846657717946,1002
2,24,6,R0,0.7148402662198172,0.5857141305572948,0.0721334551458373,0.5493613123968801,1002
2,38,7,R0,0.4690442344555317,0.464776220244722,0.2021418524879283,0.5480551391131007,1002
2,31,9,R0,0.5359995754765082,0.3945006317245029,0.121926396607803,0.5635716148764881,1002
2,18,10,R0,0.5134523357191205,0.3745448164514272,0.0271800624812549,0.7590627761231938,1002
2,1,13,R0,0.4558397433717351,0.2246347072492471,0.3510763938014032,0.655783913173248,1002
2,33,14,R0,0.684466983682404,0.493397809593147,0.3098228365210858,0.478092209390256,1002
2,4,15,R0,0.5992613241813801,0.521267806888225,0.1033562774812734,0.5849773488912579,1002
2,66,18,R0,0.5207678832412801,0.3379129293241598,0.2471511731559539,0.68450953598265,1002
2,28,19,R0,0.7694005694995459,0.7495088950730642,0.0560311865411972,0.3676161383791345,1002
2,23,21,R0,0.5052794386832851,0.5226493291544648,0.2384274933861616,0.0968042958470899,1002
2,115,22,R0,0.5324052088108842,0.4227734159208166,0.3011918947859284,0.6400723451883803,1002
2,9,24,R0,0.5945810914827875,0.8743725987416153,0.3012514522975325,0.2561294367543404,1002
2,40,25,R0,0.5386620244861839,0.3914296579217288,0.26905507856557,0.9115430778088628,1002
2,34,28,R0,0.7632409511965874,0.8720086624329495,0.148408230588173,0.5557785131995655,1002
3,53,0,R0,0.4485064324501366,0.566641064000941,0.3498857657609941,0.2332784075432148,1002
3,7,2,R0,0.6072731113780031,0.487178256078483,0.1395107857176042,0.5257970235021763,1002
3,41,5,R0,0.4849961239818982,0.5374975501078123,0.3198880489832825,0.3813772913724592,1002
3,39,6,R0,0.6612377304763479,0.6863787026431405,0.0700909538154921,0.6620183265530192,1002
3,15,8,R0,0.6535607920364962,0.6841355218393771,0.2556168587482864,0.2309703951401998,1002
3,46,11,R0,0.6233439333762117,0.4324607997957101,0.4109839845388356,0.7429589692664315,1002
3,14,16,R0,0.3110763502052705,0.4579470082021967,0.0923208065671632,0.2279365233169362,1002
3,89,17,R0,0.5376569211693232,0.4476162904391459,0.0937798803428218,0.5319976990003041,1002
3,65,23,R0,0.6921265817183209,0.804655623870451,0.1734689028203514,0.272564340953472,1002
3,5,27,R0,0.7139957057993248,0.6664651944628049,0.2274438283830921,0.5117730995802784,1002
4,30,5,R0,0.5555099188477697,0.4526255394839394,0.3322453184225861,0.497775188929745,1002
4,74,26,R0,0.5369601466656135,0.4735888885106987,0.3097366605761252,0.6806278981081558,1002
4,25,29,R0,0.5464929179767971,0.3568029644748696,0.2519985257338851,0.8942068589065815,1002
6,61,4,R0,0.4239539259642675,0.428587429451798,0.1485300528013485,0.659007989290104,1002
6,29,16,R0,0.5159475274936293,0.2715338729831807,0.0972393676651589,0.5560797149092775,1002
6,72,20,R0,0.4979722470142574,0.5095320792608546,0.148588510110342,0.553501695419017,1002
1,108,0,R1,0.5499907444034571,0.6718994249924425,0.3275702320898195,0.1972236068148254,1002
1,30,5,R1,0.3795153648616945,0.4525043230099774,0.3175742450916934,0.497775188929745,1002
1,59,8,R1,0.5841426274757149,0.5031912900073263,0.2100179303484345,0.8144658565471418,1002
1,84,9,R1,0.5731930223760886,0.7118136957106704,0.0896695257324866,0.7002542527516196,1002
1,81,11,R1,0.72318954713342,0.9019469398263174,0.272721944636926,0.4705545068795357,1002
1,68,14,R1,0.7461274940827668,0.9081412590690112,0.2365289744081264,0.6195044755374963,1002
1,111,15,R1,0.7367201078667621,0.7541073177909965,0.094448544187905,0.1175464108754248,1002
1,33,16,R1,0.6024159643557944,0.6935389400581581,0.0662550045993981,0.478092209390256,1002
1,36,17,R1,0.4787825694721167,0.4080615664373799,0.0812917082299168,0.6723184627247107,1002
1,57,18,R1,0.573771260406094,0.7028927725825598,0.169032494616639,0.6459080430566564,1002
1,35,19,R1,0.6661360517390599,0.7877320746172654,0.0462222266980299,0.5125903324639719,1002
1,21,20,R1,0.4619486120588428,0.3952219125645928,0.1323522811653428,0.7961186212067689,1002
1,98,21,R1,0.61037867288808,0.7132647211579595,0.2035693580310204,0.3543067175907507,1002
1,47,22,R1,0.5238547891515613,0.6358618151104347,0.2261812839849603,0.8016488705736329,1002
1,22,23,R1,0.7615925903861239,0.9072938526021596,0.131825871325576,0.4857862131533476,1002
1,119,24,R1,0.750392441525625,0.9038991086536462,0.2602989506887205,0.2207018793998317,1002
1,8,25,R1,0.5843875164900693,0.6317943879881878,0.1914980617679776,0.7026314511255483,1002
1,78,26,R1,0.67816267246115,0.9167935542766172,0.2233396487114199,0.3986212282293337,1002
1,51,27,R1,0.8669938993577737,0.9463009151662376,0.1523393837919474,0.609193666108479,1002
1,32,28,R1,0.7125728026272689,0.8983538839853243,0.1109893896009536,0.4123607441888172,1002
2,97,2,R1,0.565658755432548,0.5949677627780594,0.1201882925431303,0.6883893972409543,1002
2,102,3,R1,0.5652075501632122,0.6330251212954161,0.0483084336626884,0.048162670079886,1002
2,39,6,R1,0.584432858504167,0.6863787026431405,0.0581179915953633,0.6620183265530192,1002
2,9,8,R1,0.4963590276981965,0.7104682885180325,0.2447880388547031,0.2561294367543404,1002
2,46,11,R1,0.5297051776338455,0.4238643092258651,0.3789126597802307,0.7429589692664315,1002
2,69,14,R1,0.6188941849861315,0.6686555585389489,0.2488231107642361,0.5707178477549836,1002
2,4,15,R1,0.5240894489735204,0.5175007981597998,0.0885853352352653,0.5849773488912579,1002
2,31,16,R1,0.523144359692486,0.4905137275021017,0.0792658023107983,0.5635716148764881,1002
2,117,17,R1,0.4380958672812527,0.463567779678149,0.0827930311335414,0.4303837044640638,1002
2,28,19,R1,0.612161468529455,0.7495088950730642,0.0518432907904645,0.3676161383791345,1002
2,72,20,R1,0.5247843871878749,0.5095320792608546,0.128573844192937,0.553501695419017,1002
2,115,22,R1,0.4972038352209401,0.4227734159208166,0.2602276128985668,0.6400723451883803,1002
2,43,27,R1,0.6216171453918458,0.7542686162476206,0.1751254401167898,0.5377030834857183,1002
2,34,28,R1,0.6677348955346097,0.8720086624329495,0.1303237128211296,0.5557785131995655,1002
3,7,2,R1,0.539263114239838,0.4909806784741328,0.123288964432216,0.5257970235021763,1002
3,45,6,R1,0.5628748892882031,0.6788019558930944,0.0658212143990119,0.4030063789095999,1002
3,49,23,R1,0.5931271910333308,0.5370230483521845,0.1635948722630608,0.6389059523569037,1002
3,20,24,R1,0.5343468316559735,0.4246055772661519,0.2712194138510737,0.8010111384955719,1002
3,88,25,R1,0.5320613347448813,0.4875506392558184,0.2226012954005377,0.5679881035444573,1002
3,74,26,R1,0.5018158782665744,0.4761877277093802,0.258738583286785,0.6806278981081558,1002
4,41,5,R1,0.4802601825122837,0.5372178402739156,0.2872682292885925,0.3813772913724592,1002
4,23,21,R1,0.4769545856127107,0.5230546068863273,0.2366672743494814,0.0968042958470899,1002
5,25,10,R1,0.4306584897183378,0.418306094751963,0.0245078411205137,0.8942068589065815,1002
5,66,18,R1,0.4523150461308317,0.3379129293241598,0.2193117414091608,0.68450953598265,1002
5,18,29,R1,0.4979803216140721,0.3600426440147262,0.231223973926395,0.7590627761231938,1002
6,63,1,R1,0.4653276366075407,0.4880278699630356,0.1684862168147876,0.2049408992226351,1002
6,112,3,R1,0.3804453068121562,0.3850195028217463,0.0518084180413742,0.4867286000439992,1002
6,107,7,R1,0.5736063785901481,0.5876542595501473,0.1707003346828541,0.4400889008183716,1002
6,27,10,R1,0.2501686880854196,0.2536927279275569,0.0280849171984598,0.3461827735596073,1002
6,61,13,R1,0.4210108844499853,0.3115906106529594,0.3341332185279142,0.659007989290104,1002
1,102,3,R2,0.4797242752343883,0.6330251212954161,0.0483084336626884,0.048162670079886,1002
1,39,6,R2,0.6918075012422119,0.6863787026431405,0.0582460877256874,0.6620183265530192,1002
1,107,7,R2,0.5987107406614635,0.5866324565966987,0.1707003346828541,0.4400889008183716,1002
1,119,8,R2,0.5748402619013847,0.6071126232128214,0.2695514406977076,0.2207018793998317,1002
1,84,9,R2,0.6712891882809908,0.7118136957106704,0.0896695257324866,0.7002542527516196,1002
1,68,14,R2,0.8026637133576939,0.9081412590690112,0.2365289744081264,0.6195044755374963,1002
1,111,15,R2,0.7117845522449494,0.7541073177909965,0.094448544187905,0.1175464108754248,1002
1,33,16,R2,0.5334085564627115,0.6935389400581581,0.0662550045993981,0.478092209390256,1002
1,28,19,R2,0.6994720684229088,0.7495088950730642,0.0518432907904645,0.3676161383791345,1002
1,98,21,R2,0.5628665315249433,0.7132647211579595,0.2035693580310204,0.3543067175907507,1002
1,47,22,R2,0.6405761139347536,0.6358618151104347,0.2261812839849603,0.8016488705736329,1002
1,22,23,R2,0.7938331898991441,0.9072938526021596,0.131825871325576,0.4857862131533476,1002
1,59,24,R2,0.6087850322709987,0.6736643557893243,0.2222314738611936,0.8144658565471418,1002
1,8,25,R2,0.5382528793547217,0.6317943879881878,0.1914980617679776,0.7026314511255483,1002
1,78,26,R2,0.7093208969153254,0.9167935542766172,0.2233396487114199,0.3986212282293337,1002
1,51,27,R2,0.7242040691426633,0.9463009151662376,0.1523393837919474,0.609193666108479,1002
1,32,28,R2,0.6896025536674587,0.8983538839853243,0.1109893896009536,0.4123607441888172,1002
2,24,0,R2,0.4290259797362091,0.3884851783564697,0.3606745737188256,0.5493613123968801,1002
2,63,1,R2,0.5485951089986046,0.4880278699630356,0.1687872639652609,0.2049408992226351,1002
2,41,5,R2,0.4522661509117008,0.5349081448990475,0.2880671875912574,0.3813772913724592,1002
2,64,8,R2,0.5727077954067626,0.5512050168633336,0.2379688003586543,0.6218804234320242,1002
2,81,11,R2,0.6783331960506446,0.9019469398263174,0.272721944636926,0.4705545068795357,1002
2,69,14,R2,0.5717685239617736,0.6725955756739577,0.2488231107642361,0.5707178477549836,1002
2,4,15,R2,0.5257331089190637,0.5209254163050369,0.0885215693424179,0.5849773488912579,1002
2,36,16,R2,0.4307346510218598,0.3950004376242241,0.0805153257353111,0.6723184627247107,1002
2,70,17,R2,0.5148023759799163,0.4180068805568866,0.0832643386899022,0.6569192863325852,1002
2,57,18,R2,0.6868030627204014,0.7031185433902484,0.169032494616639,0.6459080430566564,1002
2,35,19,R2,0.7147030616575999,0.7877320746172654,0.0462222266980299,0.5125903324639719,1002
2,115,22,R2,0.4749864796989809,0.4227734159208166,0.2602276128985668,0.6400723451883803,1002
2,49,23,R2,0.6400230224573907,0.5484216366639867,0.1628955836957376,0.6389059523569037,1002
2,9,24,R2,0.5925089186120759,0.8743725987416153,0.2681929924999726,0.2561294367543404,1002
2,74,26,R2,0.5386975125937731,0.4808380884974048,0.2582016250392741,0.6806278981081558,1002
2,5,27,R2,0.7140950480574483,0.6661827522425174,0.1865102036040585,0.5117730995802784,1002
3,97,2,R2,0.5913298261576717,0.5975886907582134,0.120167969114945,0.6883893972409543,1002
3,31,9,R2,0.3681383145874706,0.4009709807620371,0.1148492565715042,0.5635716148764881,1002
3,117,11,R2,0.5186484508999776,0.5058280376991962,0.3419772711085559,0.4303837044640638,1002
3,89,17,R2,0.5047470734186283,0.4430535108644932,0.0848031436131416,0.5319976990003041,1002
3,72,20,R2,0.4991621658385182,0.5095320792608546,0.128573844192937,0.553501695419017,1002
3,92,25,R2,0.5640764776511491,0.4780002267030511,0.2329213168404557,0.3219376953945453,1002
3,27,28,R2,0.6748809061134703,0.7902560145832643,0.1339740837758511,0.3461827735596073,1002
4,108,0,R2,0.5072172691996162,0.6830404923265867,0.3265946063924938,0.1972236068148254,1002
4,73,6,R2,0.4939906138479162,0.4609023810299996,0.0597687307557497,0.8076853925314539,1002
4,25,10,R2,0.3756455641808764,0.4292619049200482,0.0245342542990423,0.8942068589065815,1002
4,60,13,R2,0.4543218211417872,0.2481531452475556,0.3316121353284894,0.8195043768089718,1002
4,23,21,R2,0.5131594603454874,0.525579355521619,0.2363121713624101,0.0968042958470899,1002
5,7,2,R2,0.4353360399813516,0.487178256078483,0.1234674753494308,0.5257970235021763,1002
5,61,4,R2,0.456971842391579,0.4374962571890335,0.1309401617888001,0.659007989290104,1002
6,66,18,R2,0.4369007859554036,0.3630062617764529,0.2177276837071015,0.68450953598265,1002
1,7,2,R3,0.4783508800867069,0.487178256078483,0.1234674753494308,0.5257970235021763,1002
1,45,6,R3,0.6492644230915325,0.6704269953839814,0.0662323727235793,0.4030063789095999,1002
1,113,8,R3,0.50489940856156,0.5870049578002092,0.2519613257676364,0.6194412498316456,1002
1,84,9,R3,0.6640293970782111,0.7118136957106704,0.0896695257324866,0.7002542527516196,1002
1,81,11,R3,0.6797768710331173,0.9019469398263174,0.272721944636926,0.4705545068795357,1002
1,68,14,R3,0.7778668062185383,0.9081412590690112,0.2365289744081264,0.6195044755374963,1002
1,111,15,R3,0.6200868363406172,0.7541073177909965,0.094448544187905,0.1175464108754248,1002
1,35,19,R3,0.6203328058304943,0.7877320746172654,0.0462222266980299,0.5125903324639719,1002
1,98,21,R3,0.5202346962433195,0.7132647211579595,0.2035693580310204,0.3543067175907507,1002
1,47,22,R3,0.5647710177408555,0.6358618151104347,0.2261812839849603,0.8016488705736329,1002
1,22,23,R3,0.8111759061511017,0.9072938526021596,0.131825871325576,0.4857862131533476,1002
1,59,24,R3,0.7125627231487864,0.6736643557893243,0.2222314738611936,0.8144658565471418,1002
1,8,25,R3,0.5792755794666646,0.6317943879881878,0.1914980617679776,0.7026314511255483,1002
1,78,26,R3,0.5828526468762047,0.9167935542766172,0.2233396487114199,0.3986212282293337,1002
1,51,27,R3,0.7641016381285441,0.9463009151662376,0.1523393837919474,0.609193666108479,1002
1,32,28,R3,0.6582483033800158,0.8983538839853243,0.1109893896009536,0.4123607441888172,1002
2,108,0,R3,0.5855827856336409,0.6823443191792619,0.3035626048770755,0.1972236068148254,1002
2,97,2,R3,0.5614166379722191,0.5949677627780594,0.120305921833537,0.6883893972409543,1002
2,39,6,R3,0.6174266102912218,0.6948311867755568,0.0576244939725476,0.6620183265530192,1002
2,64,8,R3,0.5724421182803124,0.5427860299707157,0.2386965343451748,0.6218804234320242,1002
2,31,9,R3,0.4977469661605299,0.3989016491685478,0.1150379053782173,0.5635716148764881,1002
2,46,11,R3,0.5210187708134169,0.4238643092258651,0.3789126597802307,0.7429589692664315,1002
2,76,14,R3,0.5692826367561409,0.751516633760486,0.2292674302547916,0.5430896108687719,1002
2,4,15,R3,0.5234814144954959,0.5431340162775448,0.0795019848137858,0.5849773488912579,1002
2,33,16,R3,0.6136444035868269,0.6935389400581581,0.0662550045993981,0.478092209390256,1002
2,57,18,R3,0.6403717232487937,0.7028927725825598,0.169032494616639,0.6459080430566564,1002
2,28,19,R3,0.6919311069284606,0.7495088950730642,0.0518432907904645,0.3676161383791345,1002
2,72,20,R3,0.5341388632609626,0.5095320792608546,0.128573844192937,0.553501695419017,1002
2,23,21,R3,0.4969199606837246,0.5236161544710911,0.2367063196333044,0.0968042958470899,1002
2,65,23,R3,0.5067677804629702,0.804655623870451,0.1640522118053075,0.272564340953472,1002
2,119,24,R3,0.7475035397116858,0.9153839226542156,0.2549572586256604,0.2207018793998317,1002
2,74,26,R3,0.5201449678176283,0.4932520745372047,0.2373874930908616,0.6806278981081558,1002
2,43,27,R3,0.6307786642583028,0.7635291746353139,0.1740503282907276,0.5377030834857183,1002
2,34,28,R3,0.6364962954825998,0.8720086624329495,0.1297421804463925,0.5557785131995655,1002
3,41,5,R3,0.4555265742225538,0.5349081448990475,0.2880671875912574,0.3813772913724592,1002
3,107,7,R3,0.5159419379951192,0.5866324565966987,0.1707003346828541,0.4400889008183716,1002
3,89,17,R3,0.546431021968168,0.4464826757099205,0.0849413209364397,0.5319976990003041,1002
3,21,20,R3,0.4401458000876838,0.4074256955834725,0.1316620023606789,0.7961186212067689,1002
3,115,22,R3,0.5094626300790829,0.4227734159208166,0.2602276128985668,0.6400723451883803,1002
3,25,29,R3,0.3952517357573762,0.3568029644748696,0.2239221393240765,0.8942068589065815,1002
4,102,3,R3,0.5678061947762556,0.6379622134622607,0.0482627859381961,0.048162670079886,1002
4,18,10,R3,0.4443635359233661,0.3745448164514272,0.0256450249402712,0.7590627761231938,1002
4,56,18,R3,0.4675782119205758,0.3500551288667431,0.2085138126859282,0.6895965269017497,1002
4,24,29,R3,0.2861970847167294,0.133597643080127,0.2974910092619807,0.5493613123968801,1002
5,61,4,R3,0.4424867949296686,0.4419897202877105,0.1228176848466691,0.659007989290104,1002
6,70,17,R3,0.5027532153683352,0.4263625840262246,0.0832716982133645,0.6569192863325852,1002
6,92,25,R3,0.5814475416640424,0.4956147955747774,0.2296950512028659,0.3219376953945453,1002
1,84,1,R0,0.7808744882008763,0.8281127882416686,0.1814124720412438,0.4146558458481861,1003
1,26,2,R0,0.6571504580493085,0.7014107796718247,0.1254265720846799,0.1517805319677501,1003
1,111,3,R0,0.7315311546219716,0.8042823748561314,0.1138772062179396,0.598830049897742,1003
1,74,4,R0,0.5153234652860598,0.6872541267766108,0.1613776376812402,0.3331376105727233,1003
1,107,5,R0,0.7851463864366559,0.8454904534538845,0.13330295668941,0.6294571910223606,1003
1,102,6,R0,0.7348753798858024,0.6675338988866895,0.1784442065749947,0.7750037314687588,1003
1,85,7,R0,0.6322104714066161,0.71012327699022,0.3529462204401453,0.9672324739772772,1003
1,5,8,R0,0.7159838297310177,0.6746562535719174,0.1593351814048775,0.8773976932892305,1003
1,87,9,R0,0.7455689810577627,0.892725419304073,0.206966055798504,0.4584403022530078,1003
1,76,10,R0,0.8475866007892006,0.9929373392141612,0.1052242663024717,0.5697181024363891,1003
1,92,11,R0,0.509475458875551,0.2598303602542207,0.2060429541031886,0.7589750834944466,1003
1,71,12,R0,0.7087052522057493,0.6448947822134732,0.0783130259424924,0.3423685331879609,1003
1,44,14,R0,0.6123627057120146,0.5555910424660482,0.353442611585664,0.8375851954171597,1003
1,41,16,R0,0.6393123490531031,0.6248635318682623,0.2873215047887007,0.6089416727869724,1003
1,30,17,R0,0.758265215027197,0.7552601578482401,0.1837145083459762,0.0709431327315213,1003
1,65,18,R0,0.4856602905717446,0.4828331723787418,0.2043501223979139,0.8626747278886625,1003
1,34,19,R0,0.6435837219289686,0.6786704536316439,0.1753220109723023,0.4497932591194854,1003
1,37,20,R0,0.7314096654722381,0.7016263924822916,0.3415574242761113,0.5129182147594151,1003
1,8,22,R0,0.5057279905077107,0.6189115337275045,0.2912390947484308,0.6985398979410505,1003
1,66,23,R0,0.78710601610855,0.8872511567779012,0.128011392581088,0.5033439149647364,1003
1,78,24,R0,0.806928002526596,0.7617090565845249,0.0751425163802069,0.5319268371016802,1003
1,69,25,R0,0.7340830399649362,0.8839956639722678,0.1497623935773784,0.7092902716015445,1003
1,61,26,R0,0.4281043188615167,0.4493269607370918,0.3838382003081518,0.3176390303943463,1003
1,105,27,R0,0.7259906815014333,0.7283375054361283,0.0715132422973137,0.3171545026365933,1003
1,13,28,R0,0.6781593191553037,0.6355453635221211,0.0850811105721134,0.636259033440739,1003
1,56,29,R0,0.6737883024161936,0.5989337176863169,0.1884185018789912,0.3864981447070186,1003
2,21,0,R0,0.4870369934080818,0.2363699800691712,0.1810800321912709,0.4308117325374666,1003
2,18,6,R0,0.579960407056559,0.4024740835843983,0.1929143367308878,0.6561053517957937,1003
2,17,7,R0,0.373348288767031,0.2517881446709146,0.4039320230274186,0.4206137569519612,1003
2,93,8,R0,0.6605583697893621,0.6524409012102461,0.1642146817454025,0.3795485009104659,1003
2,43,9,R0,0.6202418596813226,0.7155217204563291,0.2149586839284444,0.5433352462176568,1003
2,96,10,R0,0.6535092276550158,0.6823486796184297,0.1141351221504629,0.3134551247785169,1003
2,32,11,R0,0.5240108791198955,0.3543850529258843,0.1965956321888337,0.558835202510867,1003
2,40,12,R0,0.6119587455041273,0.5469898135025066,0.0795712475544301,0.6780697872734764,1003
2,12,17,R0,0.6116344992489379,0.7811345688534701,0.1791002168201374,0.5389655230745888,1003
2,50,22,R0,0.5391261792368919,0.3005902124208589,0.3126170291422727,0.7803796188318707,1003
2,82,24,R0,0.6238486922593732,0.5578645802477628,0.0805310543452511,0.4005779212208245,1003
2,101,25,R0,0.6093180003759086,0.4694882119064699,0.1688099058694557,0.6081375133170773,1003
2,103,27,R0,0.5939745400090849,0.4196970062613434,0.0784090162010334,0.3185971344866692,1003
2,83,28,R0,0.7224888745083018,0.7012234471524277,0.0826784470040191,0.6194821257579228,1003
2,119,29,R0,0.5930967591052518,0.4909245363065364,0.1955217763557023,0.562735203036398,1003
3,80,0,R0,0.5689235744760622,0.2447543781597022,0.1809406272370494,0.8804876631334324,1003
3,104,2,R0,0.622223641373717,0.5008588222510673,0.1350631594814998,0.8176960975865297,1003
3,110,3,R0,0.476850129181066,0.508623316642252,0.1235712339525944,0.5124050853778407,1003
3,62,14,R0,0.338300336402814,0.1725904500171445,0.4005853808458234,0.3796056584510256,1003
3,109,16,R0,0.4577914476875777,0.4314110555636891,0.3055814479048561,0.4181248335819643,1003
3,31,18,R0,0.5503151804316813,0.3156848977451656,0.2184556661410815,0.4598630942811705,1003
3,55,20,R0,0.6566923330617158,0.7240253034901525,0.3366861310733285,0.3463754577225479,1003
3,4,23,R0,0.5087363819586607,0.4041929776043914,0.1483613635201513,0.5505240059185511,1003
4,64,13,R0,0.5148636842469378,0.4017353846897227,0.2200593368872738,0.605965376651568,1003
4,6,21,R0,0.5034592219467011,0.4808820028346928,0.3231765546645526,0.4676227654952034,1003
5,20,1,R0,0.5074237427920429,0.4068736005356345,0.2030984322521167,0.626996715648015,1003
5,73,15,R0,0.4624738752781506,0.5925581077654891,0.2842299205242773,0.5452909787591638,1003
5,106,19,R0,0.3674748787661964,0.2367590637175339,0.2013202574874699,0.2636449194268459,1003
5,63,21,R0,0.4755132915538539,0.4080323486110799,0.3289064424052527,0.3814994283332081,1003
6,2,13,R0,0.414457533349426,0.3433846210616884,0.2204336540020213,0.3299940415491789,1003
6,117,15,R0,0.4859986651651219,0.5521898632561524,0.2899560564971173,0.8951438475697165,1003
1,107,1,R1,0.6655958354287569,0.75469114892674,0.1691995499540042,0.6294571910223606,1003
1,28,2,R1,0.593275345119233,0.6760190442835932,0.1153714053882544,0.6375957062233735,1003
1,111,3,R1,0.7204772523014598,0.8042823748561314,0.0871108778647038,0.598830049897742,1003
1,84,5,R1,0.7118454216306311,0.8285952545548627,0.1172396424128802,0.4146558458481861,1003
1,102,6,R1,0.5936655176271604,0.6675338988866895,0.1271012939038722,0.7750037314687588,1003
1,5,8,R1,0.6665564854378545,0.6746562535719174,0.1154056145995392,0.8773976932892305,1003
1,87,9,R1,0.7040332861639321,0.892725419304073,0.1746241643770953,0.4584403022530078,1003
1,76,10,R1,0.810164660346143,0.9929373392141612,0.0833223050995127,0.5697181024363891,1003
1,13,12,R1,0.6883008850642907,0.5837996794107414,0.0642427459931602,0.636259033440739,1003
1,65,14,R1,0.6224686040988807,0.6383245236375628,0.266683176847561,0.8626747278886625,1003
1,41,16,R1,0.5656421056563797,0.6248635318682623,0.2364625497290114,0.6089416727869724,1003
1,34,19,R1,0.5985054686781326,0.6786704536316439,0.1410468085425348,0.4497932591194854,1003
1,37,20,R1,0.6012521889926327,0.7016263924822916,0.2853453566436192,0.5129182147594151,1003
1,8,22,R1,0.5407765899699067,0.6189115337275045,0.2352497690152384,0.6985398979410505,1003
1,66,23,R1,0.6795908712786219,0.8872511567779012,0.1008064293787412,0.5033439149647364,1003
1,78,24,R1,0.7167550519657351,0.7617090565845249,0.0583445118606767,0.5319268371016802,1003
1,69,25,R1,0.7512855594832792,0.8839956639722678,0.114609390257863,0.7092902716015445,1003
1,105,27,R1,0.7097256843767531,0.7283375054361283,0.0637512911120007,0.3171545026365933,1003
1,71,28,R1,0.5279982248613323,0.6667381745320387,0.0810579802779893,0.3423685331879609,1003
1,119,29,R1,0.6002044951856591,0.4909245363065364,0.1673654855644561,0.562735203036398,1003
2,26,2,R1,0.5515580251336278,0.7014107796718247,0.1261378958571555,0.1517805319677501,1003
2,98,3,R1,0.4189703410635595,0.4163654136314313,0.132989187294532,0.4830016417964873,1003
2,85,7,R1,0.6235525812987741,0.71012327699022,0.2553212143395418,0.9672324739772772,1003
2,93,8,R1,0.5156182205375267,0.6524409012102461,0.1565460412294816,0.3795485009104659,1003
2,43,9,R1,0.5384867218052064,0.7155217204563291,0.1733469185722779,0.5433352462176568,1003
2,19,11,R1,0.4942965902534195,0.4167449082648844,0.1678908480094188,0.6555315525725679,1003
2,83,12,R1,0.6241156957415138,0.6226000882752478,0.064232540572225,0.6194821257579228,1003
2,44,14,R1,0.5625404863200978,0.5587994822969844,0.2602427569603062,0.8375851954171597,1003
2,30,17,R1,0.6655594042063062,0.7552601578482401,0.1785826817406155,0.0709431327315213,1003
2,74,20,R1,0.5504466461161104,0.7580556552117067,0.3009172436314173,0.3331376105727233,1003
2,50,22,R1,0.5265446095257144,0.2966210920486062,0.2828366183599091,0.7803796188318707,1003
2,7,24,R1,0.622031897529277,0.6367314684996649,0.0721953910410455,0.4776722266626512,1003
2,118,25,R1,0.5530290706204671,0.5052486794895121,0.1422702535041487,0.5419691570428838,1003
2,40,28,R1,0.4960099679805169,0.4655294058739109,0.0696290318010513,0.6780697872734764,1003
2,56,29,R1,0.6143911453673035,0.5989337176863169,0.163618438982833,0.3864981447070186,1003
3,116,7,R1,0.3624566385339905,0.2715685437474431,0.4119112301447217,0.2141906497606254,1003
3,96,10,R1,0.5340852757019762,0.6823486796184297,0.1040823194862948,0.3134551247785169,1003
3,94,11,R1,0.4654020240915086,0.4658076334186569,0.1846234709681494,0.6703938340180546,1003
3,64,13,R1,0.4148100580947443,0.4001549100937395,0.1935917573776446,0.605965376651568,1003
3,92,15,R1,0.4378416680667861,0.3746334060546423,0.28688095983988,0.7589750834944466,1003
3,109,16,R1,0.4574098617317444,0.4338783904605281,0.2849346816708684,0.4181248335819643,1003
3,12,17,R1,0.6137769843666071,0.7811345688534701,0.1558288044515362,0.5389655230745888,1003
3,62,27,R1,0.4819192448283002,0.5737101407258187,0.0668265131620646,0.3796056584510256,1003
5,20,5,R1,0.4759025594684283,0.4067635977143707,0.1348950491324813,0.626996715648015,1003
6,79,6,R1,0.3783378881086233,0.4365145344508296,0.180168364914262,0.6116803580170068,1003
1,84,1,R2,0.6776341132131951,0.8281127882416686,0.1576157892440413,0.4146558458481861,1003
1,111,3,R2,0.7392566403414029,0.8042823748561314,0.0871108778647038,0.598830049897742,1003
1,74,4,R2,0.5701316916587053,0.6872541267766108,0.1361850359337637,0.3331376105727233,1003
1,107,5,R2,0.6496486316879239,0.8454904534538845,0.1153692251002424,0.6294571910223606,1003
1,102,6,R2,0.6478782658198312,0.6675338988866895,0.1271012939038722,0.7750037314687588,1003
1,85,7,R2,0.5486329093664422,0.71012327699022,0.2553212143395418,0.9672324739772772,1003
1,5,8,R2,0.6061199882256133,0.6746562535719174,0.1154056145995392,0.8773976932892305,1003
1,87,9,R2,0.7040332861639321,0.892725419304073,0.1746241643770953,0.4584403022530078,1003
1,76,10,R2,0.810164660346143,0.9929373392141612,0.0833223050995127,0.5697181024363891,1003
1,22,11,R2,0.4223279809320902,0.4716966568970379,0.1747791699530639,0.5815025312912027,1003
1,40,12,R2,0.6315726178088132,0.5469898135025066,0.0667998603156567,0.6780697872734764,1003
1,65,14,R2,0.6608839436274456,0.6383245236375628,0.266683176847561,0.8626747278886625,1003
1,117,15,R2,0.511801581426723,0.5442903561494563,0.234029374743297,0.8951438475697165,1003
1,41,16,R2,0.5294886014755819,0.6248635318682623,0.2364625497290114,0.6089416727869724,1003
1,30,17,R2,0.6289042198547864,0.7552601578482401,0.1785919652905435,0.0709431327315213,1003
1,34,19,R2,0.5651106393493077,0.6786704536316439,0.1410468085425348,0.4497932591194854,1003
1,73,20,R2,0.5414352400461478,0.7798695534362252,0.2762145684063844,0.5452909787591638,1003
1,66,23,R2,0.738361820868933,0.8872511567779012,0.1008064293787412,0.5033439149647364,1003
1,78,24,R2,0.6642785686296224,0.7617090565845249,0.0583445118606767,0.5319268371016802,1003
1,69,25,R2,0.7911275684288466,0.8839956639722678,0.114609390257863,0.7092902716015445,1003
1,105,27,R2,0.6744407189001403,0.7283375054361283,0.0637512911120007,0.3171545026365933,1003
1,83,28,R2,0.7132886996166754,0.6947092434199845,0.0717377085111403,0.6194821257579228,1003
1,56,29,R2,0.5521419455954099,0.5989337176863169,0.163618438982833,0.3864981447070186,1003
2,26,2,R2,0.6286189186330748,0.7014107796718247,0.1261597381380837,0.1517805319677501,1003
2,93,8,R2,0.5591624879085004,0.6625564412503928,0.1560875130560258,0.3795485009104659,1003
2,43,9,R2,0.5627074190138596,0.7176409841185717,0.172907093152386,0.5433352462176568,1003
2,96,10,R2,0.5368784765493437,0.6826211536615492,0.1039661697124993,0.3134551247785169,1003
2,94,11,R2,0.4449500348294972,0.4670379230067757,0.1844494208304961,0.6703938340180546,1003
2,112,12,R2,0.638480668790218,0.6273596447897343,0.062583312867118,0.7656795355867825,1003
2,44,14,R2,0.5715315313520749,0.5607751328574162,0.2602546739680014,0.8375851954171597,1003
2,88,15,R2,0.4118116861431011,0.4005111594546821,0.2612917312711907,0.9548001731701062,1003
2,109,16,R2,0.5047279483293263,0.4314110555636891,0.2850545161482302,0.4181248335819643,1003
2,95,17,R2,0.5147052155687529,0.4804891013295868,0.1967033292898095,0.3042298349819919,1003
2,37,20,R2,0.6036302119475032,0.703926939783794,0.2850831046396097,0.5129182147594151,1003
2,4,23,R2,0.4185003850762047,0.409658190075748,0.1398881747162345,0.5505240059185511,1003
2,7,24,R2,0.6477287744674943,0.6480373604181704,0.0723039527889604,0.4776722266626512,1003
2,118,25,R2,0.5137171906261323,0.5052486794895121,0.1419924845251511,0.5419691570428838,1003
2,13,28,R2,0.6379160469373901,0.6435869819911519,0.0622389663150445,0.636259033440739,1003
3,21,0,R2,0.3997925136246941,0.2415644128392762,0.1746795873296737,0.4308117325374666,1003
3,45,2,R2,0.5400731549239721,0.5307684370640805,0.1186244988930534,0.5634787666742963,1003
3,110,3,R2,0.4647423759888819,0.5192417448313884,0.1156501290836272,0.5124050853778407,1003
3,20,5,R2,0.4273375725990148,0.4056884384252998,0.1347980009271721,0.626996715648015,1003
3,63,21,R2,0.3715113831354824,0.4045044118178101,0.3392065207768025,0.3814994283332081,1003
3,8,22,R2,0.5796526419706509,0.6232754758278308,0.2350287390563419,0.6985398979410505,1003
3,62,27,R2,0.6221444808366269,0.5829419059649263,0.0669964116161043,0.3796056584510256,1003
3,119,29,R2,0.5677983123665564,0.4909245363065364,0.1673654855644561,0.562735203036398,1003
4,100,0,R2,0.4987027472327374,0.4378679863536699,0.1413469276800515,0.6904665396315488,1003
4,25,13,R2,0.4099134745429592,0.5787924001344971,0.1916065737084532,0.5952867650429232,1003
4,61,21,R2,0.3777818397524917,0.574551677789864,0.3232146475478047,0.3176390303943463,1003
4,50,22,R2,0.5509451299643389,0.3083656053662282,0.2816816127751576,0.7803796188318707,1003
5,18,6,R2,0.4621988833418436,0.412323118646158,0.2055144957099527,0.6561053517957937,1003
5,46,7,R2,0.3447233765306488,0.3153360583531309,0.3839480910131934,0.5542502694304438,1003
5,89,18,R2,0.384580103056184,0.4080290385364782,0.1693498520628327,0.8503254350136187,1003
1,107,1,R3,0.6928754220265051,0.75469114892674,0.1691995499540042,0.6294571910223606,1003
1,104,2,R3,0.5385817616712647,0.5008588222510673,0.1120468374793204,0.8176960975865297,1003
1,111,3,R3,0.6902622147601912,0.8042823748561314,0.0871108778647038,0.598830049897742,1003
1,74,4,R3,0.5408659267401046,0.6872541267766108,0.1361850359337637,0.3331376105727233,1003
1,102,6,R3,0.7025360481592428,0.6675338988866895,0.1271012939038722,0.7750037314687588,1003
1,85,7,R3,0.590920873292285,0.71012327699022,0.2553212143395418,0.9672324739772772,1003
1,5,8,R3,0.6822846562686906,0.6746562535719174,0.1154056145995392,0.8773976932892305,1003
1,87,9,R3,0.6647449762410352,0.892725419304073,0.1746241643770953,0.4584403022530078,1003
1,76,10,R3,0.7548591671111566,0.9929373392141612,0.0833223050995127,0.5697181024363891,1003
1,112,12,R3,0.6425573049868013,0.6273596447897343,0.062583312867118,0.7656795355867825,1003
1,44,14,R3,0.57583022997438,0.5555910424660482,0.2604871968408913,0.8375851954171597,1003
1,41,16,R3,0.5210439650531337,0.6248635318682623,0.2364625497290114,0.6089416727869724,1003
1,12,17,R3,0.6739425549156134,0.7788808853530698,0.1560496824979765,0.5389655230745888,1003
1,65,18,R3,0.515462752493665,0.4828331723787418,0.1743046007112526,0.8626747278886625,1003
1,73,20,R3,0.6100420002179362,0.7798695534362252,0.2762145684063844,0.5452909787591638,1003
1,66,23,R3,0.7377444755209452,0.8872511567779012,0.1008064293787412,0.5033439149647364,1003
1,78,24,R3,0.6417820796219561,0.7617090565845249,0.0583445118606767,0.5319268371016802,1003
1,69,25,R3,0.6696341526712151,0.8839956639722678,0.114609390257863,0.7092902716015445,1003
1,105,27,R3,0.6413007874538886,0.7283375054361283,0.0637512911120007,0.3171545026365933,1003
1,56,29,R3,0.6130828753636856,0.5989337176863169,0.163618438982833,0.3864981447070186,1003
2,84,1,R3,0.6575458180215145,0.8281127882416686,0.1576157892440413,0.4146558458481861,1003
2,45,2,R3,0.5226500917016709,0.5377019779940273,0.1173656388227963,0.5634787666742963,1003
2,20,6,R3,0.413024107130765,0.5045781932757225,0.1631996002789985,0.626996715648015,1003
2,109,7,R3,0.4072848289901009,0.4388761464202453,0.346468504037379,0.4181248335819643,1003
2,93,8,R3,0.5732522661571002,0.6567531265216797,0.1560241055597561,0.3795485009104659,1003
2,43,9,R3,0.6155937050871705,0.7155217204563291,0.1733469185722779,0.5433352462176568,1003
2,96,10,R3,0.57699414760539,0.6823486796184297,0.1040823194862948,0.3134551247785169,1003
2,83,12,R3,0.661777586923762,0.6226000882752478,0.064232540572225,0.6194821257579228,1003
2,30,17,R3,0.5562012033861448,0.7680311608330359,0.1750269529999124,0.0709431327315213,1003
2,34,19,R3,0.5624300571199969,0.6841498997590499,0.1402686114711686,0.4497932591194854,1003
2,55,20,R3,0.5924804183580896,0.7428045508493609,0.2949201739870851,0.3463754577225479,1003
2,118,22,R3,0.5207779973322246,0.5645901551479433,0.2448877427151514,0.5419691570428838,1003
2,7,24,R3,0.5768067573429744,0.6534152116142448,0.0661113645564882,0.4776722266626512,1003
2,62,27,R3,0.5577185829555654,0.5723274760894848,0.0670649919120379,0.3796056584510256,1003
2,13,28,R3,0.5707573868438065,0.6574457372844562,0.0570174257949303,0.636259033440739,1003
2,119,29,R3,0.5405057212009073,0.5013404762928507,0.1671205860132812,0.562735203036398,1003
3,64,13,R3,0.448932594002218,0.3998269766879166,0.193705526987169,0.605965376651568,1003
3,46,16,R3,0.3781365062825767,0.4232335170232221,0.2905896097507671,0.5542502694304438,1003
3,15,22,R3,0.506883352548622,0.3677164911177794,0.2787601586720812,0.4191062252692817,1003
3,71,28,R3,0.6586194397085087,0.6740894874648575,0.0808022888078069,0.3423685331879609,1003
4,110,3,R3,0.5522094839811512,0.5482714591166173,0.1031765262034622,0.5124050853778407,1003
4,24,4,R3,0.3385009566791764,0.3471317067602866,0.164218131457286,0.7710224064241353,1003
4,19,11,R3,0.4698419040442583,0.4295241014782001,0.1576663632537349,0.6555315525725679,1003
4,89,18,R3,0.4239851633164634,0.4106792818506973,0.1692521644063221,0.8503254350136187,1003
4,106,19,R3,0.3026367478090087,0.2339031455525834,0.2107018648424434,0.2636449194268459,1003
4,4,23,R3,0.4918155737400409,0.4211514700718798,0.1380978177740631,0.5505240059185511,1003
5,116,0,R3,0.3623956001528193,0.4536839143342311,0.1546156855095352,0.2141906497606254,1003
5,92,13,R3,0.4517515640752268,0.3444359941456741,0.2150064678539043,0.7589750834944466,1003
5,101,25,R3,0.4828901621363884,0.492519107659771,0.1451766582173369,0.6081375133170773,1003
6,50,0,R3,0.4395802105897797,0.4337391427731536,0.139181593210256,0.7803796188318707,1003
6,94,11,R3,0.4864237455360863,0.475627804280626,0.1834993098820064,0.6703938340180546,1003
6,17,14,R3,0.3607832925119989,0.2825383766633007,0.3853210289771138,0.4206137569519612,1003
1,61,0,R0,0.6294417264207707,0.5465290268373889,0.0951735081796689,0.4074997406155439,1004
1,111,1,R0,0.7766322096475629,0.636349958344582,0.3366820567062013,0.8200533167595415,1004
1,110,3,R0,0.4833288206855954,0.2699419094665684,0.1419340358688902,0.8360707828740097,1004
1,6,4,R0,0.741138213533892,0.7158557814734632,0.062970046615217,0.5765589251587229,1004
1,68,5,R0,0.6593556626994356,0.6904476661153649,0.2150011816714429,0.4434197595119392,1004
1,88,6,R0,0.6281990308786326,0.7592790227314531,0.301357538691592,0.4115484077295392,1004
1,22,7,R0,0.7704781453822561,0.7855209082540751,0.0955443118922335,0.6055615785770094,1004
1,44,8,R0,0.6888031531336464,0.6958886063500075,0.0836724439585913,0.4890453166524793,1004
1,38,9,R0,0.7663019016986667,0.7727041919835136,0.2180414005371245,0.712693249073319,1004
1,98,11,R0,0.8358999588440797,0.9808207207221282,0.2129206737342597,0.6846477479919189,1004
1,102,12,R0,0.6846564395208364,0.8648010139846409,0.2206624902311423,0.600811321964612,1004
1,86,13,R0,0.3575033856268163,0.4313498116502074,0.0700309984991215,0.7197560636987369,1004
1,3,14,R0,0.5928561220097524,0.764964568044531,0.0332873856861321,0.7258732910744552,1004
1,14,15,R0,0.7554745918921971,0.7948689978870814,0.138981820018932,0.2118717645244152,1004
1,42,16,R0,0.557233943117701,0.534274204716181,0.1672549669254291,0.2011937104000628,1004
1,46,19,R0,0.8109935479109527,0.725726108710172,0.138181860593781,0.4091799343929142,1004
1,27,20,R0,0.5685504441314719,0.483367984961259,0.2456892512368593,0.8935066310305914,1004
1,9,21,R0,0.7078101598303498,0.7902122946917619,0.2378859127253496,0.478133977464866,1004
1,87,24,R0,0.7858020473956783,0.6954803744769712,0.2914391649625683,0.6913387324479545,1004
1,50,25,R0,0.5380683431292775,0.3953040494477104,0.1153348702666405,0.8141774819098561,1004
1,115,26,R0,0.756409613810855,0.8729735891753628,0.2768376880037625,0.1921294119019432,1004
1,85,27,R0,0.5795423686643468,0.3477049057537199,0.2334881795253472,0.5546916260960523,1004
1,25,28,R0,0.6425917637324893,0.6728293563314245,0.177411401865063,0.4761885534292457,1004
1,74,29,R0,0.5805120793548713,0.4526037749801165,0.2319237688754215,0.2677180849724004,1004
2,64,0,R0,0.5748250461255016,0.4527391374712861,0.0980272253742606,0.5440841289119878,1004
2,48,2,R0,0.5666551532045714,0.6766272414250116,0.342722565355587,0.69867716309118,1004
2,34,3,R0,0.5613351232805996,0.5668344684271824,0.1284434311777657,0.3847612484992729,1004
2,91,5,R0,0.6989379682254933,0.4957807361678404,0.2292532404726815,0.5077853039891013,1004
2,4,6,R0,0.7319348172019481,0.6189332809750087,0.3094230256772597,0.7897791008202122,1004
2,66,7,R0,0.563855856288691,0.4843358783909826,0.1037115893703973,0.2112648068780785,1004
2,13,8,R0,0.7956653719777567,0.7632397610560211,0.0829902572761568,0.627602974987396,1004
2,63,10,R0,0.6443045829201571,0.908242013195184,0.3711185707910863,0.1240060881299683,1004
2,55,12,R0,0.5934948783755591,0.7993230648451748,0.2248622420499368,0.1257116398373459,1004
2,101,15,R0,0.6477192482103004,0.6062860762687334,0.1464618477273538,0.7195971259041133,1004
2,89,17,R0,0.5596431286760214,0.3453025006162762,0.2627900673436517,0.6545548717551465,1004
2,23,20,R0,0.5234789943488992,0.2859051987973259,0.2588105190510502,0.5565839544511709,1004
2,26,21,R0,0.6240774410802968,0.7088550449780968,0.2499432151385846,0.2300331756071582,1004
2,83,23,R0,0.652923971581546,0.6768079585047683,0.1481875836777259,0.2236443719908256,1004
2,108,24,R0,0.6382600352910263,0.4553543651946721,0.3098885046345658,0.6539660866269126,1004
3,95,1,R0,0.598782889534965,0.5602153028826642,0.3427294470689377,0.4625193335768571,1004
3,10,2,R0,0.4201018893172975,0.2266266857269303,0.399348109481153,0.3147557247256882,1004
3,82,4,R0,0.5596870285531182,0.4915839920971259,0.0668604925308911,0.6769057575760866,1004
3,16,9,R0,0.5102367575950332,0.6955242882907686,0.2267903394754225,0.072145176737309,1004
3,94,10,R0,0.7239152870074184,0.4827358757360702,0.4200683597676054,0.7751264854755046,1004
3,60,11,R0,0.5313414516167275,0.4423807106531077,0.2493347371842343,0.6326621025293055,1004
3,20,14,R0,0.5291379673462987,0.3811332096678221,0.0374874769938209,0.6902173920110406,1004
3,78,18,R0,0.5561897171050928,0.4097372781803082,0.14766714046718,0.6958998703514364,1004
3,71,19,R0,0.7381686227953876,0.6139682922457249,0.1405530370741972,0.3628748664348165,1004
3,51,23,R0,0.5723531173644936,0.7038110848404276,0.1461465100649973,0.2831478622793163,1004
3,59,25,R0,0.5057057160019196,0.443481064183674,0.1129697032735976,0.4975197750815802,1004
3,97,28,R0,0.369542444103941,0.115273431436232,0.2068754619873261,0.5999270075505487,1004
3,39,29,R0,0.5165832769918798,0.5757187731659614,0.2235531472453718,0.3736586954912329,1004
4,30,22,R0,0.557048528744437,0.4942898489684584,0.2797768602850851,0.1159078248215856,1004
5,40,22,R0,0.4194696015309158,0.3288191235608275,0.2895156497766528,0.8422526784530335,1004
6,92,26,R0,0.4024985720370831,0.3365907108828939,0.3222826140887688,0.5204033013041335,1004
1,61,0,R1,0.5065027111327095,0.5465290268373889,0.0858141100635004,0.4074997406155439,1004
1,111,1,R1,0.6903683050285606,0.636349958344582,0.2477213350290409,0.8200533167595415,1004
1,6,4,R1,0.5766258534140211,0.7158557814734632,0.0517425609959645,0.5765589251587229,1004
1,91,5,R1,0.6448053995520592,0.4957807361678404,0.1949955790808149,0.5077853039891013,1004
1,22,7,R1,0.7028959207492569,0.7855209082540751,0.0718775142191252,0.6055615785770094,1004
1,38,9,R1,0.7460731833026727,0.7727041919835136,0.1545275269536261,0.712693249073319,1004
1,63,10,R1,0.5945358215204731,0.908242013195184,0.2978223077247855,0.1240060881299683,1004
1,98,11,R1,0.7257139921522865,0.9808207207221282,0.1524917745052254,0.6846477479919189,1004
1,14,15,R1,0.6364781300405881,0.7948689978870814,0.1242041430912125,0.2118717645244152,1004
1,89,17,R1,0.5560439770218576,0.3453025006162762,0.2459083943858423,0.6545548717551465,1004
1,46,19,R1,0.7045062440973606,0.725726108710172,0.1240707288737559,0.4091799343929142,1004
1,23,20,R1,0.4252688206949326,0.2859051987973259,0.2562097924351816,0.5565839544511709,1004
1,9,21,R1,0.6382080472853124,0.7902122946917619,0.198918403880159,0.478133977464866,1004
1,66,22,R1,0.5413480672985753,0.5625350509260489,0.260254796657686,0.2112648068780785,1004
1,83,23,R1,0.5041003220887644,0.6768079585047683,0.1340169731623008,0.2236443719908256,1004
1,21,24,R1,0.6584347482043468,0.6523634543767527,0.2631311605058696,0.4440018311489076,1004
1,115,26,R1,0.5717246485730719,0.8729735891753628,0.2484104032976627,0.1921294119019432,1004
1,25,28,R1,0.5280206515879915,0.6728293563314245,0.147349423401212,0.4761885534292457,1004
1,39,29,R1,0.5478540947805781,0.5757187731659614,0.2014663474430024,0.3736586954912329,1004
2,69,0,R1,0.5192222383087967,0.474535833459467,0.0839746143045677,0.6112188958785848,1004
2,48,2,R1,0.600588337517522,0.6812637706251571,0.2542536202581191,0.69867716309118,1004
2,68,5,R1,0.559867656790224,0.6904476661153649,0.190523543879115,0.4434197595119392,1004
2,99,7,R1,0.37813089096696,0.4054708442535736,0.1020456153818123,0.3125619141834934,1004
2,13,8,R1,0.6252935070885306,0.7632397610560211,0.0687099449040655,0.627602974987396,1004
2,94,10,R1,0.5557517271444502,0.4827358757360702,0.3465250746780671,0.7751264854755046,1004
2,92,11,R1,0.4617406136093934,0.4557666359723611,0.230295213298755,0.5204033013041335,1004
2,102,12,R1,0.6166601302246039,0.8648010139846409,0.1817321773118059,0.600811321964612,1004
2,3,14,R1,0.7791330393512778,0.764964568044531,0.0236045548425318,0.7258732910744552,1004
2,44,16,R1,0.5725171372561434,0.7441214051227898,0.1366260197022911,0.4890453166524793,1004
2,71,19,R1,0.6243397662860086,0.613600187360307,0.1246823963151315,0.3628748664348165,1004
2,26,21,R1,0.5758542512927889,0.7088550449780968,0.22099110214291,0.2300331756071582,1004
2,41,24,R1,0.6944079628319597,0.735674235229181,0.2497131214841934,0.3439228886599793,1004
2,74,29,R1,0.4492529083894048,0.4552073583911713,0.1997176759180604,0.2677180849724004,1004
3,34,3,R1,0.4880576149475625,0.5668344684271824,0.1227545488056498,0.3847612484992729,1004
3,88,6,R1,0.612366420755535,0.7592790227314531,0.2566469878941604,0.4115484077295392,1004
3,55,12,R1,0.4955675381333232,0.8060719784904262,0.2117488434012993,0.1257116398373459,1004
3,49,14,R1,0.4210743642713619,0.4690520523121003,0.0360049702521182,0.3694874040561628,1004
3,42,16,R1,0.5109520526711526,0.534274204716181,0.1578553113647998,0.2011937104000628,1004
3,27,20,R1,0.5246285751643603,0.483367984961259,0.2025188846626624,0.8935066310305914,1004
3,51,23,R1,0.5373541220695228,0.7061770298301134,0.1525972087027965,0.2831478622793163,1004
3,85,27,R1,0.5008904531715094,0.3490924379880549,0.2061949357774933,0.5546916260960523,1004
4,95,1,R1,0.5289986418905296,0.5612611096913246,0.2976134581857039,0.4625193335768571,1004
4,4,6,R1,0.566123628082789,0.6134203232475961,0.2709377716019048,0.7897791008202122,1004
4,31,8,R1,0.5798213039482571,0.7136502607876423,0.0793748160682701,0.5450033626757296,1004
4,101,15,R1,0.5189997610222817,0.607315941360948,0.1371195044179999,0.7195971259041133,1004
4,40,22,R1,0.4126908401403568,0.3330989697103672,0.2474257912140379,0.8422526784530335,1004
5,16,9,R1,0.458563542295469,0.6916736395153662,0.1935793635633372,0.072145176737309,1004
5,78,18,R1,0.4545972392811541,0.4047118138163722,0.1275861242491449,0.6958998703514364,1004
6,97,2,R1,0.4856666962003222,0.4846062040292981,0.3383585263829048,0.5999270075505487,1004
1,61,0,R2,0.5536565053578488,0.5465290268373889,0.0858141100635004,0.4074997406155439,1004
1,111,1,R2,0.6773162547980277,0.636349958344582,0.2477213350290409,0.8200533167595415,1004
1,68,2,R2,0.6006330093380341,0.7150435438643634,0.3145866679840492,0.4434197595119392,1004
1,6,4,R2,0.6489140512082534,0.7158557814734632,0.0517425609959645,0.5765589251587229,1004
1,91,5,R2,0.5992886621878845,0.4957807361678404,0.1949955790808149,0.5077853039891013,1004
1,88,6,R2,0.6154224235982649,0.7592790227314531,0.256900242034322,0.4115484077295392,1004
1,22,7,R2,0.7069667807377644,0.7855209082540751,0.0718775142191252,0.6055615785770094,1004
1,13,8,R2,0.6748610133130067,0.7632397610560211,0.0687857384797996,0.627602974987396,1004
1,38,9,R2,0.6707526978085021,0.7727041919835136,0.1545275269536261,0.712693249073319,1004
1,63,10,R2,0.6096494815642867,0.908242013195184,0.2978223077247855,0.1240060881299683,1004
1,98,11,R2,0.8246688664793184,0.9808207207221282,0.1524917745052254,0.6846477479919189,1004
1,102,12,R2,0.6903271310617878,0.8648010139846409,0.1817321773118059,0.600811321964612,1004
1,14,15,R2,0.6608686890066728,0.7948689978870814,0.1242041430912125,0.2118717645244152,1004
1,44,16,R2,0.5256056318321942,0.7441214051227898,0.1366260197022911,0.4890453166524793,1004
1,89,17,R2,0.4683043289812795,0.3453025006162762,0.2459083943858423,0.6545548717551465,1004
1,46,19,R2,0.7613973969642471,0.725726108710172,0.1240707288737559,0.4091799343929142,1004
1,27,20,R2,0.4756174724223933,0.483367984961259,0.2025188846626624,0.8935066310305914,1004
1,9,21,R2,0.6413117810201246,0.7902122946917619,0.198918403880159,0.478133977464866,1004
1,115,23,R2,0.6195341441428556,0.6911139927881798,0.1447559790469553,0.1921294119019432,1004
1,41,24,R2,0.6600630585782411,0.735674235229181,0.2497131214841934,0.3439228886599793,1004
1,83,26,R2,0.5763829040962927,0.7868063881874385,0.249929286586573,0.2236443719908256,1004
1,25,28,R2,0.5857332394672145,0.6728293563314245,0.147349423401212,0.4761885534292457,1004
1,39,29,R2,0.4416964626763103,0.5757187731659614,0.2014663474430024,0.3736586954912329,1004
2,95,1,R2,0.5397062647639186,0.5602153028826642,0.2976134581857039,0.4625193335768571,1004
2,97,2,R2,0.6038611291660481,0.4846062040292981,0.3384421178557804,0.5999270075505487,1004
2,4,6,R2,0.5961886492052733,0.6114976408195738,0.2720687029051215,0.7897791008202122,1004
2,31,8,R2,0.5796105949699173,0.7136502607876423,0.0793748160682701,0.5450033626757296,1004
2,16,9,R2,0.5210322862783571,0.6916736395153662,0.1935793635633372,0.072145176737309,1004
2,94,10,R2,0.5799113393020322,0.4867689832925137,0.3462674736555095,0.7751264854755046,1004
2,3,14,R2,0.6681191494665355,0.764964568044531,0.0236045548425318,0.7258732910744552,1004
2,42,16,R2,0.5206755664543133,0.5416722492292376,0.1576182493077123,0.2011937104000628,1004
2,71,19,R2,0.5061009472886799,0.613600187360307,0.1246823963151315,0.3628748664348165,1004
2,26,21,R2,0.5937253913141094,0.7135408847625273,0.2204302219003952,0.2300331756071582,1004
2,87,24,R2,0.6969908957029062,0.6954803744769712,0.2256350288840935,0.6913387324479545,1004
2,93,27,R2,0.3566908396876194,0.3006710679718226,0.2387944051144381,0.4229467457540959,1004
3,69,0,R2,0.5908007660852272,0.4805855621696095,0.0837527780349428,0.6112188958785848,1004
3,55,12,R2,0.595388863737037,0.8058092064743845,0.211290464145353,0.1257116398373459,1004
3,101,15,R2,0.5579273783985326,0.6112598639293154,0.1371481286018776,0.7195971259041133,1004
3,51,23,R2,0.4952399949810129,0.7038110848404276,0.1529925774363571,0.2831478622793163,1004
4,82,4,R2,0.5366833176733511,0.5062121110882114,0.0566298182708003,0.6769057575760866,1004
4,10,5,R2,0.4225687716453373,0.4784728313774495,0.2198762993571806,0.3147557247256882,1004
4,79,25,R2,0.4174870841181741,0.5262464871014089,0.1199752839405406,0.1155173122745305,1004
4,85,27,R2,0.4624992645558053,0.3550608284713431,0.205840652516196,0.5546916260960523,1004
5,34,3,R2,0.4115889832262397,0.583315083189087,0.1225663479332082,0.3847612484992729,1004
5,66,7,R2,0.5028250430948352,0.4963970416991521,0.1044685452512466,0.2112648068780785,1004
5,72,11,R2,0.5234096362541495,0.6851327450932336,0.2299814752377489,0.221949369205517,1004
5,20,14,R2,0.530844656388475,0.3956078874956976,0.0322034067970863,0.6902173920110406,1004
5,74,29,R2,0.4234058125773657,0.4574163351424388,0.1993796946184365,0.2677180849724004,1004
6,78,18,R2,0.5351178675098075,0.4258664187443131,0.126739972865888,0.6958998703514364,1004
6,23,20,R2,0.4328049240043523,0.2880031861735826,0.2562097924351816,0.5565839544511709,1004
6,30,22,R2,0.4263243518485943,0.509507168740952,0.2696154886130154,0.1159078248215856,1004
6,50,25,R2,0.502420032325934,0.4248858967631209,0.106543350274214,0.8141774819098561,1004
1,48,2,R3,0.5978683709777428,0.6766272414250116,0.2544898453718903,0.69867716309118,1004
1,6,4,R3,0.5800128766692724,0.7158557814734632,0.0517425609959645,0.5765589251587229,1004
1,14,5,R3,0.6495852771896946,0.8975604673854236,0.1763407481074589,0.2118717645244152,1004
1,22,7,R3,0.685103896538827,0.7855209082540751,0.0718775142191252,0.6055615785770094,1004
1,44,8,R3,0.6430821346401122,0.6958886063500075,0.0701619157175721,0.4890453166524793,1004
1,38,9,R3,0.7471524754576324,0.7727041919835136,0.1545275269536261,0.712693249073319,1004
1,94,10,R3,0.5887598237646989,0.4827358757360702,0.3465250746780671,0.7751264854755046,1004
1,98,11,R3,0.7834628347724032,0.9808207207221282,0.1524917745052254,0.6846477479919189,1004
1,55,12,R3,0.5881988338243757,0.7993230648451748,0.212118476556641,0.1257116398373459,1004
1,101,15,R3,0.5081003060263973,0.6062860762687334,0.1374523019053052,0.7195971259041133,1004
1,2,18,R3,0.4324657563091422,0.5204404065958246,0.1496238771585103,0.1664019897757636,1004
1,46,19,R3,0.5981366904795262,0.725726108710172,0.1240707288737559,0.4091799343929142,1004
1,27,20,R3,0.4610767252177662,0.483367984961259,0.2025188846626624,0.8935066310305914,1004
1,9,21,R3,0.7294259734619225,0.7902122946917619,0.198918403880159,0.478133977464866,1004
1,83,23,R3,0.5311816635564359,0.6768079585047683,0.1340169731623008,0.2236443719908256,1004
1,87,24,R3,0.6890795149393777,0.6954803744769712,0.2256350288840935,0.6913387324479545,1004
1,115,26,R3,0.6467534866805156,0.8729735891753628,0.2484104032976627,0.1921294119019432,1004
2,8,0,R3,0.5808977348106839,0.4721070994538868,0.0828135071299707,0.5108017756262537,1004
2,111,1,R3,0.6747316460015729,0.636349958344582,0.2477213350290409,0.8200533167595415,1004
2,34,3,R3,0.5329668137560789,0.5855592697260035,0.1129852081464975,0.3847612484992729,1004
2,82,4,R3,0.5218616019102854,0.5010354440488354,0.0562868524726001,0.6769057575760866,1004
2,68,5,R3,0.5784495898598014,0.6904476661153649,0.190523543879115,0.4434197595119392,1004
2,88,6,R3,0.6405290500495107,0.7592790227314531,0.256900242034322,0.4115484077295392,1004
2,16,9,R3,0.5847067976880499,0.6969513453643457,0.1923558922563757,0.072145176737309,1004
2,63,10,R3,0.5629640373275292,0.908242013195184,0.2978223077247855,0.1240060881299683,1004
2,92,11,R3,0.5272168636485565,0.4633751287161229,0.2291989988544643,0.5204033013041335,1004
2,102,12,R3,0.6333428282247301,0.8699929063858443,0.1805438766020798,0.600811321964612,1004
2,42,13,R3,0.5208921021641784,0.478876973919359,0.0650696549103329,0.2011937104000628,1004
2,3,14,R3,0.7775775748511451,0.7658068890828134,0.0235728997845803,0.7258732910744552,1004
2,97,15,R3,0.469321285454384,0.4329220909073247,0.1368241331753369,0.5999270075505487,1004
2,26,18,R3,0.3902308931299107,0.5813170816688964,0.1294703626841414,0.2300331756071582,1004
2,71,19,R3,0.6500086388463436,0.613600187360307,0.1246823963151315,0.3628748664348165,1004
2,66,22,R3,0.5015038829412646,0.5636684489380654,0.2601059384863585,0.2112648068780785,1004
2,21,24,R3,0.5868798015126746,0.6523634543767527,0.2631311605058696,0.4440018311489076,1004
2,51,26,R3,0.5307161290295492,0.7942797034666115,0.2825036382464261,0.2831478622793163,1004
2,25,28,R3,0.5830363092543934,0.6728293563314245,0.147349423401212,0.4761885534292457,1004
3,95,1,R3,0.5076846148316553,0.5729091189441335,0.2948415318795278,0.4625193335768571,1004
3,4,6,R3,0.5976169048263908,0.647791404768774,0.2420337127663299,0.7897791008202122,1004
3,31,8,R3,0.5327863313695687,0.7440483355015194,0.0706332261415742,0.5450033626757296,1004
3,89,17,R3,0.484702527437706,0.3587712164389914,0.2260003164608805,0.6545548717551465,1004
3,30,22,R3,0.433551601703955,0.4970696116067113,0.2707433935494954,0.1159078248215856,1004
3,59,25,R3,0.4557883559639071,0.4644639308342254,0.1128444812467383,0.4975197750815802,1004
4,64,0,R3,0.5304182499841952,0.4789650308263734,0.0857433558698503,0.5440841289119878,1004
4,20,14,R3,0.4642375006215988,0.397937129331641,0.0295433520958671,0.6902173920110406,1004
4,84,20,R3,0.4487072142523232,0.3946398075680107,0.2499119155217991,0.5008703611039921,1004
4,90,21,R3,0.5629260354385576,0.4709987955505744,0.2517646787023255,0.600671831022332,1004
4,85,27,R3,0.4536049984393592,0.3521666611819887,0.2061678298044905,0.5546916260960523,1004
4,103,28,R3,0.3697838581498385,0.4886555881443699,0.1799072901940512,0.1514558759624787,1004
5,93,27,R3,0.3662613057390722,0.3006710679718226,0.2387944051144381,0.4229467457540959,1004
5,39,29,R3,0.4387835694587648,0.5941857999846001,0.1868344669357436,0.3736586954912329,1004
6,60,2,R3,0.4652700483086504,0.5584031166180294,0.296396644759054,0.6326621025293055,1004
6,17,16,R3,0.3424835951633775,0.3904706263480535,0.1693128073862561,0.5877437674152406,1004
1,37,0,R0,0.629870281648449,0.6779919225669844,0.0326473059291888,0.2550768334488711,1005
1,3,2,R0,0.7292460594376754,0.7816192682543542,0.1956228455047116,0.3711694652497787,1005
1,62,3,R0,0.4583567222055869,0.3310157537681909,0.3256114337933045,0.5277806623609334,1005
1,38,4,R0,0.6934201354125704,0.6318678106896212,0.1467568496329814,0.7426023373971989,1005
1,0,5,R0,0.7867867228289387,0.7295607821104422,0.1628038804894875,0.6284330744983642,1005
1,92,6,R0,0.7618414859495347,0.6218823096598507,0.248923410390056,0.7530295784136786,1005
1,114,7,R0,0.6038155631098441,0.5451394397901286,0.1671988402866657,0.2980531484612156,1005
1,17,8,R0,0.7962644030096362,0.6977922721940396,0.2177900404754433,0.7354577643524807,1005
1,61,9,R0,0.8413408082535291,0.6906852145037596,0.0445283651374462,0.4290397559939543,1005
1,100,10,R0,0.5866685103483359,0.6577893718477507,0.2394233532624538,0.4999807664056069,1005
1,41,11,R0,0.7771812020449076,0.8726426913133407,0.3283932590327562,0.514065805264778,1005
1,88,13,R0,0.4600268747895152,0.2927271285594769,0.3549146661841952,0.3904154696626923,1005
1,12,14,R0,0.6112033823327377,0.6184878407331764,0.3705902976687735,0.7224644697923512,1005
1,6,16,R0,0.4945634403686762,0.6689157072050267,0.1135293297337518,0.2606779572211384,1005
1,109,17,R0,0.8512603846088856,0.9031490095711268,0.0714496032194271,0.8919217726789407,1005
1,11,18,R0,0.7536738754639805,0.5976937063133776,0.0864856387344699,0.703621422239035,1005
1,30,19,R0,0.5104534003916575,0.4287736260138473,0.2740749486249102,0.5099293412593934,1005
1,54,20,R0,0.6641109784996408,0.4983371545534943,0.4397593863800955,0.4070384058035258,1005
1,15,21,R0,0.7314641526597162,0.8250042664240458,0.1797713194421715,0.7550485957051571,1005
1,107,22,R0,0.7489351207223448,0.784128412674178,0.1701776001286428,0.5747340855320519,1005
1,47,23,R0,0.6510058105452855,0.6038891796348027,0.2339223592781402,0.8967885790605743,1005
1,9,24,R0,0.7012983727632535,0.7243185822713472,0.2522313128282769,0.5814239407348033,1005
1,48,25,R0,0.7640176692813678,0.6731796196264466,0.0394817058912177,0.6028011958442064,1005
1,73,26,R0,0.4503654679975338,0.436274889113284,0.4095079806860993,0.5569808509895836,1005
1,18,27,R0,0.7389075545188936,0.7874990027752339,0.1784281284911555,0.3476078242972348,1005
1,19,28,R0,0.5585459670718722,0.6163001891341415,0.095242167130322,0.4175130911246754,1005
1,35,29,R0,0.8057149487893784,0.780823288634898,0.1002279221344906,0.2349845061427217,1005
2,52,1,R0,0.5817954326799195,0.534790852295083,0.1399951711099289,0.7100241296324801,1005
2,115,2,R0,0.6334791970689619,0.6111662858215343,0.205058571292535,0.575363294003798,1005
2,76,4,R0,0.421122716109764,0.2929722260460725,0.1615803237472046,0.2158134751899054,1005
2,81,5,R0,0.6802285406819072,0.7585068556274095,0.1595927020598856,0.5344926632338555,1005
2,74,6,R0,0.6032895287447139,0.495742240275945,0.257072462408937,0.3215747403695534,1005
2,116,7,R0,0.6084270284281871,0.5614805184400279,0.1697446287484769,0.1494633329661883,1005
2,65,9,R0,0.4994378850832141,0.4187204883683137,0.0485577596969349,0.4747660456654052,1005
2,67,10,R0,0.6095872430649935,0.677531497820431,0.2327713843969261,0.2692676338197067,1005
2,53,11,R0,0.611415106962554,0.6696550785926798,0.3640479558994804,0.6813203029714424,1005
2,32,13,R0,0.467709426014431,0.218396221218148,0.3655642619226323,0.5222431830122873,1005
2,44,15,R0,0.6139624593593453,0.7010011225748414,0.0846321558663457,0.4048032744023525,1005
2,1,16,R0,0.4067333370397884,0.2406143823395646,0.1281080862524503,0.3703843693112929,1005
2,90,17,R0,0.807830225426955,0.6665987512368678,0.0768278862004944,0.6879369158604185,1005
2,103,19,R0,0.5104229382439822,0.3594105103103316,0.2800560337602182,0.648119776638775,1005
2,20,20,R0,0.5176100559345466,0.1758139826935295,0.4886160632435898,0.509573688175449,1005
2,40,21,R0,0.6162269803342927,0.5606383768280134,0.1966527847455219,0.2140819968917458,1005
2,104,22,R0,0.5789338260148766,0.5278095401444352,0.1817361291265588,0.4865689138995596,1005
2,22,23,R0,0.5720871596368415,0.3656820158446592,0.2504648683010783,0.7726599382260322,1005
2,45,24,R0,0.56269922855375,0.4297378602991293,0.2706460918215506,0.423594026841684,1005
2,24,25,R0,0.5710674035179955,0.4476869903342377,0.042815337572592,0.4657430013579616,1005
2,13,26,R0,0.4119655205091037,0.158588930323255,0.4449835732818802,0.5944437091718502,1005
2,80,27,R0,0.6168668177837173,0.4479145602443573,0.189863879349344,0.8746675544873506,1005
2,106,29,R0,0.5488665234306364,0.4148119582599818,0.1114849439587679,0.8138673453140899,1005
3,68,0,R0,0.5999132854322516,0.3910825370243221,0.0358622579789935,0.357990616806268,1005
3,64,3,R0,0.5187158739783954,0.5260644243348938,0.3054518180328759,0.5926528655318044,1005
3,99,8,R0,0.5875937455404807,0.4824193092639292,0.2357049939959044,0.8019124348322012,1005
3,49,12,R0,0.4804629636520274,0.3896641682019249,0.2819420167114021,0.4662156284351998,1005
3,96,14,R0,0.4827159855885344,0.3428770824532857,0.398797117858887,0.7780892822790179,1005
3,2,15,R0,0.5432367197321546,0.4382489989714909,0.0907575075169288,0.7585192345099804,1005
4,108,1,R0,0.3974846679382707,0.3444381335444142,0.1517932616985415,0.6422557852366804,1005
5,97,12,R0,0.509698140025072,0.2853082226363941,0.2977164791522745,0.5492279124662365,1005
5,94,18,R0,0.4954666833467347,0.3918286354987385,0.0920130747676744,0.791480802635862,1005
5,105,28,R0,0.5363713186896046,0.4787521066261838,0.0988033919088469,0.4088779894374466,1005
1,37,0,R1,0.5253948782755409,0.6779919225669844,0.0289854881455179,0.2550768334488711,1005
1,52,1,R1,0.484248029414677,0.534790852295083,0.1159389590316117,0.7100241296324801,1005
1,109,2,R1,0.6611068479113945,0.7537408542169377,0.1407148314228387,0.8919217726789407,1005
1,38,4,R1,0.6847973567473078,0.6318678106896212,0.1115685316605149,0.7426023373971989,1005
1,0,5,R1,0.6534751292407193,0.7295607821104422,0.1355854759819712,0.6284330744983642,1005
1,92,6,R1,0.6308441099212321,0.6218823096598507,0.1978803421042305,0.7530295784136786,1005
1,114,7,R1,0.5724056520277502,0.5451394397901286,0.1496736027206125,0.2980531484612156,1005
1,17,8,R1,0.7324664299862496,0.6977922721940396,0.1910843467434069,0.7354577643524807,1005
1,61,9,R1,0.6210874511888572,0.6906852145037596,0.036390758076684,0.4290397559939543,1005
1,62,10,R1,0.6817478401890784,0.7549661205672281,0.1896876709458685,0.5277806623609334,1005
1,41,11,R1,0.7049509890710971,0.8726426913133407,0.255956692403035,0.514065805264778,1005
1,12,14,R1,0.5577723271414914,0.6184878407331764,0.2862954373203643,0.7224644697923512,1005
1,44,15,R1,0.7242497255692207,0.7010011225748414,0.0706954670827497,0.4048032744023525,1005
1,115,17,R1,0.6243357242437555,0.662627765456212,0.0628759560012417,0.575363294003798,1005
1,11,18,R1,0.6476338219222078,0.5976937063133776,0.0606512667437241,0.703621422239035,1005
1,48,20,R1,0.5145219675962089,0.3957066530849357,0.4397928898350234,0.6028011958442064,1005
1,15,21,R1,0.7630561556914193,0.8250042664240458,0.1203439940829407,0.7550485957051571,1005
1,107,22,R1,0.6302921094667902,0.784128412674178,0.1488121669615068,0.5747340855320519,1005
1,47,23,R1,0.5810473176766634,0.6038891796348027,0.1594023382976876,0.8967885790605743,1005
1,9,24,R1,0.688715186270415,0.7243185822713472,0.2055759892216506,0.5814239407348033,1005
1,18,27,R1,0.5999777118368798,0.7874990027752339,0.1717362402318723,0.3476078242972348,1005
1,19,28,R1,0.5509914599041619,0.6163001891341415,0.0943537703772341,0.4175130911246754,1005
1,35,29,R1,0.6234339161051222,0.780823288634898,0.0901942458975619,0.2349845061427217,1005
2,3,2,R1,0.593909013501233,0.7816192682543542,0.1582122435363442,0.3711694652497787,1005
2,64,3,R1,0.5174392662326808,0.5203745299927109,0.2919310942074394,0.5926528655318044,1005
2,81,5,R1,0.6139384913704432,0.7585068556274095,0.1299048916254667,0.5344926632338555,1005
2,56,6,R1,0.528995697715299,0.5253140335783926,0.2478509435368936,0.4434230999613046,1005
2,99,8,R1,0.5812877343205876,0.4796091884612126,0.2028648283834042,0.8019124348322012,1005
2,65,9,R1,0.4773422745415114,0.4173764476097887,0.0439713699486164,0.4747660456654052,1005
2,100,10,R1,0.542559540714187,0.6639805207612672,0.2030242257986848,0.4999807664056069,1005
2,2,15,R1,0.4635020266271128,0.4371800168197873,0.0808652208171741,0.7585192345099804,1005
2,90,17,R1,0.7021305744440506,0.6665987512368678,0.0593449160920546,0.6879369158604185,1005
2,54,20,R1,0.5298648579626116,0.4996042043690357,0.3960697632693906,0.4070384058035258,1005
2,40,21,R1,0.4577198150372239,0.5606383768280134,0.195207398299171,0.2140819968917458,1005
2,24,25,R1,0.4944230082106855,0.4476869903342377,0.0360015863657489,0.4657430013579616,1005
2,80,27,R1,0.5449129397311815,0.4479145602443573,0.1534671207984857,0.8746675544873506,1005
2,105,28,R1,0.4800290609720744,0.4787521066261838,0.0877803985660569,0.4088779894374466,1005
2,106,29,R1,0.45555780789701,0.4156248048130098,0.0961022590226189,0.8138673453140899,1005
3,73,3,R1,0.4611948577128333,0.491414487942422,0.2747651028163833,0.5569808509895836,1005
3,76,4,R1,0.4302714011785252,0.2929722260460725,0.1573460445693321,0.2158134751899054,1005
3,53,11,R1,0.5205359192113711,0.6737940108202145,0.3257316809582163,0.6813203029714424,1005
3,94,18,R1,0.4805085208452944,0.3865969570421207,0.0747494383640833,0.791480802635862,1005
3,104,22,R1,0.5161165661270902,0.5278095401444352,0.1605074069714756,0.4865689138995596,1005
3,45,24,R1,0.4979920361226799,0.4304341745371964,0.2515892750383037,0.423594026841684,1005
4,116,7,R1,0.5579285941710187,0.5614805184400279,0.1679097716161058,0.1494633329661883,1005
4,6,16,R1,0.4556575704845614,0.6727622100723517,0.1000618496901999,0.2606779572211384,1005
4,22,23,R1,0.5313879756834976,0.35878343545265,0.2201723612385863,0.7726599382260322,1005
5,16,25,R1,0.5461717486852599,0.4540327663978402,0.0353174204570953,0.7884111249051041,1005
6,63,13,R1,0.4188446840310096,0.4772383008056686,0.3173764207911614,0.2194012780230755,1005
6,70,26,R1,0.417628977211209,0.3759358351866586,0.387954284668859,0.5963266145291805,1005
1,37,0,R2,0.5915968088159967,0.6779919225669844,0.0289854881455179,0.2550768334488711,1005
1,52,1,R2,0.5232515952014545,0.534790852295083,0.1159389590316117,0.7100241296324801,1005
1,3,2,R2,0.7313140252449243,0.7816192682543542,0.1582122435363442,0.3711694652497787,1005
1,0,5,R2,0.7218613232637334,0.7295607821104422,0.1355854759819712,0.6284330744983642,1005
1,92,6,R2,0.6647947938786553,0.6218823096598507,0.1978803421042305,0.7530295784136786,1005
1,114,7,R2,0.4693213753841363,0.5451394397901286,0.1496736027206125,0.2980531484612156,1005
1,17,8,R2,0.5894601746227941,0.6977922721940396,0.1910843467434069,0.7354577643524807,1005
1,61,9,R2,0.6799995119352441,0.6906852145037596,0.036390758076684,0.4290397559939543,1005
1,62,10,R2,0.6348028663867866,0.7549661205672281,0.1896876709458685,0.5277806623609334,1005
1,41,11,R2,0.6959033005322365,0.8726426913133407,0.255956692403035,0.514065805264778,1005
1,63,13,R2,0.4218629408781937,0.4772383008056686,0.3173764207911614,0.2194012780230755,1005
1,12,14,R2,0.595460298176077,0.6184878407331764,0.2862954373203643,0.7224644697923512,1005
1,80,16,R2,0.3712360966666658,0.242751314566578,0.1164276136255781,0.8746675544873506,1005
1,109,17,R2,0.8849684775103014,0.9031490095711268,0.0474088633193805,0.8919217726789407,1005
1,11,18,R2,0.6253220546550373,0.5976937063133776,0.0606512667437241,0.703621422239035,1005
1,54,20,R2,0.5105765631503016,0.4983371545534943,0.3968423176065789,0.4070384058035258,1005
1,15,21,R2,0.7003098745288381,0.8250042664240458,0.1203439940829407,0.7550485957051571,1005
1,107,22,R2,0.6395379017249168,0.784128412674178,0.1488121669615068,0.5747340855320519,1005
1,44,23,R2,0.6297678840543687,0.6474358846898367,0.1874302551420651,0.4048032744023525,1005
1,9,24,R2,0.6786254507323186,0.7243185822713472,0.2055759892216506,0.5814239407348033,1005
1,48,25,R2,0.6635630363733153,0.6731796196264466,0.0335347662525098,0.6028011958442064,1005
1,35,29,R2,0.6243119449420775,0.780823288634898,0.0901942458975619,0.2349845061427217,1005
2,68,0,R2,0.44110093718439,0.3932792064784615,0.0327351655365947,0.357990616806268,1005
2,115,2,R2,0.6264809066959581,0.6134060161056493,0.1729331130693936,0.575363294003798,1005
2,81,5,R2,0.6735675800315403,0.7695268076879224,0.1298165422692684,0.5344926632338555,1005
2,99,8,R2,0.5361257162121496,0.4881091998848813,0.2020753846600141,0.8019124348322012,1005
2,100,10,R2,0.4782697763160916,0.6669217556623935,0.2028457110893385,0.4999807664056069,1005
2,53,11,R2,0.5231922783464559,0.6696550785926798,0.3265209558441865,0.6813203029714424,1005
2,94,16,R2,0.5087269020071246,0.3828989626993364,0.1047666829793445,0.791480802635862,1005
2,108,17,R2,0.7663935984606374,0.6643417887239891,0.0626496752431425,0.6422557852366804,1005
2,7,20,R2,0.456325874345153,2.5682145299299464e-10,0.5895588449933192,0.712931763984207,1005
2,84,22,R2,0.4983055732014786,0.5862532714538197,0.1514143687593638,0.4670030398555458,1005
2,47,23,R2,0.5640870638656397,0.6168232390432444,0.1589298806031203,0.8967885790605743,1005
2,113,24,R2,0.5602581016659884,0.5737242395575477,0.2555967576708674,0.3147375465577758,1005
2,24,25,R2,0.436713376444487,0.4476869903342377,0.0360015863657489,0.4657430013579616,1005
2,18,27,R2,0.556459727275976,0.7912760693869555,0.1709686255515224,0.3476078242972348,1005
2,105,28,R2,0.4662770826648267,0.4787521066261838,0.0877803985660569,0.4088779894374466,1005
3,64,3,R2,0.48016618693611,0.5273990823217273,0.2912492655592787,0.5926528655318044,1005
3,38,4,R2,0.6800258025082562,0.6361514108705298,0.1112943032145398,0.7426023373971989,1005
3,58,6,R2,0.5235544646110141,0.5507101838346347,0.2200953044509036,0.6884408099679606,1005
3,116,7,R2,0.4916005404127624,0.5709092998929124,0.1675050195134457,0.1494633329661883,1005
3,91,18,R2,0.426220094810126,0.4187546392658331,0.0858107613823015,0.3846973103014875,1005
3,40,21,R2,0.4498397468685893,0.5763900902767252,0.194586330977044,0.2140819968917458,1005
3,73,26,R2,0.4045067480652889,0.436274889113284,0.3795548217377307,0.5569808509895836,1005
3,83,27,R2,0.458974402650784,0.5690740416975391,0.1744359902718615,0.3806789247754893,1005
3,106,29,R2,0.4991620992947103,0.4148311140430724,0.0961598509826795,0.8138673453140899,1005
4,65,9,R2,0.3826365076712071,0.4234569841468845,0.0439405440647222,0.4747660456654052,1005
4,96,14,R2,0.4363415495136467,0.3682453904811985,0.3819836382491235,0.7780892822790179,1005
4,103,19,R2,0.4692173450016449,0.3713751912333468,0.2545693597518878,0.648119776638775,1005
5,2,15,R2,0.4835610867520828,0.4467239652507659,0.0806431549356847,0.7585192345099804,1005
5,97,26,R2,0.3560897991428509,0.3833043696490547,0.3635921428933669,0.5492279124662365,1005
6,14,3,R2,0.3845283038305175,0.5160465244590773,0.2850203342052581,0.4400165183522573,1005
1,37,0,R3,0.583619271018336,0.6779919225669844,0.0289854881455179,0.2550768334488711,1005
1,52,1,R3,0.5253085695585918,0.534790852295083,0.1159389590316117,0.7100241296324801,1005
1,109,2,R3,0.7451136113936062,0.7537408542169377,0.1407148314228387,0.8919217726789407,1005
1,38,4,R3,0.5596830843793654,0.6318678106896212,0.1115685316605149,0.7426023373971989,1005
1,0,5,R3,0.7344989677063614,0.7295607821104422,0.1355854759819712,0.6284330744983642,1005
1,92,6,R3,0.6321136918502996,0.6218823096598507,0.1978803421042305,0.7530295784136786,1005
1,114,7,R3,0.5881286236923122,0.5451394397901286,0.1496736027206125,0.2980531484612156,1005
1,17,8,R3,0.652192532354313,0.6977922721940396,0.1910843467434069,0.7354577643524807,1005
1,62,9,R3,0.6824165827909482,0.654606528192026,0.0372370697361259,0.5277806623609334,1005
1,61,10,R3,0.7364832616673971,0.77029431276756,0.1941738972030987,0.4290397559939543,1005
1,41,11,R3,0.6531037108057823,0.8726426913133407,0.255956692403035,0.514065805264778,1005
1,12,14,R3,0.5697600172044264,0.6184878407331764,0.2862954373203643,0.7224644697923512,1005
1,44,15,R3,0.6509864507980901,0.7010011225748414,0.0706954670827497,0.4048032744023525,1005
1,115,17,R3,0.6423000194039743,0.662627765456212,0.0628759560012417,0.575363294003798,1005
1,9,19,R3,0.4607233261622095,0.4666747258056279,0.2245317121488793,0.5814239407348033,1005
1,15,21,R3,0.8020626810242991,0.8250042664240458,0.1203439940829407,0.7550485957051571,1005
1,107,22,R3,0.6551105978737304,0.784128412674178,0.1488121669615068,0.5747340855320519,1005
1,47,23,R3,0.6381931960587841,0.6038891796348027,0.1594023382976876,0.8967885790605743,1005
1,113,24,R3,0.5108988950175094,0.5737242395575477,0.2555967576708674,0.3147375465577758,1005
1,18,27,R3,0.5425505756051515,0.7874990027752339,0.1717362402318723,0.3476078242972348,1005
1,81,28,R3,0.4745309421163212,0.5694817438759237,0.0891650550907116,0.5344926632338555,1005
1,35,29,R3,0.6075049094564134,0.780823288634898,0.0901942458975619,0.2349845061427217,1005
2,3,2,R3,0.6073284728790469,0.7824637441513043,0.1580343293227892,0.3711694652497787,1005
2,14,3,R3,0.4664391026440925,0.5192725555665505,0.283596771184581,0.4400165183522573,1005
2,39,5,R3,0.5564131092565324,0.6970441302783243,0.1625457870414281,0.4536623670183474,1005
2,116,7,R3,0.6111380000954767,0.577082497485536,0.1519598323164062,0.1494633329661883,1005
2,65,9,R3,0.5289634904496868,0.4235066800831271,0.0439666787258051,0.4747660456654052,1005
2,59,11,R3,0.5313237325606192,0.4475553162118524,0.3049383897092336,0.7562273783252136,1005
2,108,17,R3,0.6619720570989064,0.6710752539124764,0.0625653376088891,0.6422557852366804,1005
2,103,19,R3,0.3526985815651324,0.3594105103103316,0.2549303806250418,0.648119776638775,1005
2,98,20,R3,0.4866288496320399,0.3684639898787331,0.4069059420878612,0.4775082463827637,1005
2,28,21,R3,0.4493418052206151,0.3968628817034004,0.1844618080436028,0.733781667864481,1005
2,33,23,R3,0.4654557707913571,0.5250754208785897,0.2536329669417955,0.1108120903186876,1005
2,48,25,R3,0.6597733411269245,0.6731796196264466,0.0335347662525098,0.6028011958442064,1005
2,80,27,R3,0.5807964834058592,0.4479145602443573,0.1534671207984857,0.8746675544873506,1005
2,19,28,R3,0.4303778255063302,0.6163001891341415,0.0943537703772341,0.4175130911246754,1005
3,70,4,R3,0.5448289934237412,0.5141853524188993,0.1233133251008924,0.5963266145291805,1005
3,58,6,R3,0.4834168786860173,0.5551272101053502,0.2197507754196248,0.6884408099679606,1005
3,13,12,R3,0.4410585471809735,0.2878667016167329,0.2784813586654054,0.5944437091718502,1005
3,63,13,R3,0.3462980112027195,0.4883502347687936,0.3136789975697478,0.2194012780230755,1005
3,11,14,R3,0.533592516300088,0.5225922882670622,0.3352560461326929,0.703621422239035,1005
3,2,15,R3,0.5098595462055667,0.4477195700204471,0.0756458387528127,0.7585192345099804,1005
3,94,18,R3,0.4920691100073803,0.3865969570421207,0.0747494383640833,0.791480802635862,1005
3,73,26,R3,0.3673284415603535,0.436274889113284,0.3795548217377307,0.5569808509895836,1005
4,66,0,R3,0.42351705819651,0.3671285579793105,0.034251232389342,0.5133176264406043,1005
4,64,3,R3,0.4955400256058712,0.5306801537801547,0.2883530241786346,0.5926528655318044,1005
4,6,16,R3,0.4968704685584262,0.6689157072050267,0.1005769011714927,0.2606779572211384,1005
4,45,24,R3,0.4497057622197277,0.4279906110741164,0.2517089215254605,0.423594026841684,1005
5,10,8,R3,0.5039569057731806,0.5236915739660878,0.1935328401204815,0.4740928808403095,1005
5,100,10,R3,0.5479876658577364,0.6847991451429433,0.1837964524444985,0.4999807664056069,1005
5,105,18,R3,0.5494952396302135,0.4482801259221644,0.0763202685249925,0.4088779894374466,1005
5,24,25,R3,0.6311529348528129,0.4557621068237324,0.035970905100951,0.4657430013579616,1005
6,54,20,R3,0.5577091311527022,0.5109018466562807,0.3920545688732162,0.4070384058035258,1005
6,84,22,R3,0.6287996587051057,0.5918495042880219,0.1511944240544336,0.4670030398555458,1005
6,97,26,R3,0.3775110345450532,0.3833043696490547,0.3635921428933669,0.5492279124662365,1005
1,48,0,R0,0.7228283069687366,0.6509517477307576,0.2737229633794855,0.7323351354745953,1006
1,39,1,R0,0.6984163094648317,0.7526850090021638,0.2528321184373956,0.5446911137509913,1006
1,88,2,R0,0.7070506735906041,0.7458686976122753,0.1430517540144809,0.8168574006585217,1006
1,55,3,R0,0.6117539056679827,0.6016830318385096,0.1571810405629902,0.5076600064502962,1006
1,32,4,R0,0.5123832417393437,0.4902980551027261,0.2468732782247276,0.9538219788398706,1006
1,62,5,R0,0.5927878471842652,0.6852513607635234,0.2744599755875047,0.3287451908973253,1006
1,21,6,R0,0.679622056116105,0.4623365388906024,0.2250546717770654,0.7774268306944352,1006
1,101,8,R0,0.8014521828285531,0.7386017590382186,0.2879077636251606,0.637650446530704,1006
1,10,9,R0,0.7033771912434846,0.9841660159782668,0.4222600044297654,0.5202158503824785,1006
1,71,10,R0,0.6127524876514366,0.4403531949212255,0.0715739075017584,0.8952688890856682,1006
1,46,13,R0,0.7789929632718348,0.6618414170629578,0.0509849112274823,0.905536411485139,1006
1,111,14,R0,0.5877816147697666,0.5960505953358382,0.2762788247940426,0.3609544774072731,1006
1,91,15,R0,0.6961744388078046,0.9087650067378504,0.2145651444084074,0.3502269974977803,1006
1,99,16,R0,0.6719404124752784,0.6801337755274609,0.0788468680606257,0.7204325163830099,1006
1,36,17,R0,0.6667947590160722,0.6956767169101978,0.1634708279705647,0.7394346024125945,1006
1,51,19,R0,0.5845418522152974,0.5010038767715803,0.0945418333569319,0.2034922299838153,1006
1,87,20,R0,0.7585349441636042,0.7254483791855277,0.1946213521685285,0.8335547522598173,1006
1,3,21,R0,0.6582277929038011,0.5361408580408633,0.1436204485681871,0.7282693621338081,1006
1,106,22,R0,0.6323268333848754,0.4751558776317788,0.3405628100011464,0.4787796732871239,1006
1,8,23,R0,0.6412604963522514,0.6440090881595912,0.0527921565957712,0.7300591446154335,1006
1,94,24,R0,0.566704289134027,0.5920947220030317,0.0438662414672068,0.2753461183460744,1006
1,45,25,R0,0.6952728026129145,0.606747928489026,0.2553948938833961,0.688130897373009,1006
1,56,26,R0,0.6565625405570011,0.7162246996658004,0.2871265027075084,0.6100220892267212,1006
1,104,28,R0,0.5899011812027376,0.5323499915540522,0.3187547318831277,0.3938183273712571,1006
1,54,29,R0,0.5063008931502339,0.3881075086752209,0.0987771674037062,0.7966124647142416,1006
2,25,0,R0,0.5592051465109107,0.7357133388139955,0.2735421110193889,0.3789024360739353,1006
2,73,3,R0,0.5557764255440614,0.6378337510526337,0.1568241720052318,0.5047937219553423,1006
2,6,5,R0,0.5527998494876204,0.5677583519758191,0.2846710376342112,0.2095932894818437,1006
2,11,6,R0,0.3597042000675535,0.4421480534126618,0.2293285825705849,0.4589586789221023,1006
2,108,8,R0,0.5758083342150844,0.3644677562802451,0.319557868853315,0.902622944309227,1006
2,100,10,R0,0.62740848836793,0.461987379059764,0.0721362719290872,0.8275759808077237,1006
2,1,12,R0,0.5755326217752605,0.4477080604667489,0.1142213479092928,0.7281415615356027,1006
2,79,13,R0,0.7436258835998524,0.6392738862540455,0.0511870917092081,0.9636409148589448,1006
2,37,15,R0,0.7193022151838774,0.7519682182479206,0.2226509953210405,0.5131588183193676,1006
2,35,19,R0,0.4938931999442129,0.2443180853693097,0.1028012795792435,0.9593220478202058,1006
2,43,20,R0,0.5286470007248456,0.4045772330771254,0.2147918646372134,0.7804817984595802,1006
2,31,25,R0,0.5331027748517826,0.472250679602534,0.2712022836496915,0.5904260940533717,1006
2,41,26,R0,0.6485400353946928,0.5866942588404165,0.2917289155181607,0.2559717737599481,1006
3,82,2,R0,0.5486322519509768,0.5843741724776439,0.1486426800181059,0.0831991725625333,1006
3,59,12,R0,0.6258538864223787,0.6108240124129083,0.109446613861437,0.1295309844026736,1006
3,0,14,R0,0.5024970694103202,0.6338987156204272,0.2730828361854798,0.2631488800852808,1006
3,33,17,R0,0.5627247651558871,0.444576558823485,0.1748982940282432,0.6948448679173501,1006
3,63,18,R0,0.531858710971423,0.6220428074481704,0.2567324655035675,0.4126830072858681,1006
3,50,21,R0,0.5249575431259375,0.5312563303679467,0.1455115507773812,0.511433326364348,1006
3,89,22,R0,0.6416144944604524,0.923648862886049,0.3014096211595298,0.0755033139102216,1006
3,115,28,R0,0.6100255790324225,0.4204194927091368,0.3376370614163395,0.7550540524322047,1006
4,96,1,R0,0.4788313106859229,0.4721296742529921,0.2785414068384889,0.8558785100622606,1006
4,68,24,R0,0.5692221522984389,0.399845095068852,0.0472847037328851,0.4490829789048489,1006
4,30,29,R0,0.3073958530445156,0.254710672301489,0.1021543023869732,0.8700802318434967,1006
5,118,4,R0,0.5392268555392454,0.3731657936777089,0.2523422273648052,0.5320330194326042,1006
5,112,9,R0,0.5110303658773006,0.2461860733520778,0.524674201141836,0.5441056865142003,1006
5,38,16,R0,0.5439524574038754,0.2355500727746373,0.0913059547697553,0.6142050633713197,1006
5,98,18,R0,0.4825585549882634,0.2728723775553476,0.2855266579994709,0.4915855206643948,1006
6,83,23,R0,0.2401838501414493,0.1932512916513385,0.0609374321693467,0.5229159775337378,1006
1,25,0,R1,0.6195635434083976,0.7357133388139955,0.2203912142558179,0.3789024360739353,1006
1,39,1,R1,0.6600191159147285,0.7526850090021638,0.2056536378001687,0.5446911137509913,1006
1,88,2,R1,0.6177316231972891,0.7458686976122753,0.106795904665009,0.8168574006585217,1006
1,73,3,R1,0.5781484097999547,0.6378337510526337,0.1286114390879739,0.5047937219553423,1006
1,62,5,R1,0.5805515745311601,0.6852513607635234,0.244193916193727,0.3287451908973253,1006
1,32,6,R1,0.7399720698511757,0.6837901364269215,0.1460025133091701,0.9538219788398706,1006
1,8,7,R1,0.5497657736495883,0.5576093565854161,0.0364283700662395,0.7300591446154335,1006
1,101,8,R1,0.7760171505969604,0.7386017590382186,0.2206240997053618,0.637650446530704,1006
1,10,9,R1,0.6974825805380411,0.9841660159782668,0.3260407136455791,0.5202158503824785,1006
1,71,10,R1,0.5000942713111929,0.4403531949212255,0.0544392366213717,0.8952688890856682,1006
1,64,12,R1,0.4808694559564692,0.4082199366067494,0.1044452964456016,0.7712410597025285,1006
1,79,13,R1,0.6208897167602404,0.6392738862540455,0.0343119590479291,0.9636409148589448,1006
1,68,14,R1,0.5332641746930673,0.5404827048178849,0.2489339569198592,0.4490829789048489,1006
1,37,15,R1,0.7246819030926338,0.7475367831674509,0.1749971595815423,0.5131588183193676,1006
1,99,16,R1,0.6765493717370571,0.6801337755274609,0.0666363990693267,0.7204325163830099,1006
1,36,17,R1,0.5543042218095847,0.6956767169101978,0.1247825529756942,0.7394346024125945,1006
1,87,20,R1,0.7353535405394597,0.7254483791855277,0.1376115495720388,0.8335547522598173,1006
1,3,21,R1,0.5123473618329527,0.5361408580408633,0.1184405728601827,0.7282693621338081,1006
1,111,22,R1,0.5178932283482788,0.6184949049817983,0.2722072469557233,0.3609544774072731,1006
1,85,24,R1,0.6019367648306083,0.5716592433238293,0.0396691515785776,0.3490732599189307,1006
1,45,25,R1,0.582859405245431,0.606747928489026,0.1942102113487261,0.688130897373009,1006
1,9,26,R1,0.6730184592284091,0.8434473136436988,0.1996671577005405,0.6216450683506316,1006
2,48,0,R1,0.5768114704980466,0.6509517477307576,0.2411855651290173,0.7323351354745953,1006
2,82,2,R1,0.4421552864869199,0.5811156211679829,0.1636370357435055,0.0831991725625333,1006
2,55,3,R1,0.5580855535612513,0.6016830318385096,0.1351532079333718,0.5076600064502962,1006
2,100,10,R1,0.5183284230409045,0.4583147574778458,0.0619537782673237,0.8275759808077237,1006
2,59,12,R1,0.4849946879356226,0.6108240124129083,0.1130714767432496,0.1295309844026736,1006
2,46,13,R1,0.5926290569212511,0.6618414170629578,0.0350716967946544,0.905536411485139,1006
2,11,14,R1,0.4679556697196652,0.5464244930163947,0.239005829969374,0.4589586789221023,1006
2,91,15,R1,0.5442620699615481,0.9087650067378504,0.2023300855919262,0.3502269974977803,1006
2,21,17,R1,0.7026629405663771,0.6647875824811249,0.1214200737879736,0.7774268306944352,1006
2,65,20,R1,0.5322896033129226,0.5139565936632442,0.1842283869579404,0.6771764051416318,1006
2,106,22,R1,0.5694300438519899,0.4772171304891128,0.3312387301540866,0.4787796732871239,1006
2,31,25,R1,0.4831720833971748,0.47289733038496,0.2457515536322692,0.5904260940533717,1006
2,56,26,R1,0.6770025421277893,0.7162246996658004,0.2307550238529534,0.6100220892267212,1006
3,60,1,R1,0.5096746675555374,0.3882559344992898,0.2343497229966587,0.5197863812729956,1006
3,27,5,R1,0.495831608729887,0.4787448789090501,0.2798333865087484,0.4440351593316613,1006
3,33,6,R1,0.5662781168390527,0.5022397025847054,0.1936675979351715,0.6948448679173501,1006
3,47,7,R1,0.378869637891211,0.3750662234467248,0.050808648026908,0.3641201930156203,1006
3,110,8,R1,0.4983693323033779,0.357800935067192,0.3100580347530122,0.6094120311947259,1006
3,63,18,R1,0.4309762650811503,0.6219820898978861,0.2313984085018449,0.4126830072858681,1006
3,96,19,R1,0.4727874654188735,0.4278853799152257,0.0796656866719208,0.8558785100622606,1006
3,94,24,R1,0.5634170178477567,0.5921202088282633,0.0434709271249964,0.2753461183460744,1006
3,22,28,R1,0.5485731205945368,0.7736248645351471,0.2866287528647751,0.1382047841003703,1006
3,51,29,R1,0.5357744551490553,0.4697957868531768,0.0995902705131383,0.2034922299838153,1006
4,69,4,R1,0.4641228304129088,0.4708947201851138,0.2117029921671984,0.4212554539671054,1006
4,108,18,R1,0.4498627008729088,0.389019679887584,0.2468000906217346,0.902622944309227,1006
4,54,19,R1,0.480279021619669,0.44235389334502,0.0854756862076746,0.7966124647142416,1006
4,50,21,R1,0.3654656263958565,0.5279886472579362,0.1514792095190555,0.511433326364348,1006
6,14,11,R1,0.4205552915662703,0.4289565247474843,0.2981444540294268,0.7471590847972706,1006
6,74,16,R1,0.4417247201997252,0.3345264211894214,0.0892166311143313,0.2918851413892833,1006
6,102,28,R1,0.4972273976520696,0.4844518145997414,0.2962113540024099,0.5754229433542095,1006
1,25,0,R2,0.5847925174918276,0.7357133388139955,0.2203912142558179,0.3789024360739353,1006
1,39,1,R2,0.5893292999790785,0.7526850090021638,0.2056536378001687,0.5446911137509913,1006
1,88,2,R2,0.6406353507079683,0.7458686976122753,0.106795904665009,0.8168574006585217,1006
1,33,3,R2,0.5985302220039993,0.695037422208383,0.1228091255190938,0.6948448679173501,1006
1,62,5,R2,0.5958093568056153,0.6852513607635234,0.244193916193727,0.3287451908973253,1006
1,32,6,R2,0.6864381814705405,0.6837901364269215,0.1460025133091701,0.9538219788398706,1006
1,8,7,R2,0.533066890819568,0.5576093565854161,0.0364283700662395,0.7300591446154335,1006
1,101,8,R2,0.7130527969443813,0.7386017590382186,0.2206240997053618,0.637650446530704,1006
1,10,9,R2,0.7146658195834121,0.9841660159782668,0.3260407136455791,0.5202158503824785,1006
1,1,12,R2,0.5289916776483711,0.4477080604667489,0.1000318801386937,0.7281415615356027,1006
1,79,13,R2,0.7008589982712714,0.6392738862540455,0.0343119590479291,0.9636409148589448,1006
1,68,14,R2,0.5135277307672582,0.5404827048178849,0.2489339569198592,0.4490829789048489,1006
1,91,15,R2,0.657753326520808,0.9087650067378504,0.2023300855919262,0.3502269974977803,1006
1,99,16,R2,0.7055829030979628,0.6801337755274609,0.0666363990693267,0.7204325163830099,1006
1,21,17,R2,0.6703444095759759,0.6647875824811249,0.1214200737879736,0.7774268306944352,1006
1,106,18,R2,0.4534263386333144,0.4274773553273726,0.2501097998066656,0.4787796732871239,1006
1,87,20,R2,0.7014139832629125,0.7254483791855277,0.1376115495720388,0.8335547522598173,1006
1,9,26,R2,0.6783737210981402,0.8434473136436988,0.1996671577005405,0.6216450683506316,1006
2,48,0,R2,0.6523311800378814,0.6630986365327916,0.2404430254474794,0.7323351354745953,1006
2,118,4,R2,0.4246842749605999,0.367364376799867,0.2206212069915682,0.5320330194326042,1006
2,36,6,R2,0.5651835506511336,0.6423964776873347,0.1712119187034993,0.7394346024125945,1006
2,96,7,R2,0.3868041751826027,0.4139535891155637,0.0418145783840205,0.8558785100622606,1006
2,45,8,R2,0.5066273592467687,0.4666756866921097,0.2563804126921159,0.688130897373009,1006
2,4,11,R2,0.3767311931136093,0.4393829070807274,0.36726432299037,0.8429460189084061,1006
2,46,13,R2,0.6433594279670686,0.6692386979844449,0.0350019005263249,0.905536411485139,1006
2,26,15,R2,0.6575928574254146,0.563752347287606,0.1922174768888859,0.6273799037798885,1006
2,63,18,R2,0.5015399644325914,0.6198295433593161,0.2316025537310356,0.4126830072858681,1006
2,55,19,R2,0.5011581749573207,0.6421544920500469,0.0769391813261222,0.5076600064502962,1006
2,65,20,R2,0.4771820066232085,0.5199385070658538,0.1836729298701652,0.6771764051416318,1006
2,85,24,R2,0.5249196276274866,0.5772745869282924,0.039615343682023,0.3490732599189307,1006
2,41,26,R2,0.5888543924829551,0.5866942588404165,0.2687679688687971,0.2559717737599481,1006
2,82,27,R2,0.3944231743316616,0.5975837042436376,0.1837195703907818,0.0831991725625333,1006
2,60,28,R2,0.5141236257396824,0.4825823120229455,0.2953362097518748,0.5197863812729956,1006
2,51,29,R2,0.4149409113899047,0.4760410825309128,0.0996524569429351,0.2034922299838153,1006
3,73,3,R2,0.5095258747992849,0.6436532536976145,0.1281253260859138,0.5047937219553423,1006
3,27,5,R2,0.5239036928169357,0.4822859490150024,0.2791181673920966,0.4440351593316613,1006
3,75,16,R2,0.434304338037888,0.3901574395294042,0.0808006324873305,0.4939777661790606,1006
3,3,21,R2,0.6253834821056674,0.5519671608597889,0.1178315197700783,0.7282693621338081,1006
3,22,28,R2,0.4756684875049727,0.7736248645351471,0.2853028187126747,0.1382047841003703,1006
4,71,10,R2,0.5275093576298748,0.469363394889041,0.0540636630539679,0.8952688890856682,1006
4,54,29,R2,0.4125216042128172,0.3955227349220708,0.0911489186240598,0.7966124647142416,1006
5,37,9,R2,0.3576405983888738,0.4255278579162393,0.4104022967058277,0.5131588183193676,1006
5,59,12,R2,0.4676618317585001,0.6190283672474649,0.1132499575353245,0.1295309844026736,1006
5,104,22,R2,0.501498815698952,0.4370926223769082,0.3579646618535291,0.3938183273712571,1006
5,94,24,R2,0.4639584888604671,0.5960616394352001,0.0434303779748402,0.2753461183460744,1006
6,111,14,R2,0.5365472629495582,0.5993381222384229,0.2555019651825803,0.3609544774072731,1006
1,48,0,R3,0.6179720631791806,0.6509517477307576,0.2411855651290173,0.7323351354745953,1006
1,39,1,R3,0.6900177440629949,0.7526850090021638,0.2056536378001687,0.5446911137509913,1006
1,88,2,R3,0.6493510244820956,0.7458686976122753,0.106795904665009,0.8168574006585217,1006
1,32,6,R3,0.6692274589459151,0.6837901364269215,0.1460025133091701,0.9538219788398706,1006
1,8,7,R3,0.5528676904949834,0.5576093565854161,0.0364283700662395,0.7300591446154335,1006
1,101,8,R3,0.7089579301489065,0.7386017590382186,0.2206240997053618,0.637650446530704,1006
1,10,9,R3,0.7172274734123385,0.9841660159782668,0.3260407136455791,0.5202158503824785,1006
1,100,10,R3,0.5527555200416566,0.4583147574778458,0.0619537782673237,0.8275759808077237,1006
1,46,13,R3,0.5446023635719075,0.6618414170629578,0.0350716967946544,0.905536411485139,1006
1,68,14,R3,0.5192374212155999,0.5404827048178849,0.2489339569198592,0.4490829789048489,1006
1,37,15,R3,0.6668504710655863,0.7475367831674509,0.1749971595815423,0.5131588183193676,1006
1,21,17,R3,0.7323016257916438,0.6647875824811249,0.1214200737879736,0.7774268306944352,1006
1,51,19,R3,0.4982441247790889,0.5010038767715803,0.0962588078675832,0.2034922299838153,1006
1,87,20,R3,0.7278453075728282,0.7254483791855277,0.1376115495720388,0.8335547522598173,1006
1,41,22,R3,0.4823090961194269,0.4370483585659506,0.3319260079966156,0.2559717737599481,1006
1,94,24,R3,0.6013227572468031,0.5920947220030317,0.0434932814983513,0.2753461183460744,1006
1,45,25,R3,0.6412526582161013,0.606747928489026,0.1942102113487261,0.688130897373009,1006
1,9,26,R3,0.6432631238805121,0.8434473136436988,0.1996671577005405,0.6216450683506316,1006
2,25,0,R3,0.6706245501042116,0.739841425291588,0.2202716026456954,0.3789024360739353,1006
2,55,3,R3,0.5916803840263463,0.6079983457758563,0.1342136868859638,0.5076600064502962,1006
2,118,4,R3,0.3834205990259406,0.367364376799867,0.2206212069915682,0.5320330194326042,1006
2,62,5,R3,0.4807203761353111,0.6964246665857134,0.2418729734071281,0.3287451908973253,1006
2,36,6,R3,0.6701579879720956,0.6427251472618485,0.1705827853275493,0.7394346024125945,1006
2,64,12,R3,0.441214121047393,0.4082199366067494,0.1044452964456016,0.7712410597025285,1006
2,79,13,R3,0.7305049435851024,0.6392738862540455,0.0343119590479291,0.9636409148589448,1006
2,11,14,R3,0.4946508619147166,0.5473201179196997,0.2387303036885434,0.4589586789221023,1006
2,91,15,R3,0.6798943189383496,0.9266043889789666,0.1876473006664109,0.3502269974977803,1006
2,99,16,R3,0.5329236397509612,0.6812860031797978,0.0665827167749957,0.7204325163830099,1006
2,65,20,R3,0.5740241044138383,0.5290233301127616,0.1809890430543403,0.6771764051416318,1006
2,50,21,R3,0.4801485656955363,0.5399052748758999,0.1489078055393847,0.511433326364348,1006
2,31,25,R3,0.4770991467052856,0.4762507042553596,0.2455820283501396,0.5904260940533717,1006
2,22,28,R3,0.588284293740426,0.7736248645351471,0.2826393628060696,0.1382047841003703,1006
3,60,1,R3,0.4264333767594664,0.3882559344992898,0.2343497229966587,0.5197863812729956,1006
3,73,3,R3,0.597731174163637,0.6411604015997117,0.1283973304562487,0.5047937219553423,1006
3,69,4,R3,0.3987841150559555,0.4708947201851138,0.2117029921671984,0.4212554539671054,1006
3,63,18,R3,0.5325291372836061,0.6233853445897692,0.2315588332147651,0.4126830072858681,1006
3,3,21,R3,0.4864261546728992,0.5492118321626827,0.1182562701134762,0.7282693621338081,1006
3,106,22,R3,0.5053626048469589,0.4832165225518926,0.3312228874975451,0.4787796732871239,1006
3,86,23,R3,0.2664554798036914,0.1932512916513385,0.0588626227800004,0.8524506987705526,1006
3,56,26,R3,0.5873652547272319,0.7250380745118781,0.2286987699683531,0.6100220892267212,1006
3,82,27,R3,0.4913206566571862,0.5975837042436376,0.1837195703907818,0.0831991725625333,1006
4,75,16,R3,0.4515873599141126,0.3935560241005693,0.0804355118773402,0.4939777661790606,1006
4,33,17,R3,0.451517256809724,0.444576558823485,0.1505744955628248,0.6948448679173501,1006
4,96,18,R3,0.4740593020601732,0.4134295974658262,0.2342774713380281,0.8558785100622606,1006
4,92,23,R3,0.2829135770070662,0.1680515448678096,0.0618189021770092,0.4267944662795837,1006
4,85,24,R3,0.5004633574872529,0.5784512624719499,0.0395072806554519,0.3490732599189307,1006
4,108,28,R3,0.4730928359123293,0.3847706027075459,0.2757127114291091,0.902622944309227,1006
5,24,5,R3,0.5226184276014384,0.5347493598833613,0.2440580099579764,0.6753439568682665,1006
5,1,12,R3,0.4904824332454768,0.4623868689078464,0.0938323886771872,0.7281415615356027,1006
5,54,29,R3,0.4871843684538957,0.4034214364596155,0.0903585361827267,0.7966124647142416,1006
6,110,8,R3,0.5445486211660369,0.357800935067192,0.3100580347530122,0.6094120311947259,1006
1,72,0,R0,0.7771198492154118,0.9491004189768816,0.1015552169437454,0.0432003393729185,1007
1,85,1,R0,0.746661027011502,0.97364296554584,0.1638034894377233,0.8647670551920873,1007
1,99,2,R0,0.7385949471350971,0.7174206464616562,0.1138371927061513,0.364243122814632,1007
1,71,3,R0,0.5516883212400419,0.5531587341538318,0.1863942990275297,0.2548344774749222,1007
1,96,4,R0,0.5139658709398087,0.4322855312821272,0.2266132387105296,0.5671547007811195,1007
1,42,6,R0,0.8514110917020301,0.938179572781046,0.1212289447645147,0.7144951671432678,1007
1,110,7,R0,0.578315711220085,0.4909191176881365,0.111011375032384,0.7946169877197292,1007
1,94,8,R0,0.5806606501415759,0.63690886229823,0.278132326467939,0.963384367899527,1007
1,93,9,R0,0.7944253409432626,0.7460442855375886,0.1802042299102233,0.3504926508936627,1007
1,103,10,R0,0.6058177688652707,0.4806444838138372,0.2393688810814354,0.1185782457271294,1007
1,13,11,R0,0.4741600183321642,0.4709395432700607,0.2349703995704407,0.5530853929061782,1007
1,61,13,R0,0.8220582098154215,0.8137984369933559,0.1832611180158993,0.171580847813434,1007
1,91,14,R0,0.5736918405427138,0.4663343238619157,0.3230027753332216,0.5328198565178212,1007
1,8,15,R0,0.687968054265153,0.7377401495942901,0.1528811617605015,0.570915165734171,1007
1,88,16,R0,0.6391516352928047,0.4982910194592433,0.123548373875012,0.8989263716767246,1007
1,108,17,R0,0.6072717198624822,0.4193823537639404,0.2473003280214014,0.9424919468178128,1007
1,65,18,R0,0.6272210171681409,0.6032837284234775,0.0635107310867003,0.4835629885851482,1007
1,19,21,R0,0.554546381166262,0.3212348119776878,0.3577412569790734,0.6934389111888566,1007
1,24,23,R0,0.6810173865569927,0.6532096164129007,0.1785667422953067,0.7712018993419825,1007
1,1,25,R0,0.5720524650757253,0.6561339941481206,0.2316282387965207,0.587350060693734,1007
1,78,26,R0,0.6086379619038135,0.6969038358410464,0.1421883060792726,0.3587517191738497,1007
1,35,27,R0,0.7079272531349992,0.7368575960051131,0.0683685074767323,0.542341340824183,1007
1,14,29,R0,0.6884994776753052,0.8787045937629834,0.3267667787477991,0.624815685693673,1007
2,64,0,R0,0.6574459408006027,0.4991612716923439,0.1145704422444036,0.5688586030718901,1007
2,98,3,R0,0.5714203826708915,0.5811784742914308,0.1864396173847303,0.2560707204798102,1007
2,81,5,R0,0.4358740077190167,0.3405852289810812,0.3194382931779495,0.5558423469289817,1007
2,40,6,R0,0.6253815294812121,0.7519434319704954,0.1355176067575341,0.5528503197972716,1007
2,89,8,R0,0.6043124608785608,0.4486604077837978,0.2932618419434226,0.5278965503944684,1007
2,23,9,R0,0.6970614441257112,0.6456324749307367,0.184956766296133,0.5814684656335153,1007
2,0,10,R0,0.593199088005308,0.4871853713195392,0.2388807007169268,0.3942277135157847,1007
2,60,13,R0,0.631232778050656,0.7458891300608004,0.1880706084887794,0.3930369034395571,1007
2,44,14,R0,0.5335747792595311,0.4904509109434523,0.3194135314599604,0.228883939213129,1007
2,97,17,R0,0.5127744038100763,0.2682985134670392,0.2598204199776609,0.8790889588065944,1007
2,56,19,R0,0.6836947352653606,0.6957245938029015,0.1776510572286228,0.8600615597915764,1007
2,10,21,R0,0.4151804853548837,0.1671530072412972,0.3778112189500842,0.6338240076787339,1007
2,58,22,R0,0.5496461071862301,0.5214609439232949,0.3406365379997622,0.6718414963676516,1007
2,69,23,R0,0.5240103018209686,0.4216723861684741,0.1923137556213062,0.5861430372750936,1007
2,100,24,R0,0.5579038882719297,0.4448688699711585,0.1371033411740699,0.9514810359343692,1007
2,5,25,R0,0.4163130013523359,0.2667640240377652,0.2637428526373051,0.2366184217371006,1007
2,106,26,R0,0.5403080186126415,0.403232882782787,0.1558310497871533,0.4290763920056987,1007
2,63,27,R0,0.7532390855347456,0.683589085801328,0.0690227957219257,0.6693709515140022,1007
2,115,28,R0,0.3734301577863141,0.241965572883007,0.0473253934475602,0.4773239247143331,1007
2,84,29,R0,0.6281974349598656,0.7554201202253904,0.342352856404181,0.3151186395524651,1007
3,22,1,R0,0.4481817447647123,0.3001221230713254,0.2031580044320663,0.3457048091179147,1007
3,95,2,R0,0.4559269078139104,0.3767443243208407,0.127480051531811,0.7949719167786272,1007
3,109,7,R0,0.6367696829280777,0.5459037976818857,0.1109620788926128,0.6594116489426077,1007
3,43,15,R0,0.6337603101931208,0.7519079207799508,0.1521500455288921,0.6242574956807871,1007
3,111,16,R0,0.5853046678917896,0.5946108221015401,0.1217112884663437,0.1055100959233738,1007
3,32,18,R0,0.5792209972152206,0.5937314507732268,0.0647316140994772,0.2191523318710866,1007
3,3,19,R0,0.7079929811505755,0.6604058477958483,0.1755670206767631,0.6835211976012913,1007
4,37,5,R0,0.5427712325522394,0.3945608581460923,0.3119779478955072,0.9418353352392403,1007
4,17,11,R0,0.4733267922445972,0.4242071729089678,0.2405697138725799,0.3580626804245832,1007
4,47,20,R0,0.4970076207962671,0.2704234404840122,0.4306048011059384,0.6420574633397992,1007
4,12,22,R0,0.4196718081275258,0.4984332778666719,0.3405080048468387,0.2626296707320105,1007
4,113,24,R0,0.4144426894340322,0.4399120595588496,0.1369798938265353,0.5425008788231995,1007
5,25,4,R0,0.4000657040993596,0.3262114768944366,0.2372977529731827,0.7383644916409494,1007
6,107,28,R0,0.2824330645372318,0.253576215856474,0.0470002613621834,0.6971641925456143,1007
1,72,0,R1,0.679975850973471,0.9491004189768816,0.1057956774887992,0.0432003393729185,1007
1,85,1,R1,0.782805949583018,0.97364296554584,0.1125996326215195,0.8647670551920873,1007
1,99,2,R1,0.5483751421808254,0.7174206464616562,0.0856670663268104,0.364243122814632,1007
1,98,3,R1,0.5005996667302401,0.5811784742914308,0.1882797992020799,0.2560707204798102,1007
1,37,5,R1,0.4551082854780079,0.3945608581460923,0.2595701970673586,0.9418353352392403,1007
1,42,6,R1,0.8483935897218463,0.938179572781046,0.0869076758853126,0.7144951671432678,1007
1,89,8,R1,0.5370750414192277,0.4486604077837978,0.2857703492852171,0.5278965503944684,1007
1,93,9,R1,0.6866180549475858,0.7460442855375886,0.1584929902719278,0.3504926508936627,1007
1,94,10,R1,0.7637159939615175,0.7600839658171382,0.1490780442566876,0.963384367899527,1007
1,34,11,R1,0.5096361293218733,0.7043303340990685,0.1818951439320768,0.6665331818695027,1007
1,61,13,R1,0.6609393431495684,0.8137984369933559,0.1809780696245881,0.171580847813434,1007
1,43,15,R1,0.5950519464392142,0.7519079207799508,0.1226738805627146,0.6242574956807871,1007
1,88,16,R1,0.6301892694134266,0.4982910194592433,0.1026968833868218,0.8989263716767246,1007
1,65,18,R1,0.6062726245518222,0.6032837284234775,0.0593046917230817,0.4835629885851482,1007
1,56,19,R1,0.6174327088250996,0.6957245938029015,0.13077294581867,0.8600615597915764,1007
1,19,21,R1,0.5080954951190797,0.3212348119776878,0.3206243134884587,0.6934389111888566,1007
1,24,23,R1,0.6904988523493661,0.6532096164129007,0.1370177847354941,0.7712018993419825,1007
1,33,26,R1,0.4763036491532837,0.323577335195733,0.1397304812995101,0.6440783576813736,1007
1,63,27,R1,0.7104377382186811,0.683589085801328,0.054235435218187,0.6693709515140022,1007
1,108,28,R1,0.758117717517795,0.7430177820564823,0.0287782234466165,0.9424919468178128,1007
1,14,29,R1,0.5853461239105153,0.8787045937629834,0.266139429592873,0.624815685693673,1007
2,60,4,R1,0.6113191264876223,0.7402123774649582,0.1713535020258933,0.3930369034395571,1007
2,40,6,R1,0.6208041482740163,0.7456224235892586,0.112010454033023,0.5528503197972716,1007
2,110,7,R1,0.5322812289496223,0.491236081899399,0.1003217219426561,0.7946169877197292,1007
2,23,9,R1,0.5606893767023277,0.6456324749307367,0.1556348862210269,0.5814684656335153,1007
2,52,13,R1,0.4192772148890607,0.3557645402721259,0.1974345979967666,0.7477362128131576,1007
2,35,14,R1,0.4775458702637049,0.5400806307991183,0.2519949506249967,0.542341340824183,1007
2,8,15,R1,0.6027859457041165,0.7377401495942901,0.1261804273867263,0.570915165734171,1007
2,3,19,R1,0.5280320635514643,0.6663936667848729,0.1380617576735539,0.6835211976012913,1007
2,78,23,R1,0.5798440779487625,0.634836663971174,0.1569695288209064,0.3587517191738497,1007
2,100,24,R1,0.4738552661583675,0.4448688699711585,0.1042542150952511,0.9514810359343692,1007
2,69,26,R1,0.4242651098730421,0.3781767351855745,0.1475540823367367,0.5861430372750936,1007
2,12,27,R1,0.6488818316119952,0.664451660217437,0.0653689902462647,0.2626296707320105,1007
3,95,0,R1,0.60863081604062,0.5786855112703173,0.0873361322548779,0.7949719167786272,1007
3,75,1,R1,0.4351600439185967,0.4451141888743637,0.1725492865685218,0.8348948592663261,1007
3,103,10,R1,0.5308722297285454,0.4806444838138372,0.2658657052514204,0.1185782457271294,1007
3,13,11,R1,0.4410324662941606,0.479384552558237,0.2226310292711726,0.5530853929061782,1007
3,91,14,R1,0.4946840956239867,0.4663343238619157,0.2868164164964096,0.5328198565178212,1007
3,32,18,R1,0.4762011577222366,0.5906748960093716,0.0649163129698701,0.2191523318710866,1007
3,58,22,R1,0.5236067041823901,0.5221847788518916,0.3075155709676341,0.6718414963676516,1007
3,1,25,R1,0.528128568823183,0.6561339941481206,0.2152156345849267,0.587350060693734,1007
3,79,29,R1,0.5549861486630814,0.4603977813882988,0.3166780077250377,0.5493890901178017,1007
4,71,3,R1,0.4652532889083152,0.5569680105218515,0.1652729594761529,0.2548344774749222,1007
4,97,4,R1,0.3965346720094262,0.3611370392981217,0.2018238043353667,0.8790889588065944,1007
4,109,7,R1,0.5697239151271325,0.5470542091548811,0.0928906430579687,0.6594116489426077,1007
4,113,12,R1,0.417977390230672,0.3651322010089392,0.2182242533110938,0.5425008788231995,1007
4,21,20,R1,0.4214133544627844,0.5764364309155185,0.4101997858099801,0.1767681933280123,1007
5,7,12,R1,0.4262732422578786,0.3396010937871409,0.2158535263006593,0.7133471256676783,1007
5,29,17,R1,0.3220646434669696,0.2156279584200747,0.2512475328516176,0.8813272629290706,1007
5,57,25,R1,0.4111271686689735,0.3806387226710708,0.234003518597928,0.5726332850290943,1007
1,72,0,R2,0.66380802889498,0.9491004189768816,0.1057956774887992,0.0432003393729185,1007
1,85,1,R2,0.8362541777812884,0.97364296554584,0.1125996326215195,0.8647670551920873,1007
1,99,2,R2,0.7003254264971133,0.7174206464616562,0.0856670663268104,0.364243122814632,1007
1,97,4,R2,0.4659419143851258,0.3611370392981217,0.2018238043353667,0.8790889588065944,1007
1,42,6,R2,0.7844061308512111,0.938179572781046,0.0869076758853126,0.7144951671432678,1007
1,110,7,R2,0.4921350194746967,0.4909191176881365,0.1004875149105951,0.7946169877197292,1007
1,93,9,R2,0.6787660796274783,0.7460442855375886,0.1584929902719278,0.3504926508936627,1007
1,94,10,R2,0.6917455421129863,0.7600839658171382,0.1490780442566876,0.963384367899527,1007
1,61,13,R2,0.6325070547439566,0.8137984369933559,0.1809780696245881,0.171580847813434,1007
1,43,15,R2,0.6571693011921305,0.7519079207799508,0.1226738805627146,0.6242574956807871,1007
1,108,17,R2,0.5367780331081248,0.4193823537639404,0.190359438575747,0.9424919468178128,1007
1,65,18,R2,0.5670888292526846,0.6032837284234775,0.0593046917230817,0.4835629885851482,1007
1,56,19,R2,0.6744457226009695,0.6957245938029015,0.13077294581867,0.8600615597915764,1007
1,88,21,R2,0.6870073995081761,0.6058188847923862,0.2661340383869562,0.8989263716767246,1007
1,58,22,R2,0.416360853124566,0.5191504974548898,0.3090901027618815,0.6718414963676516,1007
1,86,23,R2,0.5231437800146057,0.4773933080814706,0.1603191742583526,0.8878798282553418,1007
1,100,24,R2,0.5625952133177198,0.4448688699711585,0.1042542150952511,0.9514810359343692,1007
1,1,25,R2,0.4128360584119305,0.6561339941481206,0.2152156345849267,0.587350060693734,1007
1,24,26,R2,0.7199367987335136,0.7238819582269611,0.0996437300963527,0.7712018993419825,1007
1,35,27,R2,0.6657550565932276,0.7368575960051131,0.0541389595756317,0.542341340824183,1007
1,14,29,R2,0.6201746404787241,0.8787045937629834,0.266139429592873,0.624815685693673,1007
2,95,0,R2,0.5628957415078267,0.5889517242946687,0.0870387228031002,0.7949719167786272,1007
2,71,3,R2,0.5341787412408168,0.5531587341538318,0.1661306707581512,0.2548344774749222,1007
2,109,7,R2,0.5244110052690559,0.5486266531898285,0.0928554275695339,0.6594116489426077,1007
2,89,8,R2,0.5451548580216846,0.4486604077837978,0.2857703492852171,0.5278965503944684,1007
2,59,9,R2,0.5324858667221428,0.5705156039934376,0.1639574059345487,0.3275929009319403,1007
2,8,11,R2,0.4285911840000487,0.4072335180550599,0.2096004844526585,0.570915165734171,1007
2,7,12,R2,0.4010167742878596,0.347168269944666,0.2166020661928726,0.7133471256676783,1007
2,60,13,R2,0.6675521598373441,0.7458891300608004,0.1564295877579319,0.3930369034395571,1007
2,91,14,R2,0.5439764302428457,0.4687835018629993,0.2867509835026897,0.5328198565178212,1007
2,68,15,R2,0.4866732315530166,0.644169925086117,0.1414192731641812,0.4558934876822175,1007
2,111,16,R2,0.4094246695407169,0.5859083881513666,0.1292533819219365,0.1055100959233738,1007
2,23,17,R2,0.3696187481846355,0.1985403641011311,0.2578484507307992,0.5814684656335153,1007
2,3,19,R2,0.6159135806898827,0.6604058477958483,0.1380617576735539,0.6835211976012913,1007
2,51,22,R2,0.4761605037118669,0.5675515639163295,0.3025147109619424,0.2014269683321982,1007
2,40,25,R2,0.488327618407918,0.5956311638692686,0.2204065144517044,0.5528503197972716,1007
2,78,26,R2,0.5970490705027616,0.7014026764149592,0.1200594919249983,0.3587517191738497,1007
2,63,27,R2,0.6314281591639918,0.683589085801328,0.054235435218187,0.6693709515140022,1007
2,84,29,R2,0.5571506387210607,0.7580351891067095,0.33577863148358,0.3151186395524651,1007
3,37,5,R2,0.4148551386918183,0.4030487113339037,0.2593833276793935,0.9418353352392403,1007
3,114,6,R2,0.6149440301093124,0.7474785611470602,0.1040514806205006,0.6891931932162019,1007
3,83,8,R2,0.3722741330113464,0.390621509005714,0.2524928965042178,0.7157124105900203,1007
3,44,14,R2,0.4604233983288646,0.4918044296671984,0.3135130488692044,0.228883939213129,1007
3,106,23,R2,0.5503966444750266,0.4194850094529729,0.1665619915712664,0.4290763920056987,1007
4,34,11,R2,0.4698893320772276,0.7043303340990685,0.1818951439320768,0.6665331818695027,1007
4,47,20,R2,0.4162438143502254,0.2722542013462157,0.4152019190352857,0.6420574633397992,1007
4,19,21,R2,0.4087840070894692,0.3212348119776878,0.3206243134884587,0.6934389111888566,1007
4,113,24,R2,0.4212700953478728,0.4368102656258857,0.1291647580328325,0.5425008788231995,1007
5,98,2,R2,0.3727548597789608,0.4040671853939175,0.1323977689954136,0.2560707204798102,1007
5,0,10,R2,0.4874654214244439,0.4946207239634285,0.2292286328531298,0.3942277135157847,1007
5,32,18,R2,0.5053945058975715,0.5934633347559068,0.0649163129698701,0.2191523318710866,1007
5,102,28,R2,0.3411717773238413,0.3980263608988432,0.0423574442210235,0.5054371510755534,1007
6,112,3,R2,0.4980431010134847,0.3933821275283931,0.1977582728703773,0.4322321651996237,1007
1,72,0,R3,0.6915043433934863,0.9491004189768816,0.1057956774887992,0.0432003393729185,1007
1,85,1,R3,0.8362541777812884,0.97364296554584,0.1125996326215195,0.8647670551920873,1007
1,99,2,R3,0.5727040455081789,0.7174206464616562,0.0856670663268104,0.364243122814632,1007
1,71,3,R3,0.4945819640805164,0.5531587341538318,0.1661306707581512,0.2548344774749222,1007
1,60,4,R3,0.5246533588429336,0.7402123774649582,0.1713535020258933,0.3930369034395571,1007
1,42,6,R3,0.8722868929023309,0.938179572781046,0.0869076758853126,0.7144951671432678,1007
1,110,7,R3,0.5837891832874529,0.4909191176881365,0.1004875149105951,0.7946169877197292,1007
1,56,8,R3,0.4485548686420754,0.2916678358380338,0.2763287663906759,0.8600615597915764,1007
1,94,10,R3,0.7646380303731745,0.7600839658171382,0.1490780442566876,0.963384367899527,1007
1,17,11,R3,0.4055520740155383,0.4220079921067508,0.2306247888588916,0.3580626804245832,1007
1,7,12,R3,0.3594450316173127,0.3396010937871409,0.2167860594189132,0.7133471256676783,1007
1,61,13,R3,0.6641245816749181,0.8137984369933559,0.1809780696245881,0.171580847813434,1007
1,8,15,R3,0.7114583761468076,0.7377401495942901,0.1261804273867263,0.570915165734171,1007
1,97,16,R3,0.5657730412354717,0.407170856886088,0.1102326032721689,0.8790889588065944,1007
1,65,18,R3,0.5359123905793056,0.6032837284234775,0.0593046917230817,0.4835629885851482,1007
1,88,21,R3,0.6410019500665636,0.6058188847923862,0.2661340383869562,0.8989263716767246,1007
1,51,22,R3,0.4821775068349221,0.5675515639163295,0.3025147109619424,0.2014269683321982,1007
1,24,23,R3,0.6415047593454982,0.6532096164129007,0.1370177847354941,0.7712018993419825,1007
1,35,27,R3,0.6560397792176216,0.7368575960051131,0.0541389595756317,0.542341340824183,1007
1,108,28,R3,0.7898284818894076,0.7430177820564823,0.0287782234466165,0.9424919468178128,1007
1,14,29,R3,0.6581156126784723,0.8787045937629834,0.266139429592873,0.624815685693673,1007
2,98,3,R3,0.562883923769176,0.5833894833014502,0.1867070394968661,0.2560707204798102,1007
2,113,4,R3,0.423144862960373,0.2904873221499768,0.2239481844792714,0.5425008788231995,1007
2,1,6,R3,0.6190497457967662,0.8242372983945632,0.1035133109302431,0.587350060693734,1007
2,109,7,R3,0.5920058926071489,0.5430814338120986,0.0930131910168064,0.6594116489426077,1007
2,3,8,R3,0.5442801681381861,0.5689220563035704,0.2139361816627388,0.6835211976012913,1007
2,93,9,R3,0.6235297649201572,0.7460442855375886,0.1584929902719278,0.3504926508936627,1007
2,0,10,R3,0.5347395614651133,0.4871853713195392,0.2301895603869327,0.3942277135157847,1007
2,106,23,R3,0.6052773364317116,0.4161618650314657,0.1667541343992864,0.4290763920056987,1007
2,100,24,R3,0.5075591414894434,0.4448688699711585,0.1042542150952511,0.9514810359343692,1007
2,40,25,R3,0.4840938267011767,0.5956311638692686,0.2204065144517044,0.5528503197972716,1007
2,78,26,R3,0.6090555370545437,0.7046371372833151,0.1192105105879037,0.3587517191738497,1007
2,26,27,R3,0.6597136993553232,0.6898201908049176,0.0544214617693829,0.4864451065351612,1007
2,84,29,R3,0.5426322775005932,0.7554201202253904,0.3357068327688877,0.3151186395524651,1007
3,118,0,R3,0.6305158901457375,0.5715211906917441,0.0908449991326051,0.7317839193024144,1007
3,23,9,R3,0.6264299442967068,0.6508435137295465,0.1547582482310622,0.5814684656335153,1007
3,43,15,R3,0.6140816372421086,0.7572786216221536,0.1217460691276531,0.6242574956807871,1007
3,119,16,R3,0.4728061650959991,0.3537536007846485,0.1174110350570927,0.4237133330256441,1007
3,15,17,R3,0.5056974338357564,0.5829385767524845,0.2145348392165337,0.5522378028262693,1007
3,19,21,R3,0.3659612368535235,0.3212348119776878,0.3206243134884587,0.6934389111888566,1007
4,52,13,R3,0.490449463494932,0.3746190384144578,0.1941603095642874,0.7477362128131576,1007
4,82,14,R3,0.4953763712689799,0.5377904557545465,0.3044844590167967,0.2605286532412435,1007
4,89,19,R3,0.5948324330462114,0.4900914691313075,0.1867319799204354,0.5278965503944684,1007
4,114,20,R3,0.3910693927523959,0.3942021679140252,0.3927550526563148,0.6891931932162019,1007
4,58,22,R3,0.4470993881644772,0.5351860877930215,0.3050064325667061,0.6718414963676516,1007
5,29,1,R3,0.4227407580783122,0.2449649632453691,0.193249332123653,0.8813272629290706,1007
5,81,5,R3,0.3656955529973513,0.3450382662179515,0.3010149552645212,0.5558423469289817,1007
5,32,18,R3,0.485722889354602,0.6081244388686006,0.0640195849169026,0.2191523318710866,1007
5,28,19,R3,0.4442486596435791,0.4786228597546096,0.1576100940189725,0.7044223494737997,1007
1,29,0,R0,0.6525317994981942,0.6340065741204668,0.2278908268194957,0.6420075847713604,1008
1,95,1,R0,0.440818120732216,0.2323722826149024,0.0521882401349613,0.431401616476832,1008
1,23,2,R0,0.7238038994203487,0.6869363238340706,0.1763658190985138,0.3715474170856628,1008
1,61,3,R0,0.6674465836850907,0.7293041763568096,0.347478300574024,0.3381535816980993,1008
1,79,4,R0,0.6989229907123039,0.5040048601081404,0.211240850880133,0.862397586083388,1008
1,86,5,R0,0.6224786645938792,0.660412763606355,0.3200144587458242,0.8021769662016133,1008
1,17,6,R0,0.6118454029040538,0.3860564020641944,0.0675660461587428,0.3817093178893309,1008
1,20,7,R0,0.5985368222474066,0.5038712260862086,0.1633166523660948,0.0550198662983654,1008
1,11,9,R0,0.5857432888876517,0.4071075676736142,0.1858735325458975,0.552118861163678,1008
1,69,10,R0,0.5564802973799843,0.5233105813034231,0.4437634165133309,0.9120028080848592,1008
1,66,11,R0,0.7435091765112345,0.7578173023159229,0.121757393850319,0.3925076706285088,1008
1,105,12,R0,0.7479077143374755,0.8218428662666531,0.2441743848907872,0.338427978094508,1008
1,25,13,R0,0.5128090073799351,0.4832616250396202,0.1874443890708733,0.5448883989243476,1008
1,15,15,R0,0.6412379163636786,0.5085425609592626,0.1610351792493737,0.6459339897060363,1008
1,80,16,R0,0.491821768960525,0.2547978824033392,0.2168524461477133,0.8778431054104667,1008
1,82,17,R0,0.7266487614121473,0.8028837823922144,0.337462833888533,0.8881519603150456,1008
1,117,19,R0,0.6770006643225768,0.7217657061218797,0.2009952753798521,0.6310707170408004,1008
1,72,20,R0,0.4983892369239055,0.5854197568265005,0.1479433214597192,0.4021647205228701,1008
1,109,22,R0,0.7270433787942534,0.6353937957656539,0.2139194901946771,0.636398485032431,1008
1,49,23,R0,0.865698835727697,0.950256413957878,0.1480743940197671,0.7701965273386291,1008
1,30,24,R0,0.7625466916848898,0.8474725958495511,0.108223467787161,0.5743078680388759,1008
1,18,25,R0,0.6250751015577386,0.7384981969740725,0.2039083937156252,0.2557862522180893,1008
1,36,26,R0,0.7232046318018434,0.686344521776121,0.1922530978673416,0.4623576280803092,1008
1,3,27,R0,0.5058724864538923,0.5950233486646764,0.254196143683047,0.4945280984335697,1008
1,6,28,R0,0.6862649684515656,0.7189293194759618,0.1912685884302283,0.4701104231442497,1008
1,112,29,R0,0.4895987691972658,0.5343957527018472,0.2334152734626073,0.5886722113978019,1008
2,41,3,R0,0.6412688723600568,0.5815204828745419,0.3614785957849208,0.4038431406022658,1008
2,110,4,R0,0.6458817626176586,0.6858279895543005,0.198994900916842,0.4442349614291717,1008
2,45,6,R0,0.5974969400671787,0.5913577706152949,0.0625765466374788,0.4309042846248493,1008
2,107,9,R0,0.6271878839669109,0.3874071545867731,0.1896003218811008,0.7176055146445289,1008
2,100,11,R0,0.6620480705305327,0.7863025420231431,0.1216554515711215,0.2783680371543851,1008
2,64,12,R0,0.5228495769375081,0.4265185992333735,0.275229431223074,0.6902916202898568,1008
2,98,15,R0,0.3694737451221033,0.3009400241303327,0.1741587869062081,0.6663410816464412,1008
2,83,17,R0,0.7699344552732754,0.6355799830627225,0.351312660046898,0.8638870328782863,1008
2,9,18,R0,0.3339211606135085,0.2898559803245627,0.2146881922867834,0.5443767028343147,1008
2,118,19,R0,0.6450294343829761,0.7639229633813043,0.1950042013553551,0.6149701936876173,1008
2,59,20,R0,0.5447512042036025,0.3854195972106743,0.1539070162900498,0.5239808924641788,1008
2,101,21,R0,0.6491152204054522,0.4816558249413136,0.1700972387219205,0.6198105238011447,1008
2,103,22,R0,0.7911707090930076,0.6701493974606468,0.2096274874861671,0.404558229684164,1008
2,78,23,R0,0.7832968204569988,0.7927819916244312,0.1543828284904025,0.8501845684572207,1008
2,60,24,R0,0.5969272989461931,0.6102289163361347,0.1166105962504468,0.2191233197851114,1008
2,51,25,R0,0.6661208088401347,0.5002334178300806,0.2187514546309196,0.8520976046128944,1008
2,26,26,R0,0.6882195971700245,0.4771398754474174,0.2063212538056018,0.7829304735142183,1008
2,73,28,R0,0.475425680662229,0.5395922693516743,0.2005305983548013,0.231769486433107,1008
2,58,29,R0,0.5093391102369569,0.5025326073629262,0.2366055632559198,0.2266425471110089,1008
3,70,2,R0,0.6224789857348608,0.5509802371411345,0.1860467051647889,0.687236353156055,1008
3,56,7,R0,0.4889012748798813,0.4442192586605399,0.1663466675736685,0.6884941042127661,1008
3,68,8,R0,0.619415777980347,0.5443455227649918,0.0850015198736899,0.5007604209981261,1008
3,43,10,R0,0.4353776273332758,0.2042612555935916,0.4915625982274275,0.5379038423899051,1008
3,5,13,R0,0.4950692541610356,0.3313279569015901,0.1954641888848685,0.3016237002255457,1008
3,75,14,R0,0.5095590655451468,0.415037065865225,0.1504555204439173,0.1449210979566322,1008
3,113,21,R0,0.5434933672761134,0.4816558249413136,0.1654312864479034,0.596352049019262,1008
3,88,27,R0,0.4439293717107735,0.4645491915526124,0.261921547571226,0.1393985939798224,1008
4,55,8,R0,0.5385598216595721,0.5505472579376168,0.0847833577785055,0.2432974029807218,1008
5,10,18,R0,0.5295652523060411,0.5434598870967733,0.1958133539435382,0.7780203692911071,1008
1,86,0,R1,0.5251397793706504,0.7404458316202949,0.1755789485020694,0.8021769662016133,1008
1,23,2,R1,0.6396071902766829,0.6869363238340706,0.1499477830246117,0.3715474170856628,1008
1,79,4,R1,0.5543467312776221,0.5040048601081404,0.1889218950229976,0.862397586083388,1008
1,3,6,R1,0.543716110028546,0.563454249823502,0.0565670891673931,0.4945280984335697,1008
1,56,7,R1,0.5989334811773322,0.4442192586605399,0.1408059438745487,0.6884941042127661,1008
1,55,8,R1,0.5166028718479814,0.5504733330613646,0.0929489863336096,0.2432974029807218,1008
1,69,10,R1,0.5477901989188299,0.5233105813034231,0.3708863055471382,0.9120028080848592,1008
1,100,11,R1,0.6596928005434917,0.7842784934942967,0.114336090311378,0.2783680371543851,1008
1,105,12,R1,0.6498576497214644,0.8218428662666531,0.1937020896124407,0.338427978094508,1008
1,51,13,R1,0.4005939987397898,0.2775476422698995,0.174920155221966,0.8520976046128944,1008
1,15,15,R1,0.5763272379503063,0.5085425609592626,0.1366110168917576,0.6459339897060363,1008
1,82,17,R1,0.7612762099305111,0.8028837823922144,0.2319255485589562,0.8881519603150456,1008
1,118,19,R1,0.6318599770517436,0.7639229633813043,0.1596371973583477,0.6149701936876173,1008
1,65,20,R1,0.4650103727973135,0.4770428134002453,0.1441611918722227,0.7330268544751626,1008
1,101,21,R1,0.5972612974901477,0.4816558249413136,0.1452620180055882,0.6198105238011447,1008
1,109,22,R1,0.7498867998553979,0.6353937957656539,0.1666103104013101,0.636398485032431,1008
1,49,23,R1,0.8283257888710913,0.950256413957878,0.0995821839289281,0.7701965273386291,1008
1,30,24,R1,0.7368173606660973,0.8474725958495511,0.0860961989863019,0.5743078680388759,1008
1,18,25,R1,0.5729790281236422,0.7384981969740725,0.1843563801985027,0.2557862522180893,1008
1,37,26,R1,0.7595545288828925,0.7153475062509211,0.1596108510217903,0.630885350985729,1008
1,17,27,R1,0.6320234110891284,0.6856776442659287,0.225362608287285,0.3817093178893309,1008
1,6,28,R1,0.6963924582233011,0.7189293194759618,0.166536301313819,0.4701104231442497,1008
2,29,0,R1,0.6159722067380023,0.6340065741204668,0.1981606612000391,0.6420075847713604,1008
2,61,3,R1,0.5278051719585922,0.7293041763568096,0.3363426847501183,0.3381535816980993,1008
2,110,4,R1,0.5548623472185168,0.6858279895543005,0.1926056225499275,0.4442349614291717,1008
2,66,11,R1,0.6665149425423988,0.7578173023159229,0.1086722323770469,0.3925076706285088,1008
2,24,12,R1,0.4375015973804737,0.3949194280099225,0.2454376432458112,0.917313173233886,1008
2,83,17,R1,0.6553509249284611,0.6355799830627225,0.2581373777232684,0.8638870328782863,1008
2,117,19,R1,0.5792853730766462,0.7217657061218797,0.1690151380728394,0.6310707170408004,1008
2,89,20,R1,0.4902777037764198,0.48213743357669,0.13575463106955,0.619323524861898,1008
2,103,22,R1,0.5838352631874908,0.6701493974606468,0.1938116384924099,0.404558229684164,1008
2,78,23,R1,0.7117188658820408,0.7927819916244312,0.1106293788920512,0.8501845684572207,1008
2,13,24,R1,0.4541374212558017,0.4591156522791607,0.1118828817622707,0.2790770795046896,1008
2,57,25,R1,0.5121716923243553,0.5864982693773144,0.1781766032235695,0.6308002789774187,1008
2,32,26,R1,0.7527862422902287,0.803517751986621,0.1428969445496204,0.6118263362218614,1008
2,45,27,R1,0.4249559153562514,0.5627076861104426,0.242458672631889,0.4309042846248493,1008
3,107,9,R1,0.4486623958734843,0.3874071545867731,0.1616945873492905,0.7176055146445289,1008
3,42,15,R1,0.5019651094000313,0.712813330612619,0.1576479932840051,0.0997584313631918,1008
3,98,21,R1,0.4787448474153519,0.4160578438702328,0.1418744692715296,0.6663410816464412,1008
3,112,29,R1,0.5690096561621601,0.5357456963993493,0.2030748360928037,0.5886722113978019,1008
4,70,2,R1,0.6191453113831834,0.5531186493326739,0.1571037766053964,0.687236353156055,1008
4,41,3,R1,0.5193448611326293,0.5889893637887279,0.3674832597115905,0.4038431406022658,1008
4,11,9,R1,0.5023544004800462,0.4127294360110608,0.1715788353556896,0.552118861163678,1008
4,10,18,R1,0.4825890519996937,0.5450976419400957,0.1590075028618471,0.7780203692911071,1008
4,84,29,R1,0.5621726058383183,0.4957666121929875,0.2034016549085853,0.5828254571249281,1008
5,68,8,R1,0.4210910103922599,0.5530961644085512,0.0753540613112945,0.5007604209981261,1008
5,80,16,R1,0.4797912799204845,0.2610156910218297,0.2106896728284783,0.8778431054104667,1008
6,58,7,R1,0.3574446993409025,0.4837582209239692,0.153912614261846,0.2266425471110089,1008
6,5,13,R1,0.4269701271716376,0.3313279569015901,0.1929768312096885,0.3016237002255457,1008
6,26,28,R1,0.4576308263781291,0.2631320348093235,0.202157271501578,0.7829304735142183,1008
1,23,2,R2,0.6384227758031077,0.6869363238340706,0.1499477830246117,0.3715474170856628,1008
1,61,3,R2,0.5339144852755165,0.7293041763568096,0.3363426847501183,0.3381535816980993,1008
1,79,4,R2,0.6050277427760846,0.5040048601081404,0.1889218950229976,0.862397586083388,1008
1,56,7,R2,0.4752574743707813,0.4442192586605399,0.1408059438745487,0.6884941042127661,1008
1,68,8,R2,0.5499252660175834,0.5443455227649918,0.0755045107510726,0.5007604209981261,1008
1,107,9,R2,0.5144483366315993,0.3874071545867731,0.1620246005135979,0.7176055146445289,1008
1,66,11,R2,0.5990076435991937,0.7578173023159229,0.1087391223960711,0.3925076706285088,1008
1,105,12,R2,0.6582035648150244,0.8218428662666531,0.1937020896124407,0.338427978094508,1008
1,82,17,R2,0.6541855783985552,0.8028837823922144,0.2319255485589562,0.8881519603150456,1008
1,10,18,R2,0.4189478543915911,0.5420374293286307,0.1590652434988314,0.7780203692911071,1008
1,72,20,R2,0.4648876423317242,0.5854197568265005,0.1214406239871253,0.4021647205228701,1008
1,101,21,R2,0.4832985684273348,0.4816558249413136,0.1452620180055882,0.6198105238011447,1008
1,103,22,R2,0.6388433482839045,0.6701493974606468,0.1938116384924099,0.404558229684164,1008
1,49,23,R2,0.8949039788230055,0.950256413957878,0.0995821839289281,0.7701965273386291,1008
1,30,24,R2,0.6954713111385531,0.8474725958495511,0.0860961989863019,0.5743078680388759,1008
1,18,25,R2,0.605719343858463,0.7384981969740725,0.1843563801985027,0.2557862522180893,1008
1,37,26,R2,0.6896994056980096,0.7153475062509211,0.1596108510217903,0.630885350985729,1008
1,17,27,R2,0.5691099532422657,0.6856776442659287,0.225362608287285,0.3817093178893309,1008
1,6,28,R2,0.5067315629367966,0.7189293194759618,0.166536301313819,0.4701104231442497,1008
2,29,0,R2,0.5727799464948068,0.6340065741204668,0.1981606612000391,0.6420075847713604,1008
2,86,5,R2,0.5342394227600876,0.6680930692611691,0.237196355934439,0.8021769662016133,1008
2,45,6,R2,0.5295763735658549,0.5913577706152949,0.0600711307449057,0.4309042846248493,1008
2,11,9,R2,0.4919899938292045,0.4071075676736142,0.1723659479248977,0.552118861163678,1008
2,100,11,R2,0.7148836414003408,0.7842784934942967,0.114336090311378,0.2783680371543851,1008
2,42,15,R2,0.5314264202949258,0.7095386133808612,0.1577416712862206,0.0997584313631918,1008
2,69,16,R2,0.4835193351817737,0.4321629188064043,0.1803857696719008,0.9120028080848592,1008
2,83,17,R2,0.6953750328421444,0.6355799830627225,0.2581373777232684,0.8638870328782863,1008
2,117,19,R2,0.618876521129744,0.7217657061218797,0.1685309915525342,0.6310707170408004,1008
2,59,20,R2,0.4229418012787443,0.3891117484619159,0.1404750728271778,0.5239808924641788,1008
2,109,22,R2,0.6639514867351304,0.6353937957656539,0.1666103104013101,0.636398485032431,1008
2,78,23,R2,0.7743235720972754,0.7927819916244312,0.1109093828613837,0.8501845684572207,1008
2,60,24,R2,0.5507727545584498,0.6135402039732586,0.0961403350870976,0.2191233197851114,1008
2,32,26,R2,0.6836108911063039,0.8116876203315321,0.1425155674424595,0.6118263362218614,1008
2,3,27,R2,0.4849358355042277,0.5976684726018053,0.2278101445391672,0.4945280984335697,1008
2,73,28,R2,0.3870507954478815,0.5413809812501851,0.2172785841020904,0.231769486433107,1008
2,96,29,R2,0.530893989390053,0.6067800559940733,0.2095773483593807,0.5250604348877872,1008
3,41,3,R2,0.5290509387264364,0.5940561728268254,0.3629841475593821,0.4038431406022658,1008
3,58,7,R2,0.353367051902868,0.4837582209239692,0.153912614261846,0.2266425471110089,1008
3,15,15,R2,0.5702465717484168,0.5245124473434803,0.1358224445467743,0.6459339897060363,1008
3,118,19,R2,0.6495480142874571,0.7793797178806572,0.1591056456868797,0.6149701936876173,1008
3,113,21,R2,0.5188165087791043,0.4816558249413136,0.1477667936843793,0.596352049019262,1008
3,51,25,R2,0.5759695072329198,0.5142530496907247,0.1848579182140866,0.8520976046128944,1008
4,95,1,R2,0.4220630648453128,0.2421125235346939,0.0578077741868909,0.431401616476832,1008
4,110,4,R2,0.5811863305904033,0.706678169288012,0.1919849710781314,0.4442349614291717,1008
4,115,8,R2,0.4024063977992193,0.3668134967267842,0.081632659937906,0.6873866436633599,1008
4,80,10,R2,0.4471719013467483,0.2067140111596923,0.4832984473494727,0.8778431054104667,1008
5,25,13,R2,0.4676498184019803,0.4896496203321051,0.1675503603523015,0.5448883989243476,1008
5,112,29,R2,0.5257456577340558,0.5453817248425025,0.2029485182593267,0.5886722113978019,1008
6,70,2,R2,0.6544841884105668,0.5652995875305513,0.1568990688194064,0.687236353156055,1008
6,2,12,R2,0.4779626853787886,0.4581043174524098,0.2424392987135832,0.7496381303622642,1008
1,29,0,R3,0.5825250998252383,0.6340065741204668,0.1981606612000391,0.6420075847713604,1008
1,23,2,R3,0.5425779237948676,0.6869363238340706,0.1499477830246117,0.3715474170856628,1008
1,61,3,R3,0.5831020225367114,0.7293041763568096,0.3363426847501183,0.3381535816980993,1008
1,110,4,R3,0.6691340607406755,0.6858279895543005,0.1927118362256763,0.4442349614291717,1008
1,86,5,R3,0.59583663478842,0.660412763606355,0.2379711710791839,0.8021769662016133,1008
1,3,6,R3,0.559041057928537,0.563454249823502,0.0565670891673931,0.4945280984335697,1008
1,68,8,R3,0.5341453325406201,0.5443455227649918,0.0755045107510726,0.5007604209981261,1008
1,66,11,R3,0.6069741112895904,0.7578173023159229,0.1087391223960711,0.3925076706285088,1008
1,105,12,R3,0.6640066287686671,0.8218428662666531,0.1937020896124407,0.338427978094508,1008
1,80,16,R3,0.4472143849111649,0.2547978824033392,0.212092894891504,0.8778431054104667,1008
1,82,17,R3,0.6900185241047208,0.8028837823922144,0.2319255485589562,0.8881519603150456,1008
1,20,18,R3,0.3632648328395012,0.3161253265628093,0.2227013518651455,0.0550198662983654,1008
1,118,19,R3,0.6201049250835464,0.7639229633813043,0.1596371973583477,0.6149701936876173,1008
1,72,20,R3,0.4611326274608957,0.5854197568265005,0.1214406239871253,0.4021647205228701,1008
1,101,21,R3,0.5429747865980136,0.4816558249413136,0.1452620180055882,0.6198105238011447,1008
1,109,22,R3,0.695273209071264,0.6353937957656539,0.1666103104013101,0.636398485032431,1008
1,49,23,R3,0.8544933535397288,0.950256413957878,0.0995821839289281,0.7701965273386291,1008
1,30,24,R3,0.7312113006822544,0.8474725958495511,0.0860961989863019,0.5743078680388759,1008
1,18,25,R3,0.5969187683896175,0.7384981969740725,0.1843563801985027,0.2557862522180893,1008
1,32,26,R3,0.7727495560955412,0.800080152612993,0.1429667739424219,0.6118263362218614,1008
1,17,27,R3,0.6125254574312962,0.6856776442659287,0.225362608287285,0.3817093178893309,1008
1,6,28,R3,0.5866071536288919,0.7189293194759618,0.166536301313819,0.4701104231442497,1008
1,112,29,R3,0.5276592832345482,0.5343957527018472,0.2037124026693884,0.5886722113978019,1008
2,70,2,R3,0.5548938004012635,0.5509802371411345,0.1576115692629117,0.687236353156055,1008
2,79,4,R3,0.641514286387262,0.5060331074819306,0.1884960939841535,0.862397586083388,1008
2,100,11,R3,0.664530335713624,0.7856052929472908,0.1142614090921191,0.2783680371543851,1008
2,25,13,R3,0.4823841610245797,0.4886069358979484,0.1671266539549918,0.5448883989243476,1008
2,15,15,R3,0.6024395875584108,0.5085425609592626,0.1366110168917576,0.6459339897060363,1008
2,69,16,R3,0.4551778973661968,0.4321629188064043,0.1803857696719008,0.9120028080848592,1008
2,83,17,R3,0.6632468930456007,0.638385971272996,0.2581373777232684,0.8638870328782863,1008
2,10,18,R3,0.478560556669835,0.5420374293286307,0.1590652434988314,0.7780203692911071,1008
2,117,19,R3,0.5478454180334541,0.7217657061218797,0.1690151380728394,0.6310707170408004,1008
2,103,22,R3,0.5553025308002763,0.6894985737869588,0.1742559648482509,0.404558229684164,1008
2,78,23,R3,0.8135906369902471,0.7997503852516983,0.1107349724613299,0.8501845684572207,1008
2,13,24,R3,0.4772055950843093,0.4591156522791607,0.1118828817622707,0.2790770795046896,1008
2,16,25,R3,0.5350019792857916,0.5370012833529578,0.1668863508413098,0.96372407536808,1008
2,88,27,R3,0.3982492875722099,0.4686783709774329,0.2786804685874442,0.1393985939798224,1008
2,26,28,R3,0.4195012375280645,0.2631320348093235,0.202157271501578,0.7829304735142183,1008
3,89,12,R3,0.4903358349484526,0.5376621521797043,0.2354452540551607,0.619323524861898,1008
3,42,15,R3,0.4502918743025445,0.7095386133808612,0.1577416712862206,0.0997584313631918,1008
3,59,20,R3,0.4781873426844544,0.3854195972106743,0.1406196520380776,0.5239808924641788,1008
4,41,3,R3,0.4898166336567305,0.5858677139116746,0.3657011937263432,0.4038431406022658,1008
4,45,6,R3,0.4962996842147246,0.5913577706152949,0.0600711307449057,0.4309042846248493,1008
4,75,14,R3,0.3594930014330387,0.4200104051397794,0.1563563210244554,0.1449210979566322,1008
4,113,21,R3,0.5491164167404148,0.4816558249413136,0.1477667936843793,0.596352049019262,1008
4,37,26,R3,0.6875604201413782,0.736716964363082,0.1569130935036878,0.630885350985729,1008
5,107,13,R3,0.4380922099402824,0.4775805426141779,0.1570194803111262,0.7176055146445289,1008
5,96,29,R3,0.4707926658689992,0.6133362747864677,0.2088355001025645,0.5250604348877872,1008
6,56,7,R3,0.4501113998836822,0.4638778323487981,0.1298641574940647,0.6884941042127661,1008
6,55,8,R3,0.4922718816252143,0.5722827569933169,0.0830830152427034,0.2432974029807218,1008
6,11,9,R3,0.5296588837114338,0.40861480199668,0.1721389392990692,0.552118861163678,1008
1,76,0,R0,0.6235016280066895,0.543850422162908,0.0521913751220055,0.4417306506452718,1009
1,34,2,R0,0.7551684633164014,0.6614337374458914,0.0406247338706185,0.4645335959453424,1009
1,79,3,R0,0.6968375396000591,0.7373758856979729,0.2555247283638635,0.3717207234916155,1009
1,38,4,R0,0.7128684859898425,0.6490852592862334,0.1158123120362229,0.8942944886191871,1009
1,33,7,R0,0.5921542641320597,0.4578013904975763,0.128487061863034,0.6900761863497589,1009
1,32,8,R0,0.6140518643458253,0.3815342027832381,0.2686467174479665,0.6428039719218669,1009
1,111,9,R0,0.6875441025344495,0.4762626119542769,0.2428196112349312,0.6240161547890762,1009
1,21,10,R0,0.8488526011704124,0.9075548541816676,0.0262373784914343,0.2583904626636742,1009
1,11,11,R0,0.746046626379786,0.91972935709541,0.1971849114974849,0.27656744359366,1009
1,112,12,R0,0.8983835338255309,0.9167189064300544,0.1398463491887165,0.2463831116364302,1009
1,95,13,R0,0.6668421067342231,0.6749575627358666,0.0965836128605197,0.2969587457383212,1009
1,56,15,R0,0.6476463016224802,0.6897799632258583,0.2659499608633982,0.8037453741069142,1009
1,22,16,R0,0.7854052724757248,0.6139335917781674,0.1352860300887793,0.6513486075560176,1009
1,58,17,R0,0.6283009434504465,0.5220356344451533,0.3976344915624182,0.6632767720461233,1009
1,74,18,R0,0.827073702011707,0.9017448094568756,0.222228922506815,0.6629022337549214,1009
1,1,19,R0,0.7005271546194833,0.6164307947947807,0.3580710595554381,0.7813744825088318,1009
1,78,20,R0,0.6430511950337104,0.6713723728003301,0.1940952146714432,0.0774319463385134,1009
1,77,21,R0,0.7213617330601289,0.6328591816950626,0.2058999014920619,0.634615563255361,1009
1,9,22,R0,0.6626568336016535,0.8379900978870279,0.327936134786266,0.5843065359314725,1009
1,19,23,R0,0.5356929197649657,0.6321846806249316,0.3854530210678084,0.5714023221994023,1009
1,16,24,R0,0.8427904800053133,0.9017438892014232,0.1284633265619872,0.8172892340761653,1009
1,110,25,R0,0.6132774324414396,0.6101117603012342,0.321858915202712,0.6265842169433763,1009
1,87,26,R0,0.7062958491399197,0.8416181193009401,0.254666353175934,0.3244794791606441,1009
1,20,27,R0,0.7552551641142308,0.7196245145470419,0.1281301369900089,0.5301083918619562,1009
1,100,28,R0,0.5661846259443706,0.338813331420968,0.1971577580390619,0.4980449533975241,1009
1,71,29,R0,0.6853376684229958,0.6552015416094292,0.0982818205287568,0.6982019212630938,1009
2,93,0,R0,0.556671310451475,0.5198954656844461,0.0533640304180882,0.4370787247785647,1009
2,65,1,R0,0.5570450306654405,0.5612223694171057,0.042940002127537,0.5957446441225287,1009
2,83,2,R0,0.617450167902078,0.4795337166164057,0.0429010355883021,0.4465224076155743,1009
2,0,3,R0,0.5874646688015264,0.6588325976117284,0.2604763247912557,0.3937289338663235,1009
2,90,4,R0,0.6588021265909234,0.4358646243267329,0.1217732456021557,0.4586816923790418,1009
2,25,9,R0,0.5909353335038774,0.4410737692290574,0.2411546847725433,0.4447942688797957,1009
2,50,10,R0,0.5424509943270184,0.4835154958487966,0.0290336337326803,0.2580582407388872,1009
2,55,11,R0,0.6587206655355118,0.7796913172429822,0.2043852830782318,0.2488699585659949,1009
2,88,12,R0,0.7043254165901848,0.6491013358822485,0.1489630856635269,0.4313428723958167,1009
2,24,14,R0,0.56747138244937,0.575534246693916,0.2274237272939221,0.4723696753152635,1009
2,101,15,R0,0.4622075871282511,0.3863359948844264,0.2906312111451706,0.4320957219680733,1009
2,40,16,R0,0.4250484905687243,0.3669067086251243,0.1447660721216155,0.2307989299058669,1009
2,85,17,R0,0.5210252787017301,0.7657156796900614,0.3678623505008037,0.4969602953193719,1009
2,4,18,R0,0.6746150939912261,0.7827567072582552,0.2357549462448958,0.6271542578524988,1009
2,31,22,R0,0.4399702202436888,0.3743764255017932,0.3796269078188631,0.3368066515854609,1009
2,94,23,R0,0.4992249557980914,0.2348801028525483,0.4351622698990423,0.7874625481506868,1009
2,105,24,R0,0.5242114728860717,0.41030372910457,0.1478855820834541,0.6288755781847517,1009
2,8,26,R0,0.6657100388116076,0.6663172161361779,0.2670982873201446,0.4802672953864911,1009
2,62,27,R0,0.6654978670077002,0.5569573109350509,0.1334847742242788,0.4527226494114482,1009
2,98,29,R0,0.3374407795664192,0.3317235547742755,0.1093407558457651,0.4879655040827219,1009
3,36,6,R0,0.6030277961277513,0.4638924811384216,0.290800790471757,0.7994502458909511,1009
3,68,13,R0,0.629664982291998,0.6225474010957245,0.0988481837916897,0.295204250322525,1009
3,23,19,R0,0.4252429616129637,0.3214443034692437,0.3906218229460149,0.2975319674741131,1009
3,7,20,R0,0.5065264428684784,0.4547902617855683,0.2062016081995126,0.8564708101929527,1009
4,3,5,R0,0.5253731105879939,0.4042419650788127,0.1542841838888664,0.1542557251706798,1009
4,18,6,R0,0.6425400986920632,0.5784295609887365,0.2854984783096325,0.2966168679287559,1009
4,61,8,R0,0.5901037656893413,0.3688879665663159,0.2707699603407779,0.8379325513130909,1009
4,26,21,R0,0.4423364529499496,0.3935451891872358,0.226316466075674,0.7096765757212664,1009
5,10,1,R0,0.534282569080957,0.5333899737437251,0.0438274296188369,0.4781835129137986,1009
5,115,7,R0,0.5263115260673705,0.3945358887719962,0.1334373305361506,0.5425908614451856,1009
1,93,0,R1,0.5501285985114653,0.5198954656844461,0.0525389205350015,0.4370787247785647,1009
1,34,2,R1,0.660788374912384,0.6614337374458914,0.0340332131561393,0.4645335959453424,1009
1,1,3,R1,0.5515385577239487,0.5373016218326683,0.215980370548409,0.7813744825088318,1009
1,71,5,R1,0.5335061865348347,0.5843761682009327,0.1174001771429675,0.6982019212630938,1009
1,18,6,R1,0.5097339565086151,0.5784295609887365,0.2558321714645664,0.2966168679287559,1009
1,33,7,R1,0.5593388433116897,0.4578013904975763,0.1062238510610752,0.6900761863497589,1009
1,119,8,R1,0.4531565793452147,0.3182771716052307,0.2443979063886094,0.4789444991486704,1009
1,111,9,R1,0.6339913710550585,0.4762626119542769,0.2014931006511649,0.6240161547890762,1009
1,21,10,R1,0.7940428664323136,0.9075548541816676,0.023661484769395,0.2583904626636742,1009
1,11,11,R1,0.6664773667116458,0.91972935709541,0.1555416665253676,0.27656744359366,1009
1,112,12,R1,0.7350234948583588,0.9167189064300544,0.1122010707826512,0.2463831116364302,1009
1,56,15,R1,0.6507834139405291,0.6897799632258583,0.1899078383927886,0.8037453741069142,1009
1,22,16,R1,0.6418944966683277,0.6139335917781674,0.1107341403767442,0.6513486075560176,1009
1,58,17,R1,0.5153157592456741,0.5220356344451533,0.4074135498822164,0.6632767720461233,1009
1,74,18,R1,0.7669382380571554,0.9017448094568756,0.1620745533236582,0.6629022337549214,1009
1,110,19,R1,0.5110827004062048,0.6213826988768286,0.3111727768866835,0.6265842169433763,1009
1,78,20,R1,0.5180806142805885,0.6713723728003301,0.2339695253953322,0.0774319463385134,1009
1,77,21,R1,0.6281329505432335,0.6328591816950626,0.1756352684128531,0.634615563255361,1009
1,9,22,R1,0.6515656304163123,0.8379900978870279,0.2439823697380831,0.5843065359314725,1009
1,81,23,R1,0.5033256048690534,0.441114587373608,0.3584411029556275,0.4694402501360379,1009
1,16,24,R1,0.7035152570812435,0.9017438892014232,0.0975206776769639,0.8172892340761653,1009
1,79,25,R1,0.4801336831835752,0.6300536598416085,0.2925973148251209,0.3717207234916155,1009
1,8,26,R1,0.6329336174022975,0.6663172161361779,0.2299255929345978,0.4802672953864911,1009
1,20,27,R1,0.6578197272439307,0.7196245145470419,0.0985940864372819,0.5301083918619562,1009
1,117,29,R1,0.5222791498682706,0.6251009395558982,0.0791338109740205,0.7734319202830353,1009
2,76,0,R1,0.5327766570192465,0.543850422162908,0.0459591171610387,0.4417306506452718,1009
2,65,1,R1,0.4854849541473548,0.5612223694171057,0.039002701491813,0.5957446441225287,1009
2,84,2,R1,0.5463047109938911,0.5139923504119548,0.0354258320864234,0.8795544420551582,1009
2,38,4,R1,0.595645898876723,0.6490852592862334,0.0920731539967424,0.8942944886191871,1009
2,80,5,R1,0.4914003679192034,0.6316743235713213,0.1344297537916252,0.3330062291909642,1009
2,32,8,R1,0.5284312775205969,0.3815342027832381,0.2445634296446006,0.6428039719218669,1009
2,75,9,R1,0.4848913480771421,0.5408775902853616,0.2271483038727957,0.8726347278941842,1009
2,49,10,R1,0.3750943213059708,0.3933444420135326,0.0260983743452281,0.861555337003331,1009
2,55,11,R1,0.667024131032179,0.778503352281698,0.180312187755164,0.2488699585659949,1009
2,88,12,R1,0.5866421097746916,0.6491013358822485,0.1224588008608263,0.4313428723958167,1009
2,68,13,R1,0.552562918536303,0.6264042284138589,0.0903299829469805,0.295204250322525,1009
2,24,14,R1,0.3975515177331825,0.575534246693916,0.1985841626611736,0.4723696753152635,1009
2,87,16,R1,0.54581054819763,0.6379752687425839,0.1235203898720144,0.3244794791606441,1009
2,4,18,R1,0.6281117027938454,0.7853431238939281,0.1913390689963024,0.6271542578524988,1009
2,85,24,R1,0.6392460232608297,0.6782622770338709,0.115012737089201,0.4969602953193719,1009
2,62,27,R1,0.5321852753029166,0.5569573109350509,0.1129302640202541,0.4527226494114482,1009
2,98,29,R1,0.3793112509774173,0.3344957268846659,0.1044576032801761,0.4879655040827219,1009
3,47,6,R1,0.5255710552559201,0.5646237294812791,0.2328209065656259,0.6580405376496583,1009
3,28,13,R1,0.5409044216868266,0.6085066625480045,0.0933181961290405,0.2641958087851764,1009
3,101,15,R1,0.4171728323903867,0.3853565517772349,0.2838044394858443,0.4320957219680733,1009
3,83,19,R1,0.4273377427942135,0.3916233732394087,0.3598952630748621,0.4465224076155743,1009
3,6,21,R1,0.3441394219754466,0.5310384869846485,0.2201776462704162,0.3730787301628813,1009
3,94,23,R1,0.4520559496289439,0.2381025910990836,0.3893415172201987,0.7874625481506868,1009
3,67,28,R1,0.3577481856665001,0.4302041994054694,0.1798201768001388,0.4382157680539487,1009
4,90,4,R1,0.5488260531867996,0.4439243851131107,0.1154593761044629,0.4586816923790418,1009
4,7,20,R1,0.4802115572382497,0.4545955833243547,0.1602598654504397,0.8564708101929527,1009
4,0,25,R1,0.4911879754006966,0.6366992961032596,0.3025883454806134,0.3937289338663235,1009
4,70,28,R1,0.486879965380088,0.3227023526809026,0.1741010979725084,0.8290778118333288,1009
5,10,3,R1,0.4278430877898644,0.4130036517262145,0.2748295103406746,0.4781835129137986,1009
5,107,26,R1,0.4859000362975238,0.4037880974932517,0.2550321176098849,0.8977481900955477,1009
6,26,14,R1,0.4395442646143993,0.347890793259907,0.2367875840846223,0.7096765757212664,1009
1,76,0,R2,0.545263840473146,0.543850422162908,0.0459591171610387,0.4417306506452718,1009
1,34,2,R2,0.6975596503623219,0.6614337374458914,0.0340332131561393,0.4645335959453424,1009
1,79,3,R2,0.5742059295129209,0.7373758856979729,0.2296313734376618,0.3717207234916155,1009
1,75,5,R2,0.5044203376674423,0.4082924332949753,0.1408421678672051,0.8726347278941842,1009
1,111,9,R2,0.5337694134763811,0.4762626119542769,0.2014931006511649,0.6240161547890762,1009
1,21,10,R2,0.7635653022491026,0.9075548541816676,0.023661484769395,0.2583904626636742,1009
1,11,11,R2,0.7060666107352875,0.91972935709541,0.1555416665253676,0.27656744359366,1009
1,112,12,R2,0.6668569143089464,0.9167189064300544,0.1122010707826512,0.2463831116364302,1009
1,56,15,R2,0.670906698608878,0.6897799632258583,0.1899078383927886,0.8037453741069142,1009
1,22,16,R2,0.6395842009063987,0.6139335917781674,0.1107341403767442,0.6513486075560176,1009
1,58,17,R2,0.5631134966094689,0.5220356344451533,0.4074135498822164,0.6632767720461233,1009
1,74,18,R2,0.6998336619155089,0.9017448094568756,0.1620745533236582,0.6629022337549214,1009
1,110,19,R2,0.5261035914584015,0.6213826988768286,0.3111727768866835,0.6265842169433763,1009
1,77,21,R2,0.5778745281293726,0.6328591816950626,0.1756352684128531,0.634615563255361,1009
1,9,22,R2,0.645674755765003,0.8379900978870279,0.2439823697380831,0.5843065359314725,1009
1,16,24,R2,0.8214097847341079,0.9017438892014232,0.0975206776769639,0.8172892340761653,1009
1,87,26,R2,0.7029390199848827,0.8416181193009401,0.2227587888150344,0.3244794791606441,1009
1,20,27,R2,0.6172532947901085,0.7196245145470419,0.0985940864372819,0.5301083918619562,1009
1,117,29,R2,0.6646368136453696,0.6251009395558982,0.0791338109740205,0.7734319202830353,1009
2,93,0,R2,0.5180476598242257,0.5212823631219259,0.0524057286519661,0.4370787247785647,1009
2,84,2,R2,0.5816070896457957,0.5247714487957942,0.035309657441197,0.8795544420551582,1009
2,1,3,R2,0.5455548699429063,0.5373016218326683,0.215980370548409,0.7813744825088318,1009
2,38,4,R2,0.5478798740905272,0.6490852592862334,0.0920731539967424,0.8942944886191871,1009
2,47,6,R2,0.5603421893162719,0.5644954824021842,0.2329911376673255,0.6580405376496583,1009
2,115,7,R2,0.5147098299949208,0.4002928928969653,0.1136214830097142,0.5425908614451856,1009
2,55,11,R2,0.641215531492,0.7868617836770457,0.1802159347003739,0.2488699585659949,1009
2,88,12,R2,0.6641532722562639,0.6504567254199569,0.1223699608811968,0.4313428723958167,1009
2,28,13,R2,0.5866795217627314,0.6085066625480045,0.0933181961290405,0.2641958087851764,1009
2,85,17,R2,0.6119968626646177,0.7657156796900614,0.3039720619190428,0.4969602953193719,1009
2,4,18,R2,0.660263118595998,0.7879451151328886,0.1914025160428421,0.6271542578524988,1009
2,65,19,R2,0.4641978181700617,0.5027247379606471,0.330253029210537,0.5957446441225287,1009
2,78,20,R2,0.5046008405570906,0.6713723728003301,0.2339695253953322,0.0774319463385134,1009
2,0,25,R2,0.4631312908190796,0.6366992961032596,0.3025883454806134,0.3937289338663235,1009
2,40,26,R2,0.5836744400278973,0.6539092558510854,0.2527404792320464,0.2307989299058669,1009
2,62,27,R2,0.614560076815206,0.5621140556726897,0.1128937558539446,0.4527226494114482,1009
2,71,29,R2,0.6057481469780003,0.6552015416094292,0.0761116210990522,0.6982019212630938,1009
3,90,4,R2,0.5704184407526978,0.4433742244066602,0.1150081033189165,0.4586816923790418,1009
3,36,6,R2,0.5357880057170026,0.4636393299809467,0.2549900419324148,0.7994502458909511,1009
3,33,7,R2,0.5130534221606656,0.4622127394161777,0.1061791663698754,0.6900761863497589,1009
3,95,13,R2,0.6086732312774654,0.6834380258836092,0.0939909377191038,0.2969587457383212,1009
3,108,15,R2,0.4808332941373972,0.5830127634436472,0.2404496989189835,0.4781808964857912,1009
3,15,22,R2,0.3153213379890761,0.211520790308475,0.428149024163106,0.6627020508875414,1009
3,19,23,R2,0.5362393106775085,0.6365590878526358,0.3081411244091658,0.5714023221994023,1009
4,98,5,R2,0.4551954053651929,0.5083698071808453,0.1352563771809488,0.4879655040827219,1009
4,42,9,R2,0.4973021468612026,0.5230972132963672,0.2299361629351058,0.17826951015293,1009
4,24,14,R2,0.4110527541958902,0.5815263725719049,0.1984027024146407,0.4723696753152635,1009
4,18,21,R2,0.4030163815684223,0.4381759715118147,0.2019486712970451,0.2966168679287559,1009
4,94,23,R2,0.4575956813774837,0.2511366702901283,0.3885097956257498,0.7874625481506868,1009
4,64,24,R2,0.4133894625065681,0.4869157116111029,0.1227883728157915,0.6766470132983582,1009
4,8,25,R2,0.394577158084877,0.390715909358332,0.3068116783064716,0.4802672953864911,1009
5,10,1,R2,0.4622120881383936,0.5333899737437251,0.0386436787523474,0.4781835129137986,1009
5,7,20,R2,0.4927957386686733,0.4720935922201578,0.1599697050435012,0.8564708101929527,1009
5,100,28,R2,0.4542104179918951,0.3570539639522075,0.1807209089260367,0.4980449533975241,1009
6,106,1,R2,0.3617233042311628,0.3630618807617236,0.0453406938467446,0.6406662469001078,1009
6,26,14,R2,0.3886953900564832,0.3492563604399792,0.2364022785275448,0.7096765757212664,1009
6,67,28,R2,0.4232213807907137,0.4330863444543574,0.1792548497615079,0.4382157680539487,1009
1,34,2,R3,0.6383065394918336,0.6614337374458914,0.0340332131561393,0.4645335959453424,1009
1,79,3,R3,0.6021552313011767,0.7373758856979729,0.2296313734376618,0.3717207234916155,1009
1,18,6,R3,0.5097300855816563,0.5784295609887365,0.2558321714645664,0.2966168679287559,1009
1,33,7,R3,0.505935721072127,0.4578013904975763,0.1062238510610752,0.6900761863497589,1009
1,111,9,R3,0.5800934677026351,0.4762626119542769,0.2014931006511649,0.6240161547890762,1009
1,21,10,R3,0.7338364479453398,0.9075548541816676,0.023661484769395,0.2583904626636742,1009
1,11,11,R3,0.688859304291922,0.91972935709541,0.1555416665253676,0.27656744359366,1009
1,112,12,R3,0.7570231094454613,0.9167189064300544,0.1122010707826512,0.2463831116364302,1009
1,68,13,R3,0.5247117774926928,0.6225474010957245,0.0905693749006583,0.295204250322525,1009
1,24,14,R3,0.5670101495289406,0.575534246693916,0.1985841626611736,0.4723696753152635,1009
1,56,15,R3,0.6310271745714983,0.6897799632258583,0.1899078383927886,0.8037453741069142,1009
1,22,16,R3,0.6141007967382837,0.6139335917781674,0.1107341403767442,0.6513486075560176,1009
1,74,18,R3,0.7893624642757097,0.9017448094568756,0.1620745533236582,0.6629022337549214,1009
1,78,20,R3,0.4993356911593787,0.6713723728003301,0.2339695253953322,0.0774319463385134,1009
1,77,21,R3,0.6062397444285811,0.6328591816950626,0.1756352684128531,0.634615563255361,1009
1,9,22,R3,0.6074999321907616,0.8379900978870279,0.2439823697380831,0.5843065359314725,1009
1,16,24,R3,0.7347445265528467,0.9017438892014232,0.0975206776769639,0.8172892340761653,1009
1,87,26,R3,0.6036892915927597,0.8416181193009401,0.2227587888150344,0.3244794791606441,1009
1,117,29,R3,0.5949572527770549,0.6251009395558982,0.0791338109740205,0.7734319202830353,1009
2,76,0,R3,0.5069351467608676,0.5537261644914215,0.0455083410422426,0.4417306506452718,1009
2,65,1,R3,0.5036142597321774,0.5612223694171057,0.039002701491813,0.5957446441225287,1009
2,84,2,R3,0.4636869880543197,0.5199926432960671,0.0353504490279902,0.8795544420551582,1009
2,110,3,R3,0.621396970119042,0.5993794409191564,0.2277139347176102,0.6265842169433763,1009
2,38,4,R3,0.6372961085957586,0.6521249000417516,0.0920536453666262,0.8942944886191871,1009
2,69,5,R3,0.4426260738846233,0.4042419650788127,0.1446647642435569,0.2722747417849223,1009
2,47,6,R3,0.5498578454354287,0.5691046254686529,0.2327917503116747,0.6580405376496583,1009
2,32,8,R3,0.5343945248880362,0.3902421447374796,0.2437466835959415,0.6428039719218669,1009
2,55,11,R3,0.6596131371582336,0.7794837163153228,0.1798468672652108,0.2488699585659949,1009
2,88,12,R3,0.6604908364344466,0.651125404047925,0.1224588008608263,0.4313428723958167,1009
2,95,13,R3,0.5437084721474293,0.6909720945873898,0.0871461461727951,0.2969587457383212,1009
2,13,18,R3,0.5774248414688818,0.6450575644653462,0.1765329937922768,0.8096901085064478,1009
2,19,23,R3,0.5516652901333832,0.6395841219471192,0.306704296289532,0.5714023221994023,1009
2,1,25,R3,0.6410083354214582,0.5196901508669223,0.2655963393786939,0.7813744825088318,1009
2,8,26,R3,0.5914237982843505,0.6663172161361779,0.2299255929345978,0.4802672953864911,1009
2,20,27,R3,0.6009459098500977,0.721134038436793,0.098506478219815,0.5301083918619562,1009
2,71,29,R3,0.6285260055467845,0.6552015416094292,0.076172401684201,0.6982019212630938,1009
3,10,1,R3,0.4369122789232015,0.5333899737437251,0.0386436787523474,0.4781835129137986,1009
3,113,4,R3,0.5879570305229083,0.7207808084860435,0.107518417488902,0.3530730598163171,1009
3,61,8,R3,0.5316783838462644,0.364082169960217,0.2344859490355451,0.8379325513130909,1009
3,25,9,R3,0.5689178697454872,0.457671987969044,0.2153627815341574,0.4447942688797957,1009
3,40,16,R3,0.4308306094429145,0.3669067086251243,0.1398093599195539,0.2307989299058669,1009
3,58,17,R3,0.5745737202770934,0.5573612631950646,0.3590310401164839,0.6632767720461233,1009
3,85,24,R3,0.638900539871473,0.6782622770338709,0.115012737089201,0.4969602953193719,1009
3,62,27,R3,0.5658185105857964,0.5786084946964929,0.1042750428836789,0.4527226494114482,1009
3,96,28,R3,0.4095067682841652,0.3268237134492456,0.1991969711570767,0.4136636529709803,1009
4,49,10,R3,0.4906073998503621,0.4259026059562206,0.0233428387711901,0.861555337003331,1009
4,108,15,R3,0.5079931901200301,0.5800520303957613,0.2409363406919994,0.4781808964857912,1009
4,31,22,R3,0.4137787180636458,0.4177187427498909,0.3167369059191663,0.3368066515854609,1009
4,0,25,R3,0.4536364182579078,0.6366992961032596,0.3025883454806134,0.3937289338663235,1009
5,93,0,R3,0.477900564525025,0.5465251315635244,0.0509613807236005,0.4370787247785647,1009
6,90,7,R3,0.4273699738707749,0.3599476145714989,0.1184234943650061,0.4586816923790418,1009
6,26,14,R3,0.3879139253035212,0.347890793259907,0.2367875840846223,0.7096765757212664,1009
6,83,19,R3,0.3594218470347582,0.4098863832840931,0.3519640119715346,0.4465224076155743,1009
6,7,20,R3,0.5079366101449628,0.4816672935214996,0.1587495263734681,0.8564708101929527,1009
1,100,0,R0,0.6740237466974917,0.6814245414806125,0.1105841581151084,0.298646557609132,1010
1,106,1,R0,0.5362082683855736,0.2972393965938276,0.0607529942800888,0.5114649677456911,1010
1,18,2,R0,0.5935435347359546,0.7109692738922959,0.1178734212753154,0.3225826299576734,1010
1,107,5,R0,0.7648401753295653,0.8809006174706452,0.1758509464929807,0.3284430738009935,1010
1,97,6,R0,0.6200160237442741,0.5903579840975476,0.1613184595889195,0.7012149394697784,1010
1,77,7,R0,0.7703137976643939,0.6511927960126848,0.339804947053559,0.6134292576354355,1010
1,42,8,R0,0.5998517068410876,0.5609469604619857,0.1168017142820235,0.1210972470085296,1010
1,43,10,R0,0.6104954324328813,0.5148036078193086,0.2420953804026508,0.7558503341296665,1010
1,2,11,R0,0.7050875556930511,0.6697720159506633,0.2354320799381993,0.5703717891443593,1010
1,7,12,R0,0.6429977059724393,0.4813894586344532,0.2047361915737356,0.5390697218732944,1010
1,13,13,R0,0.6193227444489432,0.6453222237593534,0.4729544337659669,0.7424753690844565,1010
1,5,14,R0,0.7912804034722963,0.9132265729022482,0.0588846050910577,0.6242620483790922,1010
1,33,15,R0,0.6029905314367227,0.4457086878320053,0.1826383294322746,0.7729563637006098,1010
1,109,16,R0,0.5236731676582416,0.4565780167585167,0.2837251118900766,0.4735506352073781,1010
1,10,17,R0,0.6155579888613774,0.5165937102905886,0.1167521109768679,0.5781116024178926,1010
1,50,18,R0,0.56051561961229,0.4270211701329149,0.0401077331881454,0.5369041310817575,1010
1,116,21,R0,0.5680703939183056,0.632375737996538,0.3501499236530762,0.2033378873527899,1010
1,20,22,R0,0.6467422450264501,0.6435028646626205,0.2132881824018058,0.493699643571115,1010
1,91,23,R0,0.6500198041171961,0.7147893635586176,0.2125601763740786,0.0840976908740412,1010
1,75,24,R0,0.652128153036741,0.7028913510651189,0.3934574152622211,0.5287339159874959,1010
1,119,27,R0,0.6187220611559561,0.5737227675161363,0.1122649031668641,0.6669910640603011,1010
1,49,28,R0,0.5079268996154004,0.3145561627233315,0.2550973727306588,0.6396803631965663,1010
1,113,29,R0,0.6542189868192044,0.5581249394950587,0.304623388778857,0.9407911456367408,1010
2,12,0,R0,0.591367553746685,0.5306105701249672,0.1165414840648292,0.7738630431359736,1010
2,64,2,R0,0.4762948605752962,0.3810334821042579,0.1334703430217413,0.2080075130672578,1010
2,58,3,R0,0.5524192720511084,0.6190189530515149,0.1387954872834303,0.7113693958503414,1010
2,56,5,R0,0.4936919713618858,0.363187189747898,0.2068609007453617,0.1805419320959522,1010
2,115,6,R0,0.5432777238602644,0.4307065892131112,0.1704606338496126,0.8169467236713759,1010
2,24,7,R0,0.7208097165505863,0.672440930876006,0.3382501894544085,0.896055680046372,1010
2,30,10,R0,0.6280711611931206,0.5995419735691998,0.2341111541707938,0.5122797618235155,1010
2,103,11,R0,0.5704951636733425,0.6470721748753022,0.2394724696841935,0.6993082640327856,1010
2,102,12,R0,0.5564299703040446,0.5982541841971752,0.2001892075782502,0.4040288067372848,1010
2,79,14,R0,0.7508240435799854,0.7428189636993512,0.0635031508116027,0.3754906600073299,1010
2,92,15,R0,0.51254508227314,0.4625800092620136,0.1766714420820419,0.5887789876679574,1010
2,23,16,R0,0.6136320832557612,0.5143974624431229,0.2746795700336497,0.5224207404666485,1010
2,81,17,R0,0.5685515509158177,0.4815440303461589,0.1184833189562336,0.4210956446414508,1010
2,94,19,R0,0.5547775590286603,0.2442712997720357,0.2478967837372905,0.8635946040989364,1010
2,82,20,R0,0.5698795000548956,0.5613889822449101,0.2601402517653239,0.4599195214919197,1010
2,88,23,R0,0.5271548933554878,0.4945020982415105,0.2269392656354656,0.1195968889154074,1010
2,78,24,R0,0.4228608924566328,0.3864884868780353,0.4292611609593797,0.5718830118033917,1010
2,17,26,R0,0.513702843416364,0.5683927708841001,0.2476780513480158,0.4369321802026193,1010
2,111,29,R0,0.5301578743218222,0.7217261780762558,0.2898779908068531,0.3154697492598288,1010
3,96,1,R0,0.4925310329383214,0.358899124695769,0.0601082231314058,0.7274825308291452,1010
3,53,4,R0,0.5896813554788704,0.4280471593643954,0.0550252844067011,0.6941893663865826,1010
3,6,8,R0,0.3972123873349729,0.2634513829465821,0.1305017177299084,0.1721416472415544,1010
3,112,13,R0,0.3303187284168223,0.1361569376886283,0.5601933069555132,0.5625533382113762,1010
3,48,20,R0,0.3592680290143403,0.2695851385610879,0.2885566957246945,0.7271001545944454,1010
3,14,22,R0,0.6215632070816297,0.5331221403423388,0.2203499762582642,0.5493344555861578,1010
3,27,25,R0,0.5189522662958745,0.5551413732192506,0.0905172294953366,0.2888714233771107,1010
3,62,27,R0,0.5503089750521689,0.3644599619365496,0.1198099121797062,0.1893041805411411,1010
4,37,4,R0,0.510791137356987,0.4608758402516484,0.0553364494597593,0.2981083548378493,1010
4,29,28,R0,0.5505291520374487,0.4720963142273253,0.2422891945376195,0.3024186912468631,1010
5,117,19,R0,0.5184746153791081,0.4845986338021926,0.2273786605502294,0.8051720370381265,1010
5,104,21,R0,0.4352789453232835,0.6448945707766652,0.3511785934527167,0.3329064206969695,1010
1,12,0,R1,0.567753876766965,0.5306105701249672,0.1014055296610027,0.7738630431359736,1010
1,18,2,R1,0.599454226522326,0.7109692738922959,0.1033385979768109,0.3225826299576734,1010
1,107,5,R1,0.6878975504961897,0.8809006174706452,0.1579628127339577,0.3284430738009935,1010
1,24,7,R1,0.6961843479613771,0.6703840389671687,0.2469464273001654,0.896055680046372,1010
1,42,8,R1,0.6014702465113333,0.5609469604619857,0.1224936945492159,0.1210972470085296,1010
1,43,10,R1,0.5726024578147718,0.5148036078193086,0.1976176207224506,0.7558503341296665,1010
1,103,11,R1,0.6311007988582722,0.6470721748753022,0.1749984585121438,0.6993082640327856,1010
1,39,12,R1,0.5401096123046553,0.6515682391921133,0.1568681343058914,0.4705817873116138,1010
1,97,13,R1,0.6515307486171474,0.6779437447810968,0.3920408971291512,0.7012149394697784,1010
1,5,14,R1,0.7455251859294688,0.9132265729022482,0.0423561240095892,0.6242620483790922,1010
1,33,15,R1,0.5713888899243799,0.4457086878320053,0.1511907032202084,0.7729563637006098,1010
1,75,16,R1,0.6302187717453069,0.6518304831528087,0.2095834679398338,0.5287339159874959,1010
1,119,18,R1,0.3930170690898819,0.452498257979023,0.0342956535097298,0.6669910640603011,1010
1,117,19,R1,0.4742631566427865,0.4775133584079601,0.1887271739440912,0.8051720370381265,1010
1,104,21,R1,0.4969123632269366,0.6374086862869535,0.2893851945808869,0.3329064206969695,1010
1,20,22,R1,0.676170888012757,0.6435028646626205,0.2034203231575451,0.493699643571115,1010
1,91,23,R1,0.5526654605912651,0.7147893635586176,0.2117063563731208,0.0840976908740412,1010
1,23,24,R1,0.5006618941319977,0.532259592765699,0.3673318568903331,0.5224207404666485,1010
1,113,29,R1,0.6437766256987412,0.5581249394950587,0.2490437375535204,0.9407911456367408,1010
2,100,0,R1,0.5657348844965886,0.6814245414806125,0.0961494693605971,0.298646557609132,1010
2,53,4,R1,0.4453418933483394,0.4280471593643954,0.0484553821438583,0.6941893663865826,1010
2,13,6,R1,0.6156359360670861,0.6647260648577826,0.1245777100963149,0.7424753690844565,1010
2,94,8,R1,0.4880788740073593,0.5183600383543151,0.0930140012081224,0.8635946040989364,1010
2,30,10,R1,0.5504406418156625,0.5995419735691998,0.1798576865675137,0.5122797618235155,1010
2,2,11,R1,0.5797144718564224,0.6713548113511865,0.184390819252351,0.5703717891443593,1010
2,7,12,R1,0.5286896993279478,0.4813894586344532,0.1882995925613177,0.5390697218732944,1010
2,79,14,R1,0.6624207773038873,0.7428189636993512,0.051433098749612,0.3754906600073299,1010
2,105,16,R1,0.5050589377998903,0.6970531403149133,0.2433065004554767,0.5492684372674845,1010
2,65,19,R1,0.4017759981735249,0.5424266839565584,0.2013844933253388,0.6792814863325913,1010
2,82,20,R1,0.4819566218747177,0.5613889822449101,0.2415698197435695,0.4599195214919197,1010
2,116,21,R1,0.5326276318960564,0.6339380210603105,0.3048553823710966,0.2033378873527899,1010
2,14,22,R1,0.5654267600147694,0.5331221403423388,0.1943780388483767,0.5493344555861578,1010
2,88,23,R1,0.5242941571624467,0.4945020982415105,0.2275580361398014,0.1195968889154074,1010
2,29,28,R1,0.4488973206934842,0.4706092674937745,0.2548649534579291,0.3024186912468631,1010
2,111,29,R1,0.5509575064723853,0.7217261780762558,0.2579943384880093,0.3154697492598288,1010
3,37,4,R1,0.51424253142738,0.4625163284001768,0.0567622107143131,0.2981083548378493,1010
3,77,7,R1,0.6378815960708611,0.6511927960126848,0.2839692752741998,0.6134292576354355,1010
3,115,13,R1,0.4696999122084538,0.2950905582060613,0.4935999465555554,0.8169467236713759,1010
3,63,18,R1,0.4250055647295258,0.5579498796503597,0.0390031832631845,0.1507130196559199,1010
3,95,27,R1,0.389669253960597,0.4304515283391853,0.1258223213634269,0.2795362855951618,1010
4,58,3,R1,0.5783022429578663,0.6190189530515149,0.1173414112123871,0.7113693958503414,1010
4,81,17,R1,0.4957716542530541,0.4833931165446902,0.1044304154086807,0.4210956446414508,1010
4,62,27,R1,0.2904028222218733,0.3701184613041164,0.1184327036637329,0.1893041805411411,1010
5,0,1,R1,0.3797129509255834,0.4134565286161077,0.0621729737855389,0.2170274123895853,1010
5,51,6,R1,0.4479692666881703,0.437622787258346,0.1430641070874377,0.8073575000513449,1010
5,92,15,R1,0.4544567987245146,0.4625800092620136,0.1519476679829968,0.5887789876679574,1010
5,10,17,R1,0.59386076294331,0.5180634529516948,0.1042429592250265,0.5781116024178926,1010
5,109,24,R1,0.4711384640623522,0.4587469490740505,0.4144592751143842,0.4735506352073781,1010
5,73,26,R1,0.4675497623144466,0.4553835299616372,0.2567449412774385,0.1371434938559866,1010
6,108,9,R1,0.3156262916862949,0.3732431259033339,0.1273844389647627,0.524043384373614,1010
1,18,2,R2,0.5912242465895372,0.7109692738922959,0.1033385979768109,0.3225826299576734,1010
1,53,4,R2,0.5003045123102191,0.4280471593643954,0.0484553821438583,0.6941893663865826,1010
1,107,5,R2,0.6432085781404768,0.8809006174706452,0.1579628127339577,0.3284430738009935,1010
1,13,6,R2,0.6262028660862611,0.6603357355598614,0.1247492855872311,0.7424753690844565,1010
1,24,7,R2,0.6391882736666828,0.6703840389671687,0.2469464273001654,0.896055680046372,1010
1,42,8,R2,0.4584460792046678,0.5609469604619857,0.1224936945492159,0.1210972470085296,1010
1,2,11,R2,0.5692624365109721,0.6697720159506633,0.1846043117980121,0.5703717891443593,1010
1,97,13,R2,0.5951685255019228,0.6779437447810968,0.3920408971291512,0.7012149394697784,1010
1,5,14,R2,0.8046642186025459,0.9132265729022482,0.0423561240095892,0.6242620483790922,1010
1,92,15,R2,0.4553393565856447,0.4625800092620136,0.1524766138941626,0.5887789876679574,1010
1,75,16,R2,0.5454410802466602,0.6518304831528087,0.2095834679398338,0.5287339159874959,1010
1,117,19,R2,0.5150521395602065,0.4775133584079601,0.1887271739440912,0.8051720370381265,1010
1,82,20,R2,0.5179262563448286,0.5613889822449101,0.2415698197435695,0.4599195214919197,1010
1,20,22,R2,0.5647696910451331,0.6435028646626205,0.2034203231575451,0.493699643571115,1010
1,23,24,R2,0.5034877841365187,0.532259592765699,0.3673318568903331,0.5224207404666485,1010
1,103,26,R2,0.5052184592763937,0.4809156367815634,0.1984660899280686,0.6993082640327856,1010
1,119,27,R2,0.5551086833773577,0.5737227675161363,0.091486974711287,0.6669910640603011,1010
1,111,29,R2,0.5239364263020806,0.7217261780762558,0.2583714840948976,0.3154697492598288,1010
2,100,0,R2,0.5634467178264427,0.6814245414806125,0.0961494693605971,0.298646557609132,1010
2,96,1,R2,0.3954065303660742,0.3597626179343813,0.0538633701477045,0.7274825308291452,1010
2,77,7,R2,0.5509110002628838,0.6532973478696733,0.2841559471918122,0.6134292576354355,1010
2,116,9,R2,0.4577899344154775,0.5118855597428047,0.1263334342397919,0.2033378873527899,1010
2,43,10,R2,0.6151479694157045,0.5148036078193086,0.1976176207224506,0.7558503341296665,1010
2,80,11,R2,0.5331802175948993,0.5300529163600307,0.2481177601834905,0.2218451646229918,1010
2,85,14,R2,0.6684338674934034,0.7461616572466268,0.0581530090909396,0.2330786745486893,1010
2,51,15,R2,0.5115425493851355,0.538973152879987,0.1436061692448763,0.8073575000513449,1010
2,105,16,R2,0.4836418375365852,0.6970531403149133,0.2433065004554767,0.5492684372674845,1010
2,10,17,R2,0.5454228416715555,0.52723688816807,0.104209083696064,0.5781116024178926,1010
2,104,21,R2,0.474619681891526,0.6374086862869535,0.2893851945808869,0.3329064206969695,1010
2,3,23,R2,0.5442709407506904,0.3240702569921637,0.2102375307008169,0.8293368437413184,1010
2,27,25,R2,0.44586313388487,0.5551413732192506,0.0947307470290137,0.2888714233771107,1010
2,49,28,R2,0.4060952130565105,0.3177114056340906,0.2687685702269543,0.6396803631965663,1010
3,12,0,R2,0.5982323017856569,0.5524991600322708,0.1006309253279766,0.7738630431359736,1010
3,64,2,R2,0.3546375790046889,0.3850161879607423,0.1428846246203293,0.2080075130672578,1010
3,113,5,R2,0.488400049330472,0.4405204554216881,0.1665860013432732,0.9407911456367408,1010
3,30,10,R2,0.4930727344154777,0.6184400692750367,0.1787716599095025,0.5122797618235155,1010
3,7,12,R2,0.5040918445865764,0.4899364553985347,0.1878438220828071,0.5390697218732944,1010
3,81,17,R2,0.3920400891987838,0.4845617656891315,0.1043476847449252,0.4210956446414508,1010
3,14,22,R2,0.544644167881267,0.5437987537537843,0.1936622944495582,0.5493344555861578,1010
4,115,6,R2,0.5452787910909025,0.4307065892131112,0.1662750270129909,0.8169467236713759,1010
4,39,12,R2,0.5784954662439624,0.6679872706624914,0.1560409572283997,0.4705817873116138,1010
4,50,18,R2,0.4127885701954606,0.4474156661625663,0.0360402145862547,0.5369041310817575,1010
4,91,23,R2,0.6372142732413135,0.7163292467709287,0.2115663330761421,0.0840976908740412,1010
4,78,24,R2,0.4293145089380759,0.3864884868780353,0.3928590151782459,0.5718830118033917,1010
4,17,26,R2,0.426633454017266,0.5683927708841001,0.2321345808853871,0.4369321802026193,1010
5,37,4,R2,0.4887131061081504,0.4608758402516484,0.0568485514366877,0.2981083548378493,1010
5,63,18,R2,0.4296519226171214,0.5665491316653284,0.0388670271045639,0.1507130196559199,1010
6,48,1,R2,0.4596073896618725,0.3863032784628777,0.0550128864657226,0.7271001545944454,1010
6,57,27,R2,0.4311524763695177,0.3987585526733045,0.1107706993441731,0.696567282294762,1010
6,1,29,R2,0.4107659570353409,0.4567678255046998,0.3044210458574551,0.5958150411277614,1010
1,12,0,R3,0.5854505389546671,0.5306105701249672,0.1014055296610027,0.7738630431359736,1010
1,18,2,R3,0.6244247555927952,0.7109692738922959,0.1033385979768109,0.3225826299576734,1010
1,58,3,R3,0.5209192130313494,0.6190189530515149,0.1173414112123871,0.7113693958503414,1010
1,77,7,R3,0.6872315190587911,0.6511927960126848,0.2842052122556924,0.6134292576354355,1010
1,116,9,R3,0.4738847747982516,0.5077036339741735,0.1265461368171654,0.2033378873527899,1010
1,43,10,R3,0.6453985306343589,0.5148036078193086,0.1976176207224506,0.7558503341296665,1010
1,103,11,R3,0.6160956868715062,0.6470721748753022,0.1749984585121438,0.6993082640327856,1010
1,97,13,R3,0.626669388836062,0.6779437447810968,0.3920408971291512,0.7012149394697784,1010
1,5,14,R3,0.6991250521861335,0.9132265729022482,0.0423561240095892,0.6242620483790922,1010
1,51,15,R3,0.5149548597491156,0.5273980703187982,0.1440249783804148,0.8073575000513449,1010
1,10,17,R3,0.4920308050570954,0.5165937102905886,0.1042429592250265,0.5781116024178926,1010
1,14,22,R3,0.5804919373738161,0.5331221403423388,0.1943780388483767,0.5493344555861578,1010
1,2,26,R3,0.5012036089461387,0.5101367321928783,0.2169827068749518,0.5703717891443593,1010
1,111,29,R3,0.6173243901705416,0.7217261780762558,0.2583714840948976,0.3154697492598288,1010
2,100,0,R3,0.5492852906227605,0.6854842571134983,0.0961073910098538,0.298646557609132,1010
2,27,2,R3,0.4654337354400691,0.6087333169833853,0.1215006572009351,0.2888714233771107,1010
2,107,5,R3,0.6530130254312383,0.8809006174706452,0.1579628127339577,0.3284430738009935,1010
2,115,6,R3,0.3940774322640793,0.4398805607226689,0.1652625198256126,0.8169467236713759,1010
2,24,7,R3,0.7417854118819819,0.6703840389671687,0.2469464273001654,0.896055680046372,1010
2,13,13,R3,0.5731727769732309,0.6453222237593534,0.3736505336210617,0.7424753690844565,1010
2,85,14,R3,0.6903226859814661,0.7410219511558214,0.0580811928979935,0.2330786745486893,1010
2,33,15,R3,0.6053519057006522,0.4457086878320053,0.1511907032202084,0.7729563637006098,1010
2,81,17,R3,0.4399554370776831,0.4815516422331141,0.1043886418162249,0.4210956446414508,1010
2,65,19,R3,0.4797320663764672,0.5452917236394319,0.2013375128681432,0.6792814863325913,1010
2,82,20,R3,0.5026713018367591,0.5662019138748847,0.2404983052710898,0.4599195214919197,1010
2,104,21,R3,0.5254726864622488,0.6374086862869535,0.2893851945808869,0.3329064206969695,1010
2,20,22,R3,0.5705477521473621,0.6620566164833128,0.189115231606361,0.493699643571115,1010
2,91,23,R3,0.5109898612410261,0.7263758244774459,0.2095682417457118,0.0840976908740412,1010
2,75,24,R3,0.6561997916756979,0.7103785142737933,0.3126523243256015,0.5287339159874959,1010
2,119,27,R3,0.6513233864102909,0.5737802985435397,0.0914353097388511,0.6669910640603011,1010
2,113,29,R3,0.6251150124623681,0.5630437419832561,0.2487102537319916,0.9407911456367408,1010
3,42,3,R3,0.4619645342163961,0.4706488476378389,0.140666133461993,0.1210972470085296,1010
3,56,5,R3,0.3645912039064239,0.381584190252705,0.2027253015403637,0.1805419320959522,1010
3,94,8,R3,0.5830569140824686,0.5509627533416352,0.0838420023042035,0.8635946040989364,1010
3,112,9,R3,0.3305598194207567,0.2812758000512706,0.140540135738949,0.5625533382113762,1010
3,23,16,R3,0.5674537218565872,0.5027160480785886,0.2433544201672167,0.5224207404666485,1010
4,30,10,R3,0.6036524712226946,0.6693742000986953,0.1552309370010054,0.5122797618235155,1010
4,102,12,R3,0.5872101014104818,0.6068747492755553,0.1838648973233569,0.4040288067372848,1010
4,84,23,R3,0.5289434521687296,0.4909043213151202,0.226050492996553,0.2835532943675292,1010
5,7,12,R3,0.5420386690247602,0.482580158153389,0.187945651775672,0.5390697218732944,1010
5,17,26,R3,0.443418493985817,0.5781320661997278,0.2317084683942342,0.4369321802026193,1010
6,37,6,R3,0.4518053466526671,0.438185635397207,0.1604264426978993,0.2981083548378493,1010
6,105,16,R3,0.5608234107052726,0.7928825204644672,0.211610567869515,0.5492684372674845,1010
6,117,19,R3,0.427066849917059,0.5257219205868053,0.1662429949053437,0.8051720370381265,1010
1,56,0,R0,0.6152319634798555,0.4539981969444722,0.1645026719026171,0.6024919344440902,1011
1,91,1,R0,0.6042573983382,0.580228730461211,0.1838070162453829,0.8215582343659742,1011
1,116,2,R0,0.7190076736520054,0.8128501535838053,0.2573435636433463,0.6342836250112556,1011
1,27,3,R0,0.7284800551110563,0.8015555315587155,0.2442238942442367,0.2883184163867493,1011
1,85,4,R0,0.8391588892221756,0.9399944941881638,0.1527873633958028,0.3677582661958367,1011
1,45,5,R0,0.4438724197487444,0.3243277242240446,0.1508110350221305,0.5199088158239721,1011
1,100,7,R0,0.7689840717599704,0.7304653513745787,0.0959569352747339,0.7368559836006597,1011
1,89,8,R0,0.8533292020449741,0.8370739926921533,0.1683186389136019,0.8921820622258129,1011
1,31,9,R0,0.6632809538441338,0.7074865291692816,0.2835592537774131,0.6173310230494166,1011
1,53,10,R0,0.6156596182505828,0.7902544532716952,0.3681856524833019,0.5424226192553596,1011
1,97,11,R0,0.4701380890644687,0.3657173665663754,0.1472933999411916,0.670899884547434,1011
1,57,12,R0,0.6977192499782449,0.6841245629110297,0.1476908306054547,0.8340192161916707,1011
1,63,14,R0,0.7518636722327863,0.9587285707935358,0.2750161522148307,0.5604670139474724,1011
1,87,15,R0,0.5310434097292606,0.5500970873882317,0.3257939772951272,0.3532805518594873,1011
1,25,16,R0,0.6862606467415729,0.6239059845035102,0.1856058174376956,0.7666886878230614,1011
1,6,19,R0,0.5453747430363571,0.5726860765323674,0.3440095713254799,0.2316296571904332,1011
1,103,22,R0,0.6321794378719101,0.6697528954457763,0.251132774483473,0.2292013566167483,1011
1,1,23,R0,0.5871133245252796,0.5329525761780234,0.0591425540166894,0.340782657756213,1011
1,94,24,R0,0.6604569497440543,0.9551140607166576,0.1005967990011013,0.6791232318101045,1011
1,117,25,R0,0.7347088721524714,0.709578830914287,0.1989058780257533,0.4393944240166461,1011
1,10,26,R0,0.6040903923906045,0.3884844335804903,0.0621220918606012,0.7193995364337581,1011
1,18,27,R0,0.7151831449105823,0.679522532359726,0.1123659629279649,0.560151399743053,1011
1,38,28,R0,0.4701965506467198,0.413302438612934,0.148988046194191,0.3847429597173454,1011
1,58,29,R0,0.5978412821466199,0.4617138145522981,0.1167960734243099,0.6130288027072471,1011
2,67,2,R0,0.7506345629898507,0.8508833669085907,0.2603034617197726,0.481778724474839,1011
2,33,3,R0,0.6505217982103703,0.5845405479176682,0.2565338621161725,0.5576220821325735,1011
2,44,4,R0,0.5770614661517153,0.5830030320124713,0.1656682996906583,0.5963215693500307,1011
2,92,6,R0,0.3922380781970913,0.2731249904506966,0.1024463328126885,0.3708426284660873,1011
2,109,8,R0,0.6296969279035765,0.6128545237734483,0.1818086106174907,0.540129617292445,1011
2,13,9,R0,0.5248409505619628,0.5548716834232135,0.2947983002102795,0.9008460447618176,1011
2,20,10,R0,0.5895184502564487,0.6467196037211017,0.3866607943579213,0.5932852099344805,1011
2,26,11,R0,0.5326040650588361,0.3070188714273839,0.1482796008563765,0.7806323347068954,1011
2,30,12,R0,0.6989996639400963,0.7382075004636619,0.1489895157239715,0.2921162126287049,1011
2,101,14,R0,0.5730299075891707,0.4618710586876263,0.3174976498971201,0.5818306334429844,1011
2,43,16,R0,0.5410514047986454,0.3680071353714182,0.2039367333060444,0.8533319994155496,1011
2,82,17,R0,0.793408750067452,0.8971321598391679,0.2175153703984625,0.9523592072648872,1011
2,90,20,R0,0.582137289658981,0.6878739596946446,0.0943390636438092,0.769115169387939,1011
2,86,21,R0,0.5344368529067041,0.6184281357704136,0.3660842164869389,0.5919137404413239,1011
2,93,23,R0,0.602282119940075,0.3940798516122115,0.0618989956502501,0.3436208533512687,1011
2,65,26,R0,0.5543550436390783,0.5026269064501293,0.0600743027955327,0.1458590174149421,1011
2,81,27,R0,0.6087677468296588,0.6293272775089149,0.1138132662802405,0.8014064864329655,1011
2,80,28,R0,0.4326228059538932,0.2766192216074875,0.1537595280629943,0.6109022880777341,1011
2,55,29,R0,0.5445634124718938,0.2722805146228254,0.1232028897059886,0.5920219986874282,1011
3,21,5,R0,0.4370505446188953,0.3201131932470017,0.1523113003381105,0.6789894308004706,1011
3,39,17,R0,0.6867731082414151,0.657059305145608,0.2378840079202923,0.4376914920406147,1011
4,46,0,R0,0.5568416294209964,0.3714385463746064,0.1735215011196205,0.4033538331963993,1011
4,61,1,R0,0.4806898111221691,0.4039414069451742,0.1919316493480383,0.8570327522305418,1011
4,78,13,R0,0.4908588211449914,0.2543143487729691,0.2403377590051067,0.2063994936233765,1011
4,115,20,R0,0.4951441419474309,0.2054784733680695,0.1107142480984175,0.6595996560462933,1011
4,79,22,R0,0.5649568246175318,0.4979485892633957,0.2650987176004052,0.5444040253679311,1011
4,71,24,R0,0.4875811470735361,0.3999024866647582,0.117622256270184,0.1579288273818336,1011
4,36,25,R0,0.7188049971658812,0.7419155426985047,0.2017733762912021,0.3466742949438328,1011
5,32,6,R0,0.4520447384418286,0.2887220971745905,0.1023334609193131,0.5882828233185664,1011
5,49,7,R0,0.6600759328401844,0.451975679799369,0.1036657126529511,0.9186429481838562,1011
5,7,15,R0,0.4584463482532194,0.2100698756510322,0.3649061897652385,0.6492982317193607,1011
5,104,19,R0,0.4419963516067665,0.3813908759174784,0.3657729563990671,0.5689247450503552,1011
6,84,13,R0,0.501740294876908,0.2467553237460211,0.2398119424798884,0.2432497437810905,1011
6,23,21,R0,0.5235329990408175,0.5306242897548554,0.3739656050336276,0.5406083206170811,1011
1,56,0,R1,0.5165402459880156,0.4539981969444722,0.1386189527940199,0.6024919344440902,1011
1,91,1,R1,0.5587620775786826,0.580228730461211,0.154924519051924,0.8215582343659742,1011
1,67,2,R1,0.6503523623286691,0.8508833669085907,0.2070714655565755,0.481778724474839,1011
1,33,3,R1,0.6065665650267685,0.5845405479176682,0.2176672420626621,0.5576220821325735,1011
1,85,4,R1,0.728195501225534,0.9399944941881638,0.1293145099015739,0.3677582661958367,1011
1,58,6,R1,0.4532121744909105,0.2772465709291177,0.0974589318817217,0.6130288027072471,1011
1,100,7,R1,0.7415959698479354,0.7304653513745787,0.0733842781552559,0.7368559836006597,1011
1,89,8,R1,0.743558369500384,0.8370739926921533,0.1100167931292188,0.8921820622258129,1011
1,53,10,R1,0.5535967988114725,0.7902544532716952,0.3240135594628547,0.5424226192553596,1011
1,101,11,R1,0.4034360470783636,0.3401500051146643,0.1332729296087021,0.5818306334429844,1011
1,111,12,R1,0.6357316609002529,0.7384531061984914,0.1210263872536679,0.5376839064137616,1011
1,63,14,R1,0.6861217817765114,0.9587285707935358,0.206582750500667,0.5604670139474724,1011
1,25,16,R1,0.556853390408561,0.6239059845035102,0.1728859847466597,0.7666886878230614,1011
1,82,17,R1,0.8758870356128191,0.8971321598391679,0.1420598393922077,0.9523592072648872,1011
1,103,18,R1,0.6057473479740525,0.532198363354174,0.296115859767911,0.2292013566167483,1011
1,79,22,R1,0.4845230700497726,0.4979485892633957,0.2328614892071158,0.5444040253679311,1011
1,94,24,R1,0.66658720365854,0.9551140607166576,0.082452242309912,0.6791232318101045,1011
1,47,27,R1,0.6366920429801898,0.7347818461933637,0.0948260771953067,0.6326987334741038,1011
1,38,28,R1,0.3811964751499944,0.413302438612934,0.1555603195282929,0.3847429597173454,1011
1,11,29,R1,0.5524189651516648,0.4662526382752848,0.10719691775894,0.6000304832089698,1011
2,27,0,R1,0.4992739714685933,0.6754309158793034,0.140571195271951,0.2883184163867493,1011
2,116,2,R1,0.6853809966812461,0.8128501535838053,0.1952979258801308,0.6342836250112556,1011
2,54,3,R1,0.4961735235073182,0.4883289208899734,0.2043498280425618,0.9532261655945374,1011
2,45,6,R1,0.3360073391125618,0.3044025680283976,0.0990666488802884,0.5199088158239721,1011
2,49,7,R1,0.4476762382769841,0.4500454518609706,0.0878972379042313,0.9186429481838562,1011
2,109,8,R1,0.5271749488132895,0.6128545237734483,0.1467498161418766,0.540129617292445,1011
2,20,10,R1,0.5222668196054677,0.6467196037211017,0.3032836705036195,0.5932852099344805,1011
2,57,12,R1,0.6437302623984669,0.6841245629110297,0.1219371528344433,0.8340192161916707,1011
2,84,13,R1,0.4285185819499951,0.2425805536648307,0.2572810298214596,0.2432497437810905,1011
2,29,14,R1,0.5186421072720998,0.4531726137044225,0.2861566267662629,0.7107468319096054,1011
2,39,17,R1,0.6317254438181786,0.650341144541082,0.2034166724294393,0.4376914920406147,1011
2,90,20,R1,0.5461900373315243,0.6820696061547298,0.0707753974831681,0.769115169387939,1011
2,1,23,R1,0.4944313608761163,0.5353738799013563,0.0539382560364332,0.340782657756213,1011
2,108,24,R1,0.4138978746745288,0.2218074327829612,0.118014589889554,0.692859664185295,1011
2,117,25,R1,0.5450388955045616,0.709578830914287,0.1795755602755757,0.4393944240166461,1011
2,19,26,R1,0.4975707926074941,0.5588848441501744,0.0618948679896809,0.0436422146172117,1011
2,18,27,R1,0.618547041802779,0.6813652387227522,0.0890175586484252,0.560151399743053,1011
2,87,28,R1,0.2711799904420809,0.294451615569997,0.1532122272540549,0.3532805518594873,1011
2,14,29,R1,0.402252218568778,0.4042273458793647,0.1168343506792711,0.5407579977483137,1011
3,31,9,R1,0.5696059027896246,0.7121430097206423,0.2302656784369546,0.6173310230494166,1011
3,43,16,R1,0.440075194596131,0.3681718677115567,0.1814011231453666,0.8533319994155496,1011
3,15,20,R1,0.4290025895339803,0.2714874977864236,0.1041141262394874,0.6329802948941392,1011
3,86,21,R1,0.5054706544192845,0.6184281357704136,0.3530173694845452,0.5919137404413239,1011
3,36,25,R1,0.6190831358966468,0.7419155426985047,0.1826198395291896,0.3466742949438328,1011
4,13,9,R1,0.4911552411333142,0.553311687962545,0.2317333152322712,0.9008460447618176,1011
5,61,1,R1,0.4235114261608552,0.4039414069451742,0.1703707462344518,0.8570327522305418,1011
5,97,11,R1,0.4548908334201547,0.3657173665663754,0.1394988810077746,0.670899884547434,1011
6,44,4,R1,0.532236930251453,0.5863501826186257,0.1560594669718824,0.5963215693500307,1011
6,0,13,R1,0.3634059784090697,0.2685157868863389,0.2110007077644869,0.9403795638026085,1011
6,93,23,R1,0.4968046964931107,0.4016598432049145,0.0627986809520235,0.3436208533512687,1011
1,91,1,R2,0.4214147177354423,0.580228730461211,0.154924519051924,0.8215582343659742,1011
1,67,2,R2,0.6340145507940739,0.8508833669085907,0.2070714655565755,0.481778724474839,1011
1,27,3,R2,0.6627196799460843,0.8015555315587155,0.1975781689489089,0.2883184163867493,1011
1,85,4,R2,0.7380751135037412,0.9399944941881638,0.1293145099015739,0.3677582661958367,1011
1,100,7,R2,0.6523320118934903,0.7304653513745787,0.0733842781552559,0.7368559836006597,1011
1,89,8,R2,0.84433802983697,0.8370739926921533,0.1100167931292188,0.8921820622258129,1011
1,31,9,R2,0.6204417594730258,0.7074865291692816,0.2313247949458979,0.6173310230494166,1011
1,106,11,R2,0.4414317838999556,0.3149262483465889,0.1284177063599897,0.9222253154390566,1011
1,111,12,R2,0.676815449418996,0.7384531061984914,0.1210263872536679,0.5376839064137616,1011
1,63,14,R2,0.7348988397657076,0.9587285707935358,0.206582750500667,0.5604670139474724,1011
1,82,17,R2,0.8897133778987821,0.8971321598391679,0.1420598393922077,0.9523592072648872,1011
1,90,20,R2,0.5437810499974024,0.6800791419648716,0.0707753974831681,0.769115169387939,1011
1,103,22,R2,0.4898503562750795,0.6697528954457763,0.2163711433517167,0.2292013566167483,1011
1,1,23,R2,0.5097411457697433,0.5329525761780234,0.0539382560364332,0.340782657756213,1011
1,94,24,R2,0.6816554127855801,0.9551140607166576,0.082452242309912,0.6791232318101045,1011
1,117,25,R2,0.6297579034869241,0.709578830914287,0.1795755602755757,0.4393944240166461,1011
1,19,26,R2,0.495971656477729,0.5588848441501744,0.0618948679896809,0.0436422146172117,1011
1,18,27,R2,0.6532154598096105,0.679522532359726,0.0891279927271385,0.560151399743053,1011
1,58,29,R2,0.5394558848387397,0.4617138145522981,0.1006557938565937,0.6130288027072471,1011
2,56,0,R2,0.521583565228373,0.4539981969444722,0.1386189527940199,0.6024919344440902,1011
2,113,2,R2,0.4548836872509498,0.592417424646764,0.2626822713383425,0.2495190160092369,1011
2,109,6,R2,0.3845198474459871,0.390790195519369,0.093176032842472,0.540129617292445,1011
2,49,7,R2,0.5440340482939904,0.4525071122982834,0.0880072195514015,0.9186429481838562,1011
2,30,11,R2,0.3930136982593025,0.5057681216944773,0.1440138976018885,0.2921162126287049,1011
2,57,12,R2,0.6096237144384857,0.6960254281138198,0.1218332717446577,0.8340192161916707,1011
2,84,13,R2,0.3870726918255128,0.2464869070438555,0.2566926812690345,0.2432497437810905,1011
2,101,14,R2,0.5472539198135382,0.4583897990124953,0.2743433539789791,0.5818306334429844,1011
2,116,15,R2,0.4615622290713917,0.568882277590074,0.2675052657200957,0.6342836250112556,1011
2,39,17,R2,0.7245185795041885,0.650341144541082,0.2034166724294393,0.4376914920406147,1011
2,20,19,R2,0.4780188206143411,0.5359224326442453,0.2951378131590393,0.5932852099344805,1011
2,36,25,R2,0.4958503538170513,0.7419155426985047,0.1826198395291896,0.3466742949438328,1011
2,47,27,R2,0.6271998532524774,0.7426463103285785,0.0947630050072745,0.6326987334741038,1011
3,33,3,R2,0.5637834331295285,0.5902511932752473,0.2173278393847755,0.5576220821325735,1011
3,44,4,R2,0.5260608658743727,0.5913664860961094,0.1558331060617966,0.5963215693500307,1011
3,13,9,R2,0.5858304517494982,0.5572450951323493,0.2312451588657439,0.9008460447618176,1011
3,53,10,R2,0.556778737984619,0.7902544532716952,0.3240135594628547,0.5424226192553596,1011
3,86,16,R2,0.5096193444842443,0.5990650918266567,0.1738584818014191,0.5919137404413239,1011
3,6,19,R2,0.4684984782329429,0.5860217697137108,0.3462211526485516,0.2316296571904332,1011
3,25,21,R2,0.6290041901419084,0.5903953246352156,0.3129430576545642,0.7666886878230614,1011
3,79,22,R2,0.5036739512239049,0.4979485892633957,0.2328614892071158,0.5444040253679311,1011
3,80,24,R2,0.4652690651599696,0.4953134981599576,0.110096534173191,0.6109022880777341,1011
4,46,0,R2,0.36428512146552,0.3797430685707967,0.1595409454934546,0.4033538331963993,1011
4,21,5,R2,0.3536293066880662,0.3209636266854675,0.1362563863304636,0.6789894308004706,1011
4,4,10,R2,0.5427220850680644,0.6213133608737049,0.323967639592002,0.5637084654586448,1011
4,65,26,R2,0.5123147059109061,0.5112571494079853,0.0686429761206192,0.1458590174149421,1011
5,23,16,R2,0.4919535973193114,0.498243665848968,0.1714342976055254,0.5406083206170811,1011
5,2,20,R2,0.4411699526919835,0.4288493105956819,0.0815785710397419,0.8444784505978364,1011
6,107,8,R2,0.4711723081325475,0.4545360144564264,0.1666071523974007,0.3647714797540404,1011
1,27,0,R3,0.5281929175444511,0.6754309158793034,0.140571195271951,0.2883184163867493,1011
1,91,1,R3,0.5041558770120264,0.580228730461211,0.154924519051924,0.8215582343659742,1011
1,67,2,R3,0.6939358338602414,0.8508833669085907,0.2070714655565755,0.481778724474839,1011
1,85,4,R3,0.7519519091405762,0.9399944941881638,0.1293145099015739,0.3677582661958367,1011
1,45,5,R3,0.2611141608998562,0.3243277242240446,0.1460082908869419,0.5199088158239721,1011
1,89,8,R3,0.8478954813844619,0.8370739926921533,0.1100167931292188,0.8921820622258129,1011
1,31,9,R3,0.5809596280129926,0.7074865291692816,0.2313247949458979,0.6173310230494166,1011
1,97,11,R3,0.4211232089135909,0.3657173665663754,0.1394988810077746,0.670899884547434,1011
1,30,12,R3,0.6719774761517328,0.7382075004636619,0.1455698640816758,0.2921162126287049,1011
1,63,14,R3,0.7690723584999769,0.9587285707935358,0.206582750500667,0.5604670139474724,1011
1,82,17,R3,0.8690958935834749,0.8971321598391679,0.1420598393922077,0.9523592072648872,1011
1,90,20,R3,0.5677315328176393,0.6800791419648716,0.0707753974831681,0.769115169387939,1011
1,25,21,R3,0.5750223019582511,0.5831085054155676,0.3132425296841916,0.7666886878230614,1011
1,79,22,R3,0.4465851561548813,0.4979485892633957,0.2328614892071158,0.5444040253679311,1011
1,1,23,R3,0.4981117132279286,0.5329525761780234,0.0539382560364332,0.340782657756213,1011
1,94,24,R3,0.6759731527180676,0.9551140607166576,0.082452242309912,0.6791232318101045,1011
1,36,25,R3,0.6510616834611186,0.7419155426985047,0.1826198395291896,0.3466742949438328,1011
1,47,27,R3,0.7006308969039127,0.7347818461933637,0.0948260771953067,0.6326987334741038,1011
1,58,29,R3,0.548140858057285,0.4617138145522981,0.1006557938565937,0.6130288027072471,1011
2,56,0,R3,0.5341870733421622,0.4539981969444722,0.1386189527940199,0.6024919344440902,1011
2,38,1,R3,0.3669440394472334,0.3689054217389216,0.1955086920174701,0.3847429597173454,1011
2,116,2,R3,0.6929617161433933,0.8128501535838053,0.1954864093876552,0.6342836250112556,1011
2,33,3,R3,0.5503322291993096,0.5845405479176682,0.2176672420626621,0.5576220821325735,1011
2,44,4,R3,0.4956031219763221,0.5886731392659746,0.1555183088354575,0.5963215693500307,1011
2,100,7,R3,0.6754221645424909,0.7357645711677729,0.07335177197591,0.7368559836006597,1011
2,109,8,R3,0.6074452985217448,0.6128545237734483,0.1467498161418766,0.540129617292445,1011
2,13,9,R3,0.5278807135464505,0.5581728186297829,0.231326851709277,0.9008460447618176,1011
2,26,11,R3,0.341975873272336,0.302945732189104,0.147697817818715,0.7806323347068954,1011
2,111,12,R3,0.6696510171341232,0.7384531061984914,0.1210263872536679,0.5376839064137616,1011
2,29,14,R3,0.5015512975430236,0.4565834640257949,0.2861321811797441,0.7107468319096054,1011
2,39,17,R3,0.6308359340369462,0.650341144541082,0.2034166724294393,0.4376914920406147,1011
2,103,22,R3,0.5214565057390494,0.6772213267940524,0.215585702000563,0.2292013566167483,1011
2,117,25,R3,0.5730794579451488,0.709578830914287,0.1795755602755757,0.4393944240166461,1011
2,10,26,R3,0.5214112429241158,0.3884844335804903,0.0542418016429985,0.7193995364337581,1011
2,18,27,R3,0.6076846584938281,0.679522532359726,0.0891279927271385,0.560151399743053,1011
3,49,7,R3,0.5976235635067939,0.465219115487868,0.0872471814942873,0.9186429481838562,1011
3,53,10,R3,0.5430308884954366,0.7902544532716952,0.3240135594628547,0.5424226192553596,1011
3,86,16,R3,0.5383544138432275,0.6133108966141765,0.1649465604361303,0.5919137404413239,1011
3,20,19,R3,0.442782316980727,0.5359224326442453,0.2951378131590393,0.5932852099344805,1011
3,102,20,R3,0.4452390991587471,0.47800481066228,0.0877395384424166,0.3747940457493702,1011
3,28,24,R3,0.4669849741059771,0.603278278174382,0.1028196874988086,0.5585541895973529,1011
3,19,26,R3,0.5138462418399924,0.5840594681484094,0.05875799526097,0.0436422146172117,1011
3,11,29,R3,0.5065858497061373,0.4729872886979327,0.1066104286874925,0.6000304832089698,1011
4,50,3,R3,0.4984187565502684,0.6957522579666746,0.2530133552065586,0.1882355681151081,1011
4,32,6,R3,0.3603756263340249,0.2887220971745905,0.1007050001381353,0.5882828233185664,1011
4,4,10,R3,0.4573753564025524,0.6082432449242381,0.3252629938248965,0.5637084654586448,1011
4,0,13,R3,0.413050950956299,0.2716299992138657,0.2111559662486727,0.9403795638026085,1011
5,106,16,R3,0.4811937381606256,0.3929833753760537,0.1722519317998921,0.9222253154390566,1011
5,23,21,R3,0.4408388592416776,0.5488481252597218,0.327004857291865,0.5406083206170811,1011
6,92,5,R3,0.3425189227507878,0.2773766572695061,0.1566542044203526,0.3708426284660873,1011
1,24,0,R0,0.574250628493884,0.7788018275738149,0.2400092032999494,0.1218299052625088,1012
1,5,1,R0,0.8785107942186745,0.8456842500428173,0.2307772519827425,0.7113825144576443,1012
1,59,2,R0,0.5715543761219903,0.4819329263956238,0.1054437413230901,0.8860556246750287,1012
1,98,3,R0,0.584785936008979,0.766245586761804,0.4221023511263639,0.2683353577439665,1012
1,40,4,R0,0.7986429125624576,0.79369748364898,0.0508714763377055,0.326387240343881,1012
1,20,6,R0,0.6421438815736235,0.4995818732756556,0.2168459015663486,0.7976272229310175,1012
1,21,7,R0,0.8634522368186538,0.8456971563112026,0.2724378572630093,0.7908732316721446,1012
1,46,8,R0,0.838696391408518,0.9835171077666448,0.0284431733821569,0.4604907362539333,1012
1,82,9,R0,0.5823343924512994,0.5920529088155602,0.2036311497325271,0.9308278027467004,1012
1,61,10,R0,0.7648505063795282,0.7096659085267869,0.1917500198548819,0.5688012426344615,1012
1,78,11,R0,0.4424576601843468,0.379385626855065,0.0967955271830723,0.9661026287813952,1012
1,2,12,R0,0.4243082656691735,0.3778021032167304,0.1595371373175454,0.4882343882573754,1012
1,45,13,R0,0.6862244635600027,0.7275965850885971,0.1004201164114678,0.6977510933900853,1012
1,72,14,R0,0.7132091155067509,0.8059306025179507,0.0879337033704985,0.2763792377718533,1012
1,13,15,R0,0.5820938069882194,0.6777541282196549,0.338524417310905,0.5217786597057804,1012
1,71,17,R0,0.6450462048766419,0.585634554887436,0.2237455842415672,0.4242872295471555,1012
1,39,18,R0,0.6669924751002219,0.7153260978833438,0.0862843710054948,0.7518162334018433,1012
1,108,19,R0,0.6533333928399545,0.5497186733395534,0.2057829051141343,0.9569408854768277,1012
1,15,20,R0,0.759606081351723,0.7428361202953853,0.3394559739557822,0.7127147813999276,1012
1,28,21,R0,0.7973393198186776,0.6798752399731756,0.3030756485591239,0.8548794873965293,1012
1,74,22,R0,0.5912096061194482,0.6260735000676445,0.0587656883320819,0.1099711179474231,1012
1,29,23,R0,0.683571510474797,0.5055892106183857,0.1616263160252999,0.7782007595849603,1012
1,37,24,R0,0.6107930513112367,0.5214406654351156,0.1375234681061729,0.144754791876068,1012
1,119,26,R0,0.6967977088540774,0.8278857032587614,0.2157462794824609,0.2089280972673848,1012
1,68,29,R0,0.711680008444107,0.6195312795761023,0.3154854732693362,0.4690079238046837,1012
2,10,0,R0,0.5215954031146893,0.3961566641428383,0.262970498792087,0.3089842273554242,1012
2,114,1,R0,0.5765142803742612,0.6480090883183942,0.2472333246085582,0.7092093632695246,1012
2,84,3,R0,0.518444982631204,0.5839956251541591,0.4371603852142181,0.4523570529686603,1012
2,92,4,R0,0.6689282228349601,0.6360781283792079,0.0539776260237909,0.0720654889257878,1012
2,116,5,R0,0.5670624552312525,0.4780526071238045,0.0604645197180265,0.2597662908434623,1012
2,22,6,R0,0.4975599411979348,0.4517094055244031,0.2203090410852527,0.4420491953548002,1012
2,30,9,R0,0.4859709629735249,0.4867460516324512,0.2103741112573387,0.6615251337758897,1012
2,43,10,R0,0.6369054848259175,0.566905333201436,0.2001140538358844,0.2259269317185967,1012
2,26,13,R0,0.6531692418151133,0.6529185783908387,0.1036236850114954,0.8304834470323997,1012
2,12,15,R0,0.6520251583122498,0.6433140305595066,0.3423455176437346,0.7042237791132093,1012
2,118,16,R0,0.5467051483531205,0.1591729023977457,0.4529112214986322,0.7992679764209781,1012
2,42,17,R0,0.5659969928046845,0.6958095947265177,0.2204160040814402,0.1044418493310357,1012
2,4,18,R0,0.7256717206444073,0.5897378953426946,0.0905415013275342,0.4518844741168846,1012
2,105,19,R0,0.7278401461924064,0.698993431981576,0.1957925017841994,0.1025008664208769,1012
2,44,20,R0,0.8211059370083057,0.8856326146047218,0.3231913279747609,0.7920964749736654,1012
2,63,21,R0,0.5497809281820545,0.4312600289086665,0.3301364375506781,0.2869829015579272,1012
2,23,22,R0,0.6147711961878533,0.5026875271891242,0.0617249148355249,0.3806340110008009,1012
2,89,23,R0,0.6796398227058309,0.7668839833088783,0.1510715123364562,0.2894286274181659,1012
2,17,24,R0,0.6251880895613641,0.4991959871745862,0.1347772367508072,0.5454146775704407,1012
2,18,25,R0,0.4294289760915759,0.4952940806090062,0.3720679283500425,0.6873968703651882,1012
2,99,27,R0,0.6046321900704288,0.4651512359277105,0.1369270192935264,0.4268388383802111,1012
2,1,28,R0,0.6892253378029428,0.6133731850616118,0.1459657963962877,0.5935948884259827,1012
2,94,29,R0,0.553204969709203,0.464300168656044,0.3309881878038014,0.3944076041395284,1012
3,64,2,R0,0.4858870168991714,0.4086849908816877,0.1067789418540523,0.2838720204462874,1012
3,7,8,R0,0.5426855819249984,0.3966241327239314,0.034236703080901,0.5329544163951261,1012
3,65,14,R0,0.5549613988158488,0.4464056240473375,0.0979190711898889,0.4682749627116403,1012
3,113,25,R0,0.5854369365358066,0.4636580765841035,0.373422698378978,0.6699054520067587,1012
3,81,26,R0,0.5493444832448275,0.5922851777159048,0.2321357910535178,0.7644055052539703,1012
3,97,27,R0,0.5452457864277689,0.4856320491152748,0.1360521912846299,0.4494837499028092,1012
3,115,28,R0,0.7372973247843816,0.717871659467358,0.1420610890861113,0.5493869424116888,1012
5,19,5,R0,0.4967653252339756,0.3385021635693707,0.0635067626285483,0.3819002383738845,1012
6,80,11,R0,0.311435109952642,0.2555287874957309,0.1030216736141595,0.2805243553004059,1012
1,5,1,R1,0.8034666057129691,0.8456842500428173,0.1748838594042007,0.7113825144576443,1012
1,98,3,R1,0.5387527658847281,0.766245586761804,0.4018962893889533,0.2683353577439665,1012
1,21,7,R1,0.8366838279679987,0.8456971563112026,0.2024294298132005,0.7908732316721446,1012
1,46,8,R1,0.7895315802595035,0.9835171077666448,0.0225600010589989,0.4604907362539333,1012
1,82,9,R1,0.5322422851015759,0.5920529088155602,0.1557170458888281,0.9308278027467004,1012
1,61,10,R1,0.6671425190095772,0.7096659085267869,0.1417206218656291,0.5688012426344615,1012
1,45,13,R1,0.7416811600098661,0.7275965850885971,0.07831006094608,0.6977510933900853,1012
1,72,14,R1,0.6426040952320834,0.8059306025179507,0.0810922106316412,0.2763792377718533,1012
1,12,15,R1,0.6247087019354248,0.6433140305595066,0.2872896029148906,0.7042237791132093,1012
1,95,16,R1,0.4211383515251201,0.4052394971970124,0.3536568419480607,0.8147082096079007,1012
1,71,17,R1,0.6415358603200509,0.585634554887436,0.2011664812733226,0.4242872295471555,1012
1,39,18,R1,0.5141598134373806,0.7153260978833438,0.067817971407676,0.7518162334018433,1012
1,85,19,R1,0.6145188829994572,0.7608416288876204,0.1538749446801257,0.3964622349410799,1012
1,44,20,R1,0.7137454803132675,0.8856326146047218,0.2326522106039892,0.7920964749736654,1012
1,80,22,R1,0.63409942058815,0.6513516765953025,0.0506780944587235,0.2805243553004059,1012
1,110,24,R1,0.4497139247660207,0.3571042949584768,0.1179203144229249,0.6875911039947852,1012
1,18,25,R1,0.4316428159416127,0.4952940806090062,0.3167830978635477,0.6873968703651882,1012
1,119,26,R1,0.5930685298266674,0.8278857032587614,0.2382642497413084,0.2089280972673848,1012
1,68,29,R1,0.589379267919397,0.6195312795761023,0.28843876329805,0.4690079238046837,1012
2,24,0,R1,0.4704196705608345,0.7788018275738149,0.2323455445232075,0.1218299052625088,1012
2,79,3,R1,0.4668465781744323,0.745795533002851,0.3762204265301167,0.3110136692613321,1012
2,40,4,R1,0.7234204442733954,0.79369748364898,0.0478285573131019,0.326387240343881,1012
2,20,6,R1,0.4778034038282196,0.4995818732756556,0.1818947378016847,0.7976272229310175,1012
2,108,9,R1,0.3340221676439384,0.2426584097712595,0.2196798845531973,0.9569408854768277,1012
2,26,13,R1,0.690478918054025,0.6556183810786638,0.0862469458389908,0.8304834470323997,1012
2,13,15,R1,0.552773452079129,0.6777541282196549,0.3050562419586144,0.5217786597057804,1012
2,4,18,R1,0.5403157255847884,0.5864169663744128,0.0774217436983187,0.4518844741168846,1012
2,51,19,R1,0.6158832819313753,0.6925655178506792,0.1607333220843188,0.5097921435305031,1012
2,15,20,R1,0.7109742396972014,0.7428361202953853,0.2693412115550556,0.7127147813999276,1012
2,28,21,R1,0.7413696564448793,0.6798752399731756,0.2288621154237622,0.8548794873965293,1012
2,17,24,R1,0.5059028135839867,0.4991959871745862,0.1257758508269365,0.5454146775704407,1012
2,30,25,R1,0.4737814878425061,0.4952940806090062,0.3019415342419912,0.6615251337758897,1012
2,29,26,R1,0.4434749386925573,0.367364490375946,0.2185453485003601,0.7782007595849603,1012
2,99,27,R1,0.4621816151932048,0.4651512359277105,0.1240238029377149,0.4268388383802111,1012
2,115,28,R1,0.6697203072435514,0.717871659467358,0.118988948766053,0.5493869424116888,1012
2,65,29,R1,0.5955291297956179,0.705069683128682,0.2388877554802302,0.4682749627116403,1012
3,103,4,R1,0.5438860877752798,0.6589549422055825,0.0555782726950892,0.0704819170452727,1012
3,22,6,R1,0.4547293525296416,0.4553841810345646,0.2018100865011509,0.4420491953548002,1012
3,78,8,R1,0.5281413625684436,0.5903342456492351,0.0268436005751752,0.9661026287813952,1012
3,3,10,R1,0.52269153898333,0.6277584687124682,0.1863358009147872,0.3685545524763014,1012
3,114,16,R1,0.4084803857062136,0.4959811313651979,0.3243127823784734,0.7092093632695246,1012
3,97,27,R1,0.5151230775090497,0.4934046368835728,0.1276360742302945,0.4494837499028092,1012
3,1,28,R1,0.6711248761688615,0.6217445395987558,0.1206751452376823,0.5935948884259827,1012
4,92,21,R1,0.4745554561381441,0.6129143857439807,0.2933019518673153,0.0720654889257878,1012
4,89,23,R1,0.5358822817427864,0.7681140979376766,0.1372993099883941,0.2894286274181659,1012
5,59,2,R1,0.5551288186296891,0.4899841798713858,0.0881116135603518,0.8860556246750287,1012
5,57,5,R1,0.4511638713667472,0.4274563543343436,0.0506865466245758,0.7486539736360976,1012
5,74,22,R1,0.5463957149572362,0.6260735000676445,0.0587597314441796,0.1099711179474231,1012
6,19,5,R1,0.4438431657555647,0.340498116383862,0.0595817251969795,0.3819002383738845,1012
6,2,12,R1,0.3094365845689117,0.3814770560522218,0.1495708829144632,0.4882343882573754,1012
6,81,23,R1,0.5684535516503662,0.6369447838256005,0.1343774722389801,0.7644055052539703,1012
1,5,1,R2,0.768126493833246,0.8456842500428173,0.1748838594042007,0.7113825144576443,1012
1,59,2,R2,0.4938010905873289,0.4819329263956238,0.0884399764688983,0.8860556246750287,1012
1,98,3,R2,0.551758486235318,0.766245586761804,0.4018962893889533,0.2683353577439665,1012
1,40,4,R2,0.6526112682691472,0.79369748364898,0.0478285573131019,0.326387240343881,1012
1,116,5,R2,0.4335276993581253,0.4780526071238045,0.0601938015430893,0.2597662908434623,1012
1,20,6,R2,0.50621057651381,0.4995818732756556,0.1818947378016847,0.7976272229310175,1012
1,21,7,R2,0.7836477033708008,0.8456971563112026,0.2024294298132005,0.7908732316721446,1012
1,46,8,R2,0.7697818713570885,0.9835171077666448,0.0225600010589989,0.4604907362539333,1012
1,82,9,R2,0.5707611447025243,0.5920529088155602,0.1557170458888281,0.9308278027467004,1012
1,61,10,R2,0.7245764640257798,0.7096659085267869,0.1417206218656291,0.5688012426344615,1012
1,68,11,R2,0.3761423650861397,0.354086941239112,0.0983868218884287,0.4690079238046837,1012
1,45,13,R2,0.6757549942603756,0.7275965850885971,0.07831006094608,0.6977510933900853,1012
1,72,14,R2,0.6134473172898431,0.8059306025179507,0.0810922106316412,0.2763792377718533,1012
1,42,17,R2,0.5341670973880862,0.6958095947265177,0.2126589791852862,0.1044418493310357,1012
1,39,18,R2,0.6364976433398274,0.7153260978833438,0.067817971407676,0.7518162334018433,1012
1,108,19,R2,0.6292866460409895,0.5497186733395534,0.1476322062471736,0.9569408854768277,1012
1,44,20,R2,0.7231904938196866,0.8856326146047218,0.2326522106039892,0.7920964749736654,1012
1,28,21,R2,0.8274232811263548,0.6798752399731756,0.2288621154237622,0.8548794873965293,1012
1,89,23,R2,0.6646958952276143,0.7668839833088783,0.1373458466035255,0.2894286274181659,1012
1,30,25,R2,0.4856105093845237,0.4952940806090062,0.3019415342419912,0.6615251337758897,1012
1,119,26,R2,0.5608051413077592,0.8278857032587614,0.2382642497413084,0.2089280972673848,1012
1,38,28,R2,0.6192851776897789,0.597713781104005,0.1039249290744773,0.8175344469746091,1012
1,65,29,R2,0.5866015521545999,0.705069683128682,0.2388877554802302,0.4682749627116403,1012
2,114,1,R2,0.5363499249206568,0.656801304579161,0.1952879701997847,0.7092093632695246,1012
2,86,3,R2,0.4917297255427089,0.5329690874932435,0.3608711318478433,0.5119416661032159,1012
2,103,4,R2,0.5523267550860885,0.6589549422055825,0.0556346548433414,0.0704819170452727,1012
2,22,6,R2,0.4800671246788837,0.4529928870290128,0.2024523528952953,0.4420491953548002,1012
2,62,13,R2,0.5802838964167323,0.6967246750389906,0.0915672424461858,0.2679268623015719,1012
2,71,17,R2,0.6511087995959478,0.585634554887436,0.2011664812733226,0.4242872295471555,1012
2,4,18,R2,0.5095176850431615,0.5864169663744128,0.0774217436983187,0.4518844741168846,1012
2,15,20,R2,0.6837146972237389,0.7474043607540402,0.2695142617874015,0.7127147813999276,1012
2,80,22,R2,0.6248800319996372,0.6585562240553291,0.0506297780792594,0.2805243553004059,1012
2,104,24,R2,0.4615480029437092,0.40200648691371,0.1371397425939622,0.4661631196002953,1012
2,81,26,R2,0.4948007052284297,0.5922851777159048,0.2002556498151439,0.7644055052539703,1012
2,99,27,R2,0.5122317316629548,0.4705587350978496,0.1234746443960491,0.4268388383802111,1012
2,1,28,R2,0.5947474904678429,0.6133731850616118,0.1208934379701155,0.5935948884259827,1012
3,23,0,R2,0.4775965536659176,0.5479023392544872,0.2322512587752795,0.3806340110008009,1012
3,29,2,R2,0.4603154993979001,0.3905396155988434,0.0900808675024396,0.7782007595849603,1012
3,101,7,R2,0.3394137464057191,0.5558473791717926,0.3129374948740223,0.2057490780404803,1012
3,78,8,R2,0.5436603503285878,0.597704751632278,0.0267757626407158,0.9661026287813952,1012
3,95,10,R2,0.590563080745399,0.6100607798352906,0.1515324294225915,0.8147082096079007,1012
3,105,19,R2,0.6131766049492586,0.698993431981576,0.1929869645694775,0.1025008664208769,1012
3,97,27,R2,0.4797792426079962,0.4936501376787598,0.127315104624278,0.4494837499028092,1012
3,94,29,R2,0.5037183794761556,0.4692272111972468,0.3339336879949704,0.3944076041395284,1012
4,76,14,R2,0.4506008370311088,0.4933471954337441,0.0890702676479648,0.5467484564234962,1012
4,12,15,R2,0.5426222664612522,0.6561176712480112,0.2863637161895085,0.7042237791132093,1012
4,27,25,R2,0.3990120012728806,0.4328692685400666,0.3398060212745308,0.5440630413597589,1012
6,13,15,R2,0.6166611832712978,0.6832882198529198,0.3054635991626131,0.5217786597057804,1012
1,24,0,R3,0.4667701589834905,0.7788018275738149,0.2323455445232075,0.1218299052625088,1012
1,5,1,R3,0.7927226800021361,0.8456842500428173,0.1748838594042007,0.7113825144576443,1012
1,59,2,R3,0.599620457331013,0.4819329263956238,0.0884399764688983,0.8860556246750287,1012
1,98,3,R3,0.5159941391402235,0.766245586761804,0.4018962893889533,0.2683353577439665,1012
1,40,4,R3,0.6159987659572681,0.79369748364898,0.0478285573131019,0.326387240343881,1012
1,21,7,R3,0.730606070629167,0.8456971563112026,0.2024294298132005,0.7908732316721446,1012
1,46,8,R3,0.8030681340198238,0.9835171077666448,0.0225600010589989,0.4604907362539333,1012
1,61,10,R3,0.7680061526901055,0.7096659085267869,0.1417206218656291,0.5688012426344615,1012
1,7,11,R3,0.4258760643619397,0.2186863184407125,0.105370195347106,0.5329544163951261,1012
1,45,13,R3,0.7029639698139195,0.7275965850885971,0.07831006094608,0.6977510933900853,1012
1,72,14,R3,0.6635899143024286,0.8059306025179507,0.0810922106316412,0.2763792377718533,1012
1,12,15,R3,0.568808949166004,0.6433140305595066,0.2872896029148906,0.7042237791132093,1012
1,95,16,R3,0.4117584446971806,0.4052394971970124,0.3536568419480607,0.8147082096079007,1012
1,71,17,R3,0.4959749905811547,0.585634554887436,0.2011664812733226,0.4242872295471555,1012
1,39,18,R3,0.5489879643714257,0.7153260978833438,0.067817971407676,0.7518162334018433,1012
1,85,19,R3,0.6866516019010587,0.7608416288876204,0.1538749446801257,0.3964622349410799,1012
1,44,20,R3,0.77254548330896,0.8856326146047218,0.2326522106039892,0.7920964749736654,1012
1,28,21,R3,0.760827146550252,0.6798752399731756,0.2288621154237622,0.8548794873965293,1012
1,80,22,R3,0.647647379496219,0.6513516765953025,0.0506780944587235,0.2805243553004059,1012
1,29,23,R3,0.6500517644882591,0.5055892106183857,0.1381044019619839,0.7782007595849603,1012
1,119,26,R3,0.587833810791264,0.8278857032587614,0.2382642497413084,0.2089280972673848,1012
1,115,28,R3,0.6366789463963238,0.717871659467358,0.118988948766053,0.5493869424116888,1012
1,65,29,R3,0.6345019269132214,0.705069683128682,0.2388877554802302,0.4682749627116403,1012
2,114,1,R3,0.5242901341638992,0.6480090883183942,0.1954772018562155,0.7092093632695246,1012
2,79,3,R3,0.4608157129936125,0.745795533002851,0.3762204265301167,0.3110136692613321,1012
2,78,8,R3,0.5380028258561624,0.5903342456492351,0.0268436005751752,0.9661026287813952,1012
2,82,9,R3,0.6277259420028934,0.5920529088155602,0.1557170458888281,0.9308278027467004,1012
2,43,10,R3,0.5120835324175919,0.5736125465153665,0.1914556352097426,0.2259269317185967,1012
2,62,13,R3,0.6145641462734068,0.6901583806639868,0.0913732712704176,0.2679268623015719,1012
2,76,14,R3,0.3557201152351769,0.4876105569749743,0.0892986721612969,0.5467484564234962,1012
2,14,17,R3,0.453760788863655,0.5096517146701105,0.1843711115977644,0.8150020192852998,1012
2,51,19,R3,0.5844988873477018,0.706209505337643,0.1596549404264117,0.5097921435305031,1012
2,15,20,R3,0.7002555654482772,0.7540687862659083,0.2673870861683689,0.7127147813999276,1012
2,56,21,R3,0.4272390417807843,0.4618177274691007,0.3240594751762573,0.4140414584306819,1012
2,74,22,R3,0.4664077984389322,0.6260735000676445,0.0589156744606239,0.1099711179474231,1012
2,81,23,R3,0.6039759738708249,0.6358276093190123,0.1346106146314688,0.7644055052539703,1012
2,17,24,R3,0.4523382650765367,0.5136773496313423,0.1239709405366091,0.5454146775704407,1012
2,20,25,R3,0.5721694791316587,0.4636436496517034,0.3329329205919875,0.7976272229310175,1012
2,38,28,R3,0.5803924860938316,0.597713781104005,0.1039249290744773,0.8175344469746091,1012
2,68,29,R3,0.6066573787747502,0.6245944442442057,0.287300537793404,0.4690079238046837,1012
3,103,4,R3,0.5567609145515108,0.6654522308665336,0.0555910982322832,0.0704819170452727,1012
3,13,15,R3,0.5351083738891792,0.6819860331580381,0.3039515133100501,0.5217786597057804,1012
3,30,25,R3,0.5256265536208063,0.4952940806090062,0.3019415342419912,0.6615251337758897,1012
3,97,27,R3,0.5344838891794125,0.5001555572533217,0.1267266361073942,0.4494837499028092,1012
4,75,5,R3,0.4621003617518041,0.2747787982190581,0.0570472027132016,0.9152806733792768,1012
4,113,6,R3,0.5058347188050453,0.3487216144958739,0.2164250137463336,0.6699054520067587,1012
4,2,12,R3,0.3486593083573245,0.3877769133754192,0.1495625172946889,0.4882343882573754,1012
4,4,18,R3,0.5201266510762662,0.5897074391659828,0.0772839960853254,0.4518844741168846,1012
4,99,27,R3,0.4589936019958885,0.4915100853539457,0.1218963125440829,0.4268388383802111,1012
5,23,0,R3,0.4228963419755641,0.5439181830840392,0.2326494245932292,0.3806340110008009,1012
5,64,2,R3,0.4311144720956415,0.4380705607884259,0.105390478246398,0.2838720204462874,1012
5,27,16,R3,0.3748033204612646,0.4023232613472232,0.3639226451778949,0.5440630413597589,1012
5,57,24,R3,0.584454096808016,0.4290146936449341,0.1154930656166775,0.7486539736360976,1012
1,119,0,R0,0.7118024662807663,0.7502220465081992,0.0493663402608314,0.6183008124327525,1013
1,18,1,R0,0.6441790438823402,0.7479022233492083,0.1945918123462317,0.7178907583071619,1013
1,65,2,R0,0.657131198340096,0.5787742281914858,0.0959584236784973,0.3269330790611225,1013
1,40,4,R0,0.5249806662594664,0.4072074365072847,0.2438506567105251,0.7539084968642337,1013
1,63,5,R0,0.7489857422494595,0.7726831598139012,0.1051471423982097,0.5998455968050053,1013
1,26,6,R0,0.5091115903667354,0.3982373375321301,0.4425612630456104,0.6022826761680294,1013
1,19,7,R0,0.5810702944035673,0.4629484708742893,0.1919059666124818,0.8011257693142341,1013
1,31,8,R0,0.7574332080302342,0.9235039535288204,0.0419584844744816,0.5547447826677594,1013
1,29,9,R0,0.5345175804192912,0.3976510931299517,0.2609668045645688,0.789500965168549,1013
1,87,11,R0,0.7696401695443367,0.800868928840506,0.2388346290068179,0.5537783592222836,1013
1,50,13,R0,0.5791349969074115,0.4144007899030024,0.1387615065611742,0.9858698564211008,1013
1,70,14,R0,0.7573677347382676,0.7529383142889194,0.2393130897850719,0.6272610458008966,1013
1,37,15,R0,0.7004307011837007,0.7610359528367883,0.3869010358319638,0.6522907186672936,1013
1,112,17,R0,0.6598347288869983,0.6590205912128388,0.2453721443088585,0.6743350894385962,1013
1,108,18,R0,0.7371388117424921,0.5074718845883499,0.2239635130531691,0.8715928696753705,1013
1,68,19,R0,0.587814583379163,0.5055230275753682,0.0848161098865807,0.7249354738591227,1013
1,38,20,R0,0.7447307872772962,0.7589703871197584,0.1651175098356341,0.6092385200968753,1013
1,7,21,R0,0.6864874151651569,0.5720653917382273,0.2801230668102978,0.8210819196191473,1013
1,80,22,R0,0.6946049823735577,0.6902139481599292,0.0884265706026147,0.2562069421633483,1013
1,25,23,R0,0.5632133982428618,0.5579252328826492,0.0811568914531151,0.6170598328089066,1013
1,5,24,R0,0.6646141519066524,0.7804994062653987,0.2070135006532803,0.1719167504296258,1013
1,67,25,R0,0.5932815284449319,0.4588488967919342,0.382097735214372,0.6790514545499288,1013
1,16,28,R0,0.5999129187193788,0.7525915586810381,0.211909081083871,0.5993380900190446,1013
1,10,29,R0,0.6050894464322609,0.6602884905784088,0.1621770102094207,0.2530303722779741,1013
2,28,0,R0,0.5797058227562876,0.5974183172636631,0.052669969654958,0.539158829081424,1013
2,96,2,R0,0.598797004144008,0.578570283903845,0.0959584236784973,0.6456621033357222,1013
2,30,5,R0,0.701528776598164,0.6631391787667286,0.1071233091622362,0.7982872264330425,1013
2,36,6,R0,0.5182895189706543,0.5431148329271163,0.4270741645047752,0.6258246943728671,1013
2,47,8,R0,0.6001029046017425,0.6559570294629851,0.0441643574378902,0.5973205002920395,1013
2,93,10,R0,0.682632003333819,0.6171160856357719,0.2228060797123331,0.5735669402679834,1013
2,4,11,R0,0.6516962790667279,0.6747247422655553,0.2488551475980328,0.7855111354980163,1013
2,79,13,R0,0.3228494029229365,0.118177265789524,0.1511932880030001,0.1559000649967129,1013
2,21,14,R0,0.5629402890335843,0.6810976290779999,0.2422818799476689,0.4346322732223172,1013
2,99,16,R0,0.5983463231844642,0.5686757718784246,0.2281210100798688,0.289881868318143,1013
2,55,22,R0,0.6263299716551382,0.556748321969639,0.0906570884139276,0.5962900833409498,1013
2,15,23,R0,0.7243506377783122,0.7692071945242129,0.0766703245947491,0.3893000769615083,1013
2,90,27,R0,0.5467184090107606,0.5153161680969327,0.1436197697148201,0.5759638987454839,1013
2,32,28,R0,0.5548640363168021,0.7337696935498816,0.2134609677580392,0.7904530127120217,1013
2,45,29,R0,0.5609301993405319,0.4493328141594375,0.1759853885322271,0.6106974395174003,1013
3,13,1,R0,0.5367518475838091,0.5137974871087716,0.2088022914103338,0.571903783118366,1013
3,97,4,R0,0.5122097850140037,0.4214788758376167,0.236729348498208,0.4382807323083573,1013
3,9,12,R0,0.48477812450363,0.4208066331712522,0.0838686390601987,0.8480624422436565,1013
3,73,15,R0,0.5332311069828387,0.4130280044976254,0.4265539017230493,0.5795724382336868,1013
3,42,16,R0,0.5265096352705293,0.605856583724951,0.2258596904986312,0.2829980248383373,1013
3,46,17,R0,0.5802647930671987,0.8396357067143464,0.2342195449509078,0.1196864687920317,1013
3,0,18,R0,0.5377307772791102,0.5074718845883499,0.2239635130531691,0.5584644185010827,1013
3,48,20,R0,0.5876784611622631,0.5164275028137788,0.1774916714859237,0.5006461524064634,1013
3,69,21,R0,0.5547863086985722,0.4118686430271177,0.2956658277789591,0.8209716849940693,1013
4,12,7,R0,0.6230275709954188,0.4581298779790778,0.1908293385811949,0.8383613816361167,1013
4,64,10,R0,0.4851814684818507,0.4934776062541075,0.2289337651847453,0.3820055308570759,1013
4,101,19,R0,0.5677002725066455,0.6962270829686803,0.0802898512600936,0.1147738351179468,1013
4,23,24,R0,0.5224558346073102,0.4321567805940777,0.2324835164462644,0.5211319591656897,1013
4,88,26,R0,0.4984453863270111,0.6237512830796886,0.3222924789217092,0.4799180675541902,1013
5,104,3,R0,0.4553211014783581,0.3497785416259048,0.2555373142969172,0.3808908300875328,1013
5,62,9,R0,0.4984574259037092,0.4470807404515948,0.2552452893687567,0.3427635851251988,1013
6,6,27,R0,0.4395908404547726,0.4768851443096182,0.1486277883931556,0.6409618751245197,1013
1,18,1,R1,0.6151823226899387,0.7479022233492083,0.1609214992255179,0.7178907583071619,1013
1,96,2,R1,0.5602247066849857,0.578570283903845,0.0792362247528475,0.6456621033357222,1013
1,116,3,R1,0.3213007196425333,0.3643420879933471,0.2482355504071974,0.2398595704829769,1013
1,30,5,R1,0.6621737574617886,0.6631391787667286,0.0755022348042889,0.7982872264330425,1013
1,31,8,R1,0.704605643704096,0.9235039535288204,0.0353261392263532,0.5547447826677594,1013
1,29,9,R1,0.5009816285550102,0.3976510931299517,0.2232502860882568,0.789500965168549,1013
1,93,10,R1,0.5339222423028456,0.6171160856357719,0.19805894432849,0.5735669402679834,1013
1,87,11,R1,0.6534840612218638,0.800868928840506,0.2084503660398969,0.5537783592222836,1013
1,70,14,R1,0.6214395111104157,0.7529383142889194,0.1945277851613912,0.6272610458008966,1013
1,37,15,R1,0.7775223593165616,0.7610359528367883,0.2835456279780427,0.6522907186672936,1013
1,108,18,R1,0.5900242208063102,0.5074718845883499,0.1719202858081275,0.8715928696753705,1013
1,38,20,R1,0.6664920550964967,0.7589703871197584,0.1339711621351057,0.6092385200968753,1013
1,80,22,R1,0.5857102363189266,0.6902139481599292,0.074566146903179,0.2562069421633483,1013
1,25,23,R1,0.5906495475361944,0.5579252328826492,0.0637712063395429,0.6170598328089066,1013
1,67,25,R1,0.5225993713219631,0.4588488967919342,0.3335442938925811,0.6790514545499288,1013
1,32,28,R1,0.6707031470639142,0.7337696935498816,0.1712322578550956,0.7904530127120217,1013
1,10,29,R1,0.5602684919212156,0.6602884905784088,0.1394028036623991,0.2530303722779741,1013
2,119,0,R1,0.6059832733766752,0.7502220465081992,0.0401282263386996,0.6183008124327525,1013
2,47,1,R1,0.6179128393708653,0.5663442215119621,0.1685798925118682,0.5973205002920395,1013
2,0,2,R1,0.5828624917239914,0.6127660099859712,0.0798737140580893,0.5584644185010827,1013
2,40,4,R1,0.5795482599305576,0.4072074365072847,0.2300560166109591,0.7539084968642337,1013
2,63,5,R1,0.636194235903716,0.7726831598139012,0.0892974446634009,0.5998455968050053,1013
2,12,7,R1,0.520147510131924,0.4648643754494997,0.1477136553731048,0.8383613816361167,1013
2,75,8,R1,0.5397372592866844,0.4970092005262415,0.0407769938421609,0.7401141603418171,1013
2,90,9,R1,0.510409484180352,0.428217398558283,0.2260772914462015,0.5759638987454839,1013
2,69,10,R1,0.5568089238307478,0.5135629566044575,0.1878035873940198,0.8209716849940693,1013
2,36,15,R1,0.6381260845752408,0.5566410657591505,0.2996141271268266,0.6258246943728671,1013
2,46,17,R1,0.5092379801073628,0.8396357067143464,0.2299607542367476,0.1196864687920317,1013
2,20,18,R1,0.4246006338761756,0.4494211462737428,0.2058658008272461,0.5637140331296041,1013
2,7,21,R1,0.5882734880452283,0.5720653917382273,0.2287946762761174,0.8210819196191473,1013
2,15,23,R1,0.6314075995212182,0.7692071945242129,0.06597166019056,0.3893000769615083,1013
2,16,28,R1,0.6347240268396185,0.7525915586810381,0.1589303674170303,0.5993380900190446,1013
2,45,29,R1,0.4276153787154028,0.4493328141594375,0.1475072257787758,0.6106974395174003,1013
3,28,0,R1,0.5564492815142301,0.5988355802064008,0.0442810858291598,0.539158829081424,1013
3,92,6,R1,0.5222772695543186,0.54953059819004,0.3554289134413781,0.6683133720740123,1013
3,19,7,R1,0.5514767706033576,0.4629484708742893,0.1659309823420813,0.8011257693142341,1013
3,4,11,R1,0.6882518998680222,0.6784404031814926,0.1958400612286585,0.7855111354980163,1013
3,65,19,R1,0.4300964960891683,0.4940655371214651,0.081004982998982,0.3269330790611225,1013
3,48,20,R1,0.5203509668495993,0.5164275028137788,0.1625984022202131,0.5006461524064634,1013
3,84,22,R1,0.6094819093148018,0.5765660234111498,0.0730587194054513,0.7220575776029861,1013
3,5,24,R1,0.4867723674316742,0.7804994062653987,0.1843082981849265,0.1719167504296258,1013
4,97,4,R1,0.4841724264200893,0.4214788758376167,0.2198669366771171,0.4382807323083573,1013
4,50,13,R1,0.494593905886547,0.4185949259997367,0.1134732497561623,0.9858698564211008,1013
4,21,14,R1,0.4846340943823871,0.6801572625339629,0.2069624723191626,0.4346322732223172,1013
4,99,16,R1,0.5147534789701795,0.5646734680756209,0.2215065734180889,0.289881868318143,1013
5,9,12,R1,0.4390263391998885,0.4208066331712522,0.0689839613104711,0.8480624422436565,1013
5,42,16,R1,0.5921815501705128,0.605856583724951,0.2050513848303198,0.2829980248383373,1013
5,118,19,R1,0.5084463831320931,0.4602637227504644,0.0711260114908042,0.5556040156774323,1013
5,23,24,R1,0.4532796755649149,0.4287881445575093,0.2137264467704749,0.5211319591656897,1013
5,86,25,R1,0.3709867983439109,0.4506404275569022,0.3504507924914125,0.5433917123583454,1013
5,88,26,R1,0.4892382219524361,0.6213302374860519,0.2733661632821999,0.4799180675541902,1013
6,112,17,R1,0.5580445748785301,0.6650109759735237,0.2118798321470462,0.6743350894385962,1013
6,33,21,R1,0.3867662914696983,0.2535300749492317,0.2724878796388264,0.8260114572363414,1013
1,119,0,R2,0.7028982907888977,0.7502220465081992,0.0401282263386996,0.6183008124327525,1013
1,18,1,R2,0.62696684461592,0.7479022233492083,0.1609214992255179,0.7178907583071619,1013
1,96,2,R2,0.6324154685363006,0.578570283903845,0.0792362247528475,0.6456621033357222,1013
1,61,3,R2,0.3914492456220006,0.1710764089893738,0.2704962441957496,0.5458867692150411,1013
1,97,4,R2,0.483888579572732,0.4214788758376167,0.2198669366771171,0.4382807323083573,1013
1,30,5,R2,0.662867359705219,0.6631391787667286,0.0755022348042889,0.7982872264330425,1013
1,31,8,R2,0.7186179278822777,0.9235039535288204,0.0353261392263532,0.5547447826677594,1013
1,69,10,R2,0.5350494573475203,0.5135629566044575,0.1878035873940198,0.8209716849940693,1013
1,87,11,R2,0.6789226270376907,0.800868928840506,0.2084503660398969,0.5537783592222836,1013
1,70,14,R2,0.7415347773249918,0.7529383142889194,0.1945277851613912,0.6272610458008966,1013
1,36,15,R2,0.5704545060696311,0.5566410657591505,0.2996141271268266,0.6258246943728671,1013
1,42,16,R2,0.5564708562000368,0.605856583724951,0.2053615265869143,0.2829980248383373,1013
1,38,17,R2,0.6385781444483856,0.6872245827509644,0.1884357357734706,0.6092385200968753,1013
1,0,19,R2,0.5918654877233058,0.7672544610087937,0.0626561441173394,0.5584644185010827,1013
1,60,20,R2,0.5205824159053671,0.5164275028137788,0.1576092175302373,0.6674592779962418,1013
1,7,21,R2,0.6552234894701872,0.5720653917382273,0.2287946762761174,0.8210819196191473,1013
1,84,22,R2,0.5827658964348477,0.5765660234111498,0.0730587194054513,0.7220575776029861,1013
1,15,23,R2,0.6372679525335164,0.7692071945242129,0.06597166019056,0.3893000769615083,1013
1,5,24,R2,0.5783965098326886,0.7804994062653987,0.1843082981849265,0.1719167504296258,1013
1,88,26,R2,0.4235393724651977,0.6213302374860519,0.273645117882107,0.4799180675541902,1013
1,37,27,R2,0.6570690454617463,0.6734918297173392,0.107597867165364,0.6522907186672936,1013
1,16,28,R2,0.6450264671072014,0.7525915586810381,0.1590112753839263,0.5993380900190446,1013
1,10,29,R2,0.5794096008564112,0.6602884905784088,0.1394028036623991,0.2530303722779741,1013
2,28,0,R2,0.6289229822944362,0.5974183172636631,0.0442810858291598,0.539158829081424,1013
2,47,1,R2,0.4758308741066552,0.5676487293153463,0.1685384488294955,0.5973205002920395,1013
2,65,2,R2,0.5646535997482922,0.5842250064130294,0.0956454204449283,0.3269330790611225,1013
2,63,5,R2,0.6823609369627454,0.7726831598139012,0.0892974446634009,0.5998455968050053,1013
2,118,6,R2,0.4296454415315424,0.4604473063152194,0.3969503451150259,0.5556040156774323,1013
2,72,8,R2,0.4936386933862838,0.480453908950914,0.0492751802137734,0.2830896203392779,1013
2,29,9,R2,0.4759921101830014,0.3992880844902549,0.2231280573833985,0.789500965168549,1013
2,93,10,R2,0.5929008370811466,0.6252682756671492,0.1979675299673076,0.5735669402679834,1013
2,4,11,R2,0.697801860077438,0.6794721194669112,0.1960328359469774,0.7855111354980163,1013
2,21,14,R2,0.5685968449097977,0.6801572625339629,0.2069624723191626,0.4346322732223172,1013
2,99,16,R2,0.5064001089686183,0.5618233991640937,0.2216422564156852,0.289881868318143,1013
2,108,18,R2,0.5603958077107893,0.5163682693998171,0.1714487486527542,0.8715928696753705,1013
2,111,19,R2,0.5171062728277817,0.4944769727534023,0.0783995788927154,0.5520893412253547,1013
2,112,20,R2,0.4629046520834792,0.5164275028137788,0.1584192214831928,0.6743350894385962,1013
2,80,22,R2,0.7454472321410859,0.6902139481599292,0.074566146903179,0.2562069421633483,1013
2,75,24,R2,0.5023129237965046,0.5809298185360968,0.1964550600996771,0.7401141603418171,1013
2,32,28,R2,0.5396843192003984,0.7347482083075096,0.1710326181280506,0.7904530127120217,1013
3,40,4,R2,0.4841548302884809,0.4127834159825776,0.2302439030942338,0.7539084968642337,1013
3,12,7,R2,0.5313014525134393,0.4699714457953944,0.1474021778939658,0.8383613816361167,1013
3,67,25,R2,0.516101688086261,0.4601489684247971,0.3332900359970322,0.6790514545499288,1013
3,90,26,R2,0.481501930784017,0.3988741857258662,0.3067648734404256,0.5759638987454839,1013
3,45,29,R2,0.4813286866154896,0.4571080212305469,0.147170043996615,0.6106974395174003,1013
4,26,6,R2,0.4906136935993689,0.4071837205397837,0.3723191239640526,0.6022826761680294,1013
4,19,7,R2,0.5388274564994211,0.4798577193516873,0.165497970512725,0.8011257693142341,1013
4,46,17,R2,0.5809480494292593,0.8487391380253819,0.2277251908001853,0.1196864687920317,1013
4,23,21,R2,0.3823705373094447,0.3418347731422642,0.2745826243870105,0.5211319591656897,1013
4,25,23,R2,0.6357826504398884,0.5648587408088821,0.0637302299282534,0.6170598328089066,1013
5,50,13,R2,0.4563706906873916,0.4316602137196261,0.1129394948895795,0.9858698564211008,1013
5,6,27,R2,0.439239782892146,0.4768851443096182,0.1361477828721591,0.6409618751245197,1013
6,73,15,R2,0.4668943290795339,0.4318738471192926,0.3962486263852553,0.5795724382336868,1013
6,86,25,R2,0.423455067218499,0.4506404275569022,0.3504507924914125,0.5433917123583454,1013
1,119,0,R3,0.5689548160750819,0.7502220465081992,0.0401282263386996,0.6183008124327525,1013
1,31,1,R3,0.5203946405973742,0.6810500402206237,0.1616293337295772,0.5547447826677594,1013
1,68,2,R3,0.5972424384251727,0.5787742281914858,0.0821511488489476,0.7249354738591227,1013
1,40,4,R3,0.4700559450146843,0.4072074365072847,0.2304852590153643,0.7539084968642337,1013
1,30,5,R3,0.6331923938377261,0.6631391787667286,0.0755022348042889,0.7982872264330425,1013
1,18,8,R3,0.7724255930360685,0.9372757388923866,0.0332790517227192,0.7178907583071619,1013
1,29,9,R3,0.4993885190750249,0.3976510931299517,0.2232502860882568,0.789500965168549,1013
1,69,10,R3,0.6208301229499116,0.5135629566044575,0.1878035873940198,0.8209716849940693,1013
1,4,11,R3,0.6382907100574089,0.6747247422655553,0.1962323635860368,0.7855111354980163,1013
1,50,13,R3,0.5492307954229236,0.4144007899030024,0.1136410611345138,0.9858698564211008,1013
1,70,14,R3,0.6578145235488442,0.7529383142889194,0.1945277851613912,0.6272610458008966,1013
1,37,15,R3,0.7106798263838828,0.7610359528367883,0.2835456279780427,0.6522907186672936,1013
1,38,17,R3,0.5983799106665929,0.6872245827509644,0.1884357357734706,0.6092385200968753,1013
1,108,18,R3,0.6243639674420456,0.5074718845883499,0.1719202858081275,0.8715928696753705,1013
1,0,19,R3,0.6501176397440502,0.7672544610087937,0.0626561441173394,0.5584644185010827,1013
1,7,21,R3,0.6336569538524794,0.5720653917382273,0.2287946762761174,0.8210819196191473,1013
1,102,22,R3,0.6061757003077304,0.6350485647174307,0.0754290660751439,0.7126144428555455,1013
1,15,23,R3,0.6527937604872537,0.7692071945242129,0.06597166019056,0.3893000769615083,1013
1,5,24,R3,0.61353133024585,0.7804994062653987,0.1843082981849265,0.1719167504296258,1013
1,67,25,R3,0.5488933650473821,0.4588488967919342,0.3335442938925811,0.6790514545499288,1013
1,36,27,R3,0.5360033593725192,0.4846838322424007,0.1144652207802385,0.6258246943728671,1013
1,16,28,R3,0.6571335418355668,0.7525915586810381,0.1590112753839263,0.5993380900190446,1013
1,10,29,R3,0.5721948251230358,0.6602884905784088,0.1394028036623991,0.2530303722779741,1013
2,28,0,R3,0.5440528781412087,0.5974183172636631,0.0442810858291598,0.539158829081424,1013
2,47,1,R3,0.5012043437055465,0.5663442215119621,0.1689168879446367,0.5973205002920395,1013
2,96,2,R3,0.6135993302061984,0.578570283903845,0.0792362247528475,0.6456621033357222,1013
2,116,3,R3,0.3730333818536492,0.3643420879933471,0.2482355504071974,0.2398595704829769,1013
2,63,5,R3,0.696623764464478,0.7925201035236686,0.0879877958118042,0.5998455968050053,1013
2,72,8,R3,0.4573063045939688,0.480453908950914,0.0492751802137734,0.2830896203392779,1013
2,93,10,R3,0.6292351136662515,0.627316387759782,0.1974312851890932,0.5735669402679834,1013
2,87,11,R3,0.6525458706682854,0.800868928840506,0.2084503660398969,0.5537783592222836,1013
2,21,14,R3,0.4732122743546338,0.6842685267317633,0.206334892623137,0.4346322732223172,1013
2,112,17,R3,0.5977433389666026,0.6590205912128388,0.2136951781335175,0.6743350894385962,1013
2,20,18,R3,0.4594199263003034,0.4546844288014646,0.205397984732534,0.5637140331296041,1013
2,43,20,R3,0.5200904012295421,0.5149892776554159,0.1457261688695103,0.7837046515589723,1013
2,84,22,R3,0.6241476928863808,0.5803659722329808,0.0730587194054513,0.7220575776029861,1013
2,23,24,R3,0.4895766413349398,0.4237674405989564,0.2142829521519879,0.5211319591656897,1013
2,86,25,R3,0.4436383939676061,0.4506404275569022,0.3504507924914125,0.5433917123583454,1013
2,88,26,R3,0.4211060576149074,0.6256647870264489,0.2731625102670768,0.4799180675541902,1013
2,45,29,R3,0.5073960391223848,0.468391306876092,0.1453209443426982,0.6106974395174003,1013
3,14,6,R3,0.4904138820453023,0.3779016680166909,0.3739175721175396,0.8105578507661177,1013
3,60,20,R3,0.603864457233505,0.5233778355543881,0.1574808271314018,0.6674592779962418,1013
3,25,23,R3,0.5419601215379845,0.5579252328826492,0.0637712063395429,0.6170598328089066,1013
3,32,28,R3,0.5597917516703381,0.7591072311062055,0.1693032596909098,0.7904530127120217,1013
4,64,3,R3,0.3522067662661972,0.4390606816924304,0.2340742862275354,0.3820055308570759,1013
4,26,6,R3,0.4876728118081357,0.4097621110469459,0.3702389839110455,0.6022826761680294,1013
4,19,7,R3,0.5310779295982919,0.4669089362237908,0.165504381441901,0.8011257693142341,1013
4,90,9,R3,0.5153907032255098,0.428217398558283,0.2260772914462015,0.5759638987454839,1013
4,73,15,R3,0.3811964084311917,0.4150817153984516,0.4005961366631108,0.5795724382336868,1013
4,118,19,R3,0.489269673882799,0.4602637227504644,0.0711260114908042,0.5556040156774323,1013
4,117,27,R3,0.2361798354459735,0.4149460921399354,0.1584575995353334,0.1560292553110988,1013
5,42,16,R3,0.5493006888787625,0.6154548751430604,0.2045246024335596,0.2829980248383373,1013
6,97,4,R3,0.3727782774455718,0.4262064451869061,0.2188232952056581,0.4382807323083573,1013
6,12,7,R3,0.5151817306567535,0.4697743376769516,0.1469287441646649,0.8383613816361167,1013
1,91,0,R0,0.5840955916516932,0.6128719740498138,0.0842833866909693,0.4598426845338841,1014
1,29,1,R0,0.5450186113373017,0.5712821520628832,0.3032330165417694,0.8311700201781002,1014
1,60,5,R0,0.4843015600492891,0.5499570365407067,0.2301356983280714,0.2099550899099854,1014
1,95,6,R0,0.9062150838351034,0.94416346753199,0.0339770832751873,0.7353717526525261,1014
1,68,7,R0,0.617152909691458,0.417640804329477,0.222905710862967,0.3078171006439884,1014
1,83,8,R0,0.7039386402404605,0.7941763596190445,0.147254916824428,0.0648376422881793,1014
1,17,9,R0,0.6544196969051925,0.5215195844242737,0.1425960399241432,0.7939143639160332,1014
1,118,10,R0,0.6985675255227038,0.6674252485045736,0.0549635674147776,0.5036523346130725,1014
1,6,11,R0,0.7585255470209485,0.767574906447611,0.029930615152559,0.3382584666102356,1014
1,13,12,R0,0.5190820814629719,0.4293892201636078,0.2538551111033926,0.5044289448842341,1014
1,24,13,R0,0.6662615146452893,0.8508254655099536,0.1944355100357982,0.6675567019702052,1014
1,100,14,R0,0.6314194778396132,0.7051183549883477,0.1159816521224168,0.5864891611395643,1014
1,78,15,R0,0.6351113728962575,0.5439503350152713,0.2230587070819627,0.8421148428589976,1014
1,2,16,R0,0.6657629124486675,0.6685704884125152,0.3428680445503605,0.5662465506644997,1014
1,108,18,R0,0.7612251330436623,0.723946351595171,0.0802232677969799,0.4569930605747889,1014
1,38,19,R0,0.8732265316324097,1.0,0.1381808436939967,0.4812002472486963,1014
1,65,21,R0,0.6243529873337578,0.727648986592089,0.3642045658897735,0.7796452506486906,1014
1,76,23,R0,0.6737895714494755,0.7360253455927355,0.1046427598677852,0.1554194894903491,1014
1,106,25,R0,0.635693992732526,0.7518804464429343,0.2162294440926423,0.1612738676849723,1014
1,109,26,R0,0.6502142215964041,0.6607602866929304,0.3498841310716153,0.5358651329508951,1014
1,69,27,R0,0.7917805098108156,1.0,0.1918606343485281,0.6528652886465166,1014
1,112,28,R0,0.678523661429957,0.7497578788562065,0.4581445009085952,0.6503700655863774,1014
2,39,0,R0,0.6001860710211728,0.4077764178444889,0.0890482242660266,0.2592020883262217,1014
2,98,1,R0,0.5560414549665669,0.3381633376093362,0.3244105801895584,0.962384201602164,1014
2,71,2,R0,0.7108840171346935,0.7082532947868508,0.316768835102193,0.8090977827373752,1014
2,11,3,R0,0.7386088571569568,0.6486103203462992,0.3343207626350386,0.5419017230155811,1014
2,102,4,R0,0.5265063331054034,0.5408877575733166,0.1175376244160877,0.6632802038751962,1014
2,12,5,R0,0.5519231157823365,0.3856031405860987,0.2395361609910249,0.512387633134422,1014
2,73,6,R0,0.6984332446151313,0.7439644748200689,0.0353698202737512,0.5945514120301324,1014
2,27,8,R0,0.5123689600382801,0.6032618364790336,0.1543921760985748,0.8390132850637859,1014
2,32,9,R0,0.5290170316073288,0.5013003781754857,0.1417142776295843,0.5114538405240108,1014
2,110,10,R0,0.520999919648293,0.5022260871722364,0.058734446363524,0.6388167538889713,1014
2,26,11,R0,0.7201356953703547,0.7853902558372052,0.0295565141933165,0.2148764571726732,1014
2,59,13,R0,0.6551447947356409,0.4850438492632499,0.2149463541398347,0.5145384040677842,1014
2,55,14,R0,0.6398201456615294,0.593189851228616,0.1208145299251949,0.4587967979225624,1014
2,94,16,R0,0.4872602290235666,0.4681011514144303,0.3629854279804781,0.5187917058043673,1014
2,90,18,R0,0.7342294443670224,0.723946351595171,0.0808448781305968,0.6592006195603605,1014
2,5,19,R0,0.5733982268939207,0.5278468671379908,0.1603885867911544,0.1580661656980347,1014
2,92,20,R0,0.5867091770968638,0.5290883504863706,0.1684909611680086,0.7408269937721381,1014
2,52,24,R0,0.5269307934962063,0.4497630030018066,0.2874031171573905,0.411865916723331,1014
2,103,27,R0,0.6393114741990322,0.4897220929870849,0.2221627188678695,0.8097468349571431,1014
2,46,28,R0,0.6442158689491742,0.7322145135949154,0.4565496631511949,0.7509229749005046,1014
2,35,29,R0,0.5075310063927121,0.5167185388327744,0.1855827118579327,0.7503237818657715,1014
3,16,2,R0,0.6494692366072461,0.4032237783368078,0.3366842709539826,0.77880386929597,1014
3,30,3,R0,0.6506808426526921,0.7070793997407068,0.3277060856347175,0.752301735454436,1014
3,33,12,R0,0.4596678517345856,0.5363060965782782,0.2484661962026911,0.6185109525356451,1014
3,81,21,R0,0.4711778545252796,0.2162792225394522,0.4223724182534308,0.7524385272008984,1014
3,107,23,R0,0.5215341685600381,0.3866118146660561,0.1155432255183259,0.5680566145399975,1014
3,61,24,R0,0.5606575532541928,0.3228980100362011,0.2987841261576421,0.5772969518337331,1014
3,80,26,R0,0.4943793645890297,0.4421584717502933,0.373461660749119,0.3297731000889098,1014
4,10,25,R0,0.6087198771406039,0.5541717753274523,0.2308566687977194,0.6012840888065247,1014
5,93,15,R0,0.6015337192359183,0.4381471667285612,0.2369807950035102,0.5510636057207106,1014
5,21,20,R0,0.6066350401714223,0.2606784530053609,0.1769839332413643,0.526063346838541,1014
6,66,29,R0,0.4892836897867477,0.000765056851813,0.220837869080689,0.7071348341943239,1014
1,30,3,R1,0.6233611803774791,0.7070793997407068,0.2557951116798948,0.752301735454436,1014
1,95,6,R1,0.8860793365359285,0.94416346753199,0.0229529989547912,0.7353717526525261,1014
1,83,8,R1,0.5996287577662929,0.7941763596190445,0.1440864793917897,0.0648376422881793,1014
1,32,9,R1,0.6007403183725547,0.5013003781754857,0.1218321286109188,0.5114538405240108,1014
1,118,10,R1,0.6653347434611955,0.6674252485045736,0.0534836289642607,0.5036523346130725,1014
1,6,11,R1,0.761871670457297,0.767574906447611,0.0246759634134402,0.3382584666102356,1014
1,27,12,R1,0.5704501616488489,0.6248606997374959,0.1998943716870649,0.8390132850637859,1014
1,74,13,R1,0.6096331685199043,0.6521334111842422,0.2071816813466852,0.3908506329756973,1014
1,100,14,R1,0.6523247597825175,0.7051183549883477,0.0916358246999187,0.5864891611395643,1014
1,102,15,R1,0.6332860179410615,0.7067675360888598,0.191308677227776,0.6632802038751962,1014
1,2,17,R1,0.5978790649608345,0.7375008334047134,0.1156808547229692,0.5662465506644997,1014
1,108,18,R1,0.6464858824379162,0.723946351595171,0.0704344205233348,0.4569930605747889,1014
1,38,19,R1,0.8264917865215807,1.0,0.1109199161756232,0.4812002472486963,1014
1,65,21,R1,0.6085396598703231,0.727648986592089,0.2770113020564986,0.7796452506486906,1014
1,76,23,R1,0.574195970689181,0.7360253455927355,0.0923901604147256,0.1554194894903491,1014
1,61,24,R1,0.4062989589909364,0.3228980100362011,0.2806892593880845,0.5772969518337331,1014
1,106,25,R1,0.6102044074484376,0.7518804464429343,0.222585593668641,0.1612738676849723,1014
1,109,26,R1,0.6568871198290519,0.6607602866929304,0.2915386623763499,0.5358651329508951,1014
1,69,27,R1,0.7611037521886688,1.0,0.1432479036546118,0.6528652886465166,1014
1,112,28,R1,0.7031209671782704,0.7497578788562065,0.3689581963326692,0.6503700655863774,1014
2,91,0,R1,0.4628000728426272,0.6128719740498138,0.0682964678407851,0.4598426845338841,1014
2,71,2,R1,0.6549822059606276,0.7075927621718159,0.242432506441882,0.8090977827373752,1014
2,11,3,R1,0.6186165396351767,0.6435127807928939,0.2858099443106927,0.5419017230155811,1014
2,73,6,R1,0.719828672029956,0.7439644748200689,0.0281186411964295,0.5945514120301324,1014
2,17,9,R1,0.695432584662313,0.5215195844242737,0.114363779523148,0.7939143639160332,1014
2,26,11,R1,0.7037789108043508,0.7853902558372052,0.0262150377656538,0.2148764571726732,1014
2,33,12,R1,0.5181306482903977,0.5333927028625722,0.2201296034203686,0.6185109525356451,1014
2,24,13,R1,0.6328012055065868,0.8508254655099536,0.1546945456311048,0.6675567019702052,1014
2,94,17,R1,0.5186613940235255,0.6502996170045054,0.1217322631034998,0.5187917058043673,1014
2,101,18,R1,0.3868751763068093,0.4713259577563098,0.0786411893313618,0.3584017355644145,1014
2,90,19,R1,0.6574463085141088,0.6638456272282096,0.1297734534374828,0.6592006195603605,1014
2,10,25,R1,0.4939521044320973,0.5502716673431887,0.2037579073948165,0.6012840888065247,1014
2,80,26,R1,0.4721653301921701,0.4397240760146041,0.3702024268497089,0.3297731000889098,1014
2,103,27,R1,0.629066965574703,0.4897220929870849,0.1962351360302137,0.8097468349571431,1014
2,46,28,R1,0.64393831000114,0.7322145135949154,0.3435308990479394,0.7509229749005046,1014
3,68,7,R1,0.4428680505044969,0.417640804329477,0.2259846151966082,0.3078171006439884,1014
3,110,10,R1,0.513331288666619,0.5022260871722364,0.0475233471476257,0.6388167538889713,1014
3,78,15,R1,0.482451180061992,0.5439503350152713,0.1721068129123816,0.8421148428589976,1014
3,75,23,R1,0.4924965708897184,0.5073782953934298,0.0977161915772295,0.821246612595037,1014
4,39,0,R1,0.490712822041434,0.4072624157498886,0.0831848004720867,0.2592020883262217,1014
4,62,2,R1,0.5807765350690832,0.5348284080715289,0.2929594169438034,0.5856962204287813,1014
4,12,5,R1,0.465942791712716,0.3873715051660902,0.2162304518958241,0.512387633134422,1014
4,88,8,R1,0.382314142994782,0.2751374405510308,0.1573374446874069,0.8623390804760188,1014
4,55,14,R1,0.4571159256887496,0.5938380991112265,0.1023977602469932,0.4587967979225624,1014
4,92,20,R1,0.5404753329068784,0.5290883504863706,0.1448301311305594,0.7408269937721381,1014
4,20,24,R1,0.4426455909742017,0.3709463355721089,0.2424274447806064,0.7395911783706518,1014
5,105,7,R1,0.4397707372697841,0.6005830521221031,0.2396433996537809,0.0644555833776241,1014
5,35,29,R1,0.4807079236368156,0.5167185388327744,0.1617489759628262,0.7503237818657715,1014
6,60,5,R1,0.4940407321230589,0.5543607410419797,0.209883734837866,0.2099550899099854,1014
6,70,29,R1,0.3430435920133577,0.4583095108231231,0.1830601939517188,0.7733919394543562,1014
1,91,0,R2,0.5690831318109534,0.6128719740498138,0.0682964678407851,0.4598426845338841,1014
1,71,2,R2,0.6664761327749101,0.7075927621718159,0.242432506441882,0.8090977827373752,1014
1,30,3,R2,0.590214847099069,0.7070793997407068,0.2557951116798948,0.752301735454436,1014
1,95,6,R2,0.8536146729919647,0.94416346753199,0.0229529989547912,0.7353717526525261,1014
1,83,8,R2,0.6463403011389992,0.7941763596190445,0.1440864793917897,0.0648376422881793,1014
1,92,10,R2,0.573832804216407,0.4364583400069122,0.0541429768700419,0.7408269937721381,1014
1,108,12,R2,0.6271733857862094,0.7259534047208116,0.203005495660943,0.4569930605747889,1014
1,24,13,R2,0.6579558459366719,0.8508254655099536,0.1546945456311048,0.6675567019702052,1014
1,100,14,R2,0.6338585790018464,0.7051183549883477,0.0916358246999187,0.5864891611395643,1014
1,78,15,R2,0.5754805232988246,0.5439503350152713,0.1721068129123816,0.8421148428589976,1014
1,2,16,R2,0.6298249255017495,0.6685704884125152,0.2799809125120188,0.5662465506644997,1014
1,38,18,R2,0.6596325201975354,0.723946351595171,0.0670803423252984,0.4812002472486963,1014
1,90,19,R2,0.660974563232398,0.6638456272282096,0.1297734534374828,0.6592006195603605,1014
1,110,20,R2,0.5082698014668382,0.5581009659521672,0.1330685474973323,0.6388167538889713,1014
1,81,21,R2,0.4177288259082116,0.2162792225394522,0.4196301593945526,0.7524385272008984,1014
1,76,23,R2,0.5821516562977168,0.7360253455927355,0.0923901604147256,0.1554194894903491,1014
1,106,25,R2,0.5637900717923326,0.7518804464429343,0.222585593668641,0.1612738676849723,1014
1,109,26,R2,0.5560084540427381,0.6607602866929304,0.2915386623763499,0.5358651329508951,1014
1,69,27,R2,0.8000822913819362,1.0,0.1432479036546118,0.6528652886465166,1014
1,112,28,R2,0.6754583727002063,0.7497578788562065,0.3689581963326692,0.6503700655863774,1014
1,35,29,R2,0.460881280760209,0.5167185388327744,0.1626256123104731,0.7503237818657715,1014
2,98,1,R2,0.4784704175239601,0.3510702822834118,0.2687335285646784,0.962384201602164,1014
2,61,5,R2,0.5002273881383117,0.5372157079742801,0.1922724234497654,0.5772969518337331,1014
2,73,6,R2,0.6799214723309274,0.7439644748200689,0.0282899698843203,0.5945514120301324,1014
2,118,10,R2,0.5417670562782534,0.6674252485045736,0.0534836289642607,0.5036523346130725,1014
2,26,11,R2,0.6701755728755937,0.78879816987628,0.0262108809528099,0.2148764571726732,1014
2,74,13,R2,0.5273434175584591,0.6521334111842422,0.2071816813466852,0.3908506329756973,1014
2,55,14,R2,0.5052652310444116,0.6034118189328519,0.1019817383162784,0.4587967979225624,1014
2,102,15,R2,0.6476750193297165,0.7196254119818959,0.1906971093400048,0.6632802038751962,1014
2,65,21,R2,0.5555420472455438,0.727648986592089,0.2770113020564986,0.7796452506486906,1014
2,66,22,R2,0.4055735434876912,0.2090343549236859,0.0612518180037834,0.7071348341943239,1014
2,50,27,R2,0.5998370181230447,0.7444077153557305,0.1810717342551557,0.5052045416272986,1014
2,46,28,R2,0.5908974907517417,0.744777842959566,0.3420853381577183,0.7509229749005046,1014
3,51,0,R2,0.4633545558828894,0.402748384731231,0.0924151934167078,0.5305589632440487,1014
3,16,2,R2,0.5229240754270229,0.4104626848859002,0.293134480521471,0.77880386929597,1014
3,60,5,R2,0.456349950836259,0.5499570365407067,0.2103538921858627,0.2099550899099854,1014
3,68,7,R2,0.4182006631017267,0.427823114062196,0.2249345181236118,0.3078171006439884,1014
3,17,9,R2,0.5372040732463969,0.526878496799667,0.1141200416506962,0.7939143639160332,1014
3,6,11,R2,0.7927804061515077,0.7784340333371098,0.0246509880145653,0.3382584666102356,1014
3,94,17,R2,0.5718510827564295,0.6478155287118141,0.1220093627946134,0.5187917058043673,1014
3,54,18,R2,0.4536025492785901,0.5315002824121662,0.0724567574108861,0.4974079582118038,1014
3,5,19,R2,0.4833278697216596,0.5310448640728966,0.1638113072050273,0.1580661656980347,1014
3,21,20,R2,0.398335682672103,0.2560131862184722,0.1713085732094687,0.526063346838541,1014
3,80,26,R2,0.4051227778099999,0.4525514805471559,0.3685453300869457,0.3297731000889098,1014
4,48,1,R2,0.4832591059040093,0.5984422569197005,0.2783910672290982,0.3980261000039282,1014
4,11,3,R2,0.6210963198743993,0.6435127807928939,0.2858099443106927,0.5419017230155811,1014
4,27,8,R2,0.5887299261699181,0.6084375948052727,0.1309767509322509,0.8390132850637859,1014
4,45,16,R2,0.4032441917157149,0.5110944773194219,0.3270292551265367,0.3608313500356185,1014
4,75,23,R2,0.5724846373875073,0.5073782953934298,0.0978291810232057,0.821246612595037,1014
4,10,25,R2,0.5344667409928928,0.5560764423796409,0.203589489339392,0.6012840888065247,1014
4,12,29,R2,0.3826336230175658,0.4770352806084387,0.1673878261339043,0.512387633134422,1014
5,32,9,R2,0.4833742942499659,0.5079932077869238,0.1213202312721803,0.5114538405240108,1014
5,33,12,R2,0.4362166713033504,0.5380898121364697,0.2197838687836766,0.6185109525356451,1014
5,72,17,R2,0.3956803738236729,0.4493745982594965,0.1378774457576781,0.4009667216453992,1014
1,11,3,R3,0.5852643007566303,0.6435127807928939,0.2858099443106927,0.5419017230155811,1014
1,102,4,R3,0.4571015108912464,0.5408877575733166,0.1068988178916128,0.6632802038751962,1014
1,61,5,R3,0.4629068210220933,0.5372157079742801,0.1922724234497654,0.5772969518337331,1014
1,95,6,R3,0.8935367857892947,0.94416346753199,0.0229529989547912,0.7353717526525261,1014
1,105,7,R3,0.4390892428223323,0.5971016889508061,0.2399456415092362,0.0644555833776241,1014
1,83,8,R3,0.646334356517721,0.7941763596190445,0.1440864793917897,0.0648376422881793,1014
1,17,9,R3,0.6135055218056986,0.5215195844242737,0.114363779523148,0.7939143639160332,1014
1,118,10,R3,0.596682419387764,0.6674252485045736,0.0534836289642607,0.5036523346130725,1014
1,6,11,R3,0.7188947109494886,0.767574906447611,0.0246759634134402,0.3382584666102356,1014
1,27,12,R3,0.5571100127072814,0.6248606997374959,0.1998943716870649,0.8390132850637859,1014
1,24,13,R3,0.7249990243197186,0.8508254655099536,0.1546945456311048,0.6675567019702052,1014
1,2,16,R3,0.6442344099351354,0.6685704884125152,0.2799809125120188,0.5662465506644997,1014
1,94,17,R3,0.6113478787364118,0.6478155287118141,0.1220093627946134,0.5187917058043673,1014
1,108,18,R3,0.6647464768456055,0.723946351595171,0.0704344205233348,0.4569930605747889,1014
1,38,19,R3,0.8165144790870924,1.0,0.1109199161756232,0.4812002472486963,1014
1,65,21,R3,0.5629061653484377,0.727648986592089,0.2770113020564986,0.7796452506486906,1014
1,76,23,R3,0.5249358708950751,0.7360253455927355,0.0923901604147256,0.1554194894903491,1014
1,109,26,R3,0.5218844136636525,0.6607602866929304,0.2915386623763499,0.5358651329508951,1014
1,69,27,R3,0.8000822913819362,1.0,0.1432479036546118,0.6528652886465166,1014
2,39,0,R3,0.5098411239498062,0.4047139516028318,0.0835691553908745,0.2592020883262217,1014
2,98,1,R3,0.5505200506419535,0.3381633376093362,0.269914336109181,0.962384201602164,1014
2,62,2,R3,0.5875638024139549,0.5352392951958931,0.2923216969587238,0.5856962204287813,1014
2,30,3,R3,0.5800996302717593,0.713753023428991,0.2551153013782577,0.752301735454436,1014
2,73,6,R3,0.7315151501088992,0.747744537635787,0.028219819123235,0.5945514120301324,1014
2,32,9,R3,0.5043766921260698,0.5033704113693254,0.1218321286109188,0.5114538405240108,1014
2,26,11,R3,0.6548389375160653,0.7948830553207428,0.0260622296429317,0.2148764571726732,1014
2,90,12,R3,0.4427069625372102,0.4764325134975545,0.2119126021978045,0.6592006195603605,1014
2,74,13,R3,0.5591933219805649,0.6577081062447562,0.2068734793073905,0.3908506329756973,1014
2,100,14,R3,0.7336999474094456,0.7051183549883477,0.0916358246999187,0.5864891611395643,1014
2,78,15,R3,0.5805564374830882,0.5618692104038325,0.1703492236928998,0.8421148428589976,1014
2,110,20,R3,0.5926517380426279,0.5624448771675761,0.1330365328393766,0.6388167538889713,1014
2,57,24,R3,0.4831359416273756,0.6676646823599948,0.2954649410573733,0.1409823942568355,1014
2,10,25,R3,0.5251854164373021,0.5520372073563673,0.2033300636052968,0.6012840888065247,1014
2,50,27,R3,0.5995384295368369,0.7403537113523442,0.1815023009097119,0.5052045416272986,1014
2,112,28,R3,0.6840505743413648,0.7809545650873497,0.3340389893008632,0.6503700655863774,1014
3,91,0,R3,0.5184596133752004,0.6130190510816659,0.0682964678407851,0.4598426845338841,1014
3,29,1,R3,0.4691846717811189,0.5760763355159164,0.2493661096936559,0.8311700201781002,1014
3,71,2,R3,0.6433404527813777,0.7137238396794168,0.2422427785727063,0.8090977827373752,1014
3,55,14,R3,0.5383328493724262,0.593189851228616,0.1021171699140048,0.4587967979225624,1014
3,35,16,R3,0.4825955752053272,0.5172540198601676,0.308766651496844,0.7503237818657715,1014
3,5,19,R3,0.4760617260123217,0.5391004203658537,0.1621927802317732,0.1580661656980347,1014
3,92,20,R3,0.5255681666823055,0.5290883504863706,0.1451816878917421,0.7408269937721381,1014
3,46,28,R3,0.6605798322185535,0.7403118155382594,0.3427377821999026,0.7509229749005046,1014
4,60,5,R3,0.5196277267448675,0.5499570365407067,0.2103538921858627,0.2099550899099854,1014
4,103,10,R3,0.3846858129173667,0.4911966318804787,0.0515412101955705,0.8097468349571431,1014
4,72,17,R3,0.4289033197656666,0.4560792208783047,0.1223913823322219,0.4009667216453992,1014
4,66,22,R3,0.4043762858665175,0.2371935131521654,0.0597551949627799,0.7071348341943239,1014
4,106,25,R3,0.6219686138002789,0.7679734185297264,0.2024266061960496,0.1612738676849723,1014
4,80,26,R3,0.4371293571046863,0.4644408028147699,0.3363050851235284,0.3297731000889098,1014
5,68,7,R3,0.4851406926911332,0.4202030001697391,0.2258466216778859,0.3078171006439884,1014
5,101,18,R3,0.5240447257899109,0.4821299628387261,0.0783656394895765,0.3584017355644145,1014
6,75,23,R3,0.4753315558618324,0.5073782953934298,0.0978291810232057,0.821246612595037,1014
1,40,0,R0,0.6957194544391656,0.6566595010291889,0.1694922424995332,0.8285028355285196,1015
1,110,1,R0,0.4994359926413484,0.450689336269775,0.2300289260411706,0.8007755053649734,1015
1,84,2,R0,0.5228919095058644,0.3771514215328828,0.266359929948385,0.5533795239959235,1015
1,71,3,R0,0.5918180989639757,0.5458606727764908,0.4017779744319031,0.5609782325213617,1015
1,74,4,R0,0.7715477195965281,0.8648140698446587,0.1593662723873013,0.23045455157485,1015
1,44,5,R0,0.5920234549445041,0.5120793935862163,0.1148475436622127,0.603247204684215,1015
1,22,6,R0,0.6756853077432294,0.6582058615083451,0.1347887066928033,0.516281922706665,1015
1,78,7,R0,0.6217644797844312,0.5956350909436039,0.0292319676887828,0.3241557036376997,1015
1,50,8,R0,0.8242461126022026,0.8302187256179772,0.3627267567084989,0.7776416606673155,1015
1,4,9,R0,0.7462633975979737,0.6238196319087114,0.2389057765017227,0.808881686065494,1015
1,30,10,R0,0.7412354875245801,0.7316367577233439,0.1482470509633937,0.670184102121387,1015
1,86,11,R0,0.6415619825238991,0.7045702176354756,0.2711652022028494,0.6349006697770823,1015
1,16,12,R0,0.604104943327339,0.4538837261462437,0.1835070303151579,0.3629243456135447,1015
1,62,13,R0,0.6714844328765164,0.7581525824567206,0.1455067952612184,0.6262960680666845,1015
1,7,15,R0,0.6798056090590633,0.7290625053426334,0.2501735348546964,0.2667663155967655,1015
1,36,16,R0,0.5709657606069113,0.4935515972656532,0.1646615278419551,0.4124797429977292,1015
1,113,17,R0,0.4847717264881379,0.4584490295896756,0.1871406813037684,0.8614936479397256,1015
1,115,18,R0,0.56765415629183,0.3809145183218575,0.2593716331723598,0.7421801613189326,1015
1,27,20,R0,0.7528504580346417,0.7737237154882114,0.0273999570937586,0.5015579430933433,1015
1,94,21,R0,0.674850082193576,0.8050631121032727,0.3460342176792226,0.6674527476279928,1015
1,10,23,R0,0.5180731989157903,0.4391580236164932,0.085017413439701,0.4064280198353109,1015
1,105,24,R0,0.4867823353880484,0.6218205452297909,0.1631153130082843,0.6793491275153186,1015
1,73,25,R0,0.7106878061179318,0.5345099853257889,0.1110606707736751,0.5230220028989276,1015
1,13,26,R0,0.5363202166116721,0.4404021610239067,0.2496481169115789,0.664012694521746,1015
1,95,27,R0,0.755979004824738,0.8366138636365685,0.2316618597892893,0.5417276957042507,1015
1,82,28,R0,0.6532060967063905,0.6424777703959628,0.2075245536037856,0.6932304672790977,1015
1,19,29,R0,0.7724664271447403,0.724344323678723,0.0834566904649486,0.5507299509524829,1015
2,119,0,R0,0.4833001501003319,0.5074366087853861,0.1780908202926657,0.5797132676794357,1015
2,28,3,R0,0.5449195858181606,0.5127077740628154,0.400849487385344,0.5611407313284728,1015
2,23,4,R0,0.7472162073005233,0.8789906698899272,0.1575148570657054,0.4450264885184598,1015
2,12,8,R0,0.6434977648684054,0.8238688308173668,0.3599722025835573,0.4391191260789082,1015
2,45,9,R0,0.6824013809954064,0.5630123538758267,0.2410179808186823,0.8646731854049675,1015
2,97,10,R0,0.6081284376114983,0.6257061433733393,0.1526118269032749,0.3998296868802982,1015
2,88,12,R0,0.6134748431753083,0.6237243972603077,0.1737942083448485,0.6404534717436198,1015
2,101,13,R0,0.5970103010477583,0.5425285309309434,0.1531087878265286,0.3601854808565826,1015
2,68,14,R0,0.5471438207947842,0.4308663789379443,0.2954546622640363,0.7299640474799017,1015
2,70,15,R0,0.5440335397614604,0.644243395418489,0.2563846579512013,0.6333690763841302,1015
2,114,17,R0,0.4667157575493829,0.3037762780511338,0.1968019300377388,0.2341662564336778,1015
2,57,19,R0,0.693112294851853,0.6977759173723909,0.263667257890619,0.0856434097989698,1015
2,29,20,R0,0.8230047541074751,0.8851556414263084,0.0266158987842963,0.4195687387779372,1015
2,14,21,R0,0.4398948802961757,0.3025866540497227,0.4010734942147843,0.6739656993456699,1015
2,8,25,R0,0.6116141780416735,0.5546393665213812,0.111098895483391,0.489667020360689,1015
2,108,26,R0,0.520369883337643,0.4749005654096455,0.2501279365265244,0.4206288175522722,1015
2,20,27,R0,0.5473543650978944,0.5646572861857007,0.2524397022209848,0.6451509648187894,1015
2,26,28,R0,0.4810287856926424,0.3618103611448963,0.2226480485529229,0.2596247711620786,1015
3,91,1,R0,0.4140168960474171,0.2112402688636829,0.2488196790231041,0.2589888181968748,1015
3,59,7,R0,0.439426215584727,0.3650667413069225,0.0305791152363175,0.2949499103487525,1015
3,33,11,R0,0.5050200690180159,0.5443315552486896,0.283692047590219,0.5030817602576656,1015
3,90,14,R0,0.4691134101829664,0.4653460121077921,0.2900103796250068,0.6338722150172583,1015
3,96,16,R0,0.5645074131127761,0.3311380014492623,0.1733967547879083,0.8110390191472088,1015
3,32,19,R0,0.5212081287192403,0.4112907754628376,0.2878917488348402,0.5729210349563337,1015
3,106,22,R0,0.5384063859205166,0.5732860715470873,0.1828520769927772,0.4211459628061691,1015
3,83,23,R0,0.4734736444540028,0.3275524167990903,0.0879355356233009,0.6552728183214159,1015
3,37,29,R0,0.4898876962878487,0.3568659628976006,0.0924327903822026,0.359655817886446,1015
4,41,2,R0,0.4189116103123138,0.3964110998593491,0.2657913444384281,0.4253080905493058,1015
4,9,5,R0,0.4915241176892801,0.6092432902291303,0.1088782894449808,0.5192024399819164,1015
4,11,18,R0,0.4626672560208328,0.3400815126309392,0.2638959680160715,0.3897138670616649,1015
5,58,6,R0,0.4493839087985149,0.5106895553227001,0.1404657464403433,0.4843010164054296,1015
5,104,22,R0,0.5634420708712028,0.5553374959933914,0.1817016755511686,0.5682356902387985,1015
1,40,0,R1,0.6234233679624325,0.6566595010291889,0.1164161214742763,0.8285028355285196,1015
1,110,3,R1,0.7099097442265542,0.6842991590952187,0.2887410899869981,0.8007755053649734,1015
1,23,4,R1,0.6739209206628262,0.8789906698899272,0.1365976911892729,0.4450264885184598,1015
1,44,5,R1,0.5553856843219775,0.5120793935862163,0.0970109313471589,0.603247204684215,1015
1,57,6,R1,0.5751224543171326,0.6699022706208977,0.1219485021600168,0.0856434097989698,1015
1,78,7,R1,0.4764528804245168,0.5956350909436039,0.0312829757162896,0.3241557036376997,1015
1,50,8,R1,0.7629404042221938,0.8302187256179772,0.2764748089765026,0.7776416606673155,1015
1,4,9,R1,0.6973284000976073,0.6238196319087114,0.1775376958862725,0.808881686065494,1015
1,30,10,R1,0.7558031593995554,0.7316367577233439,0.1107073069084164,0.670184102121387,1015
1,88,12,R1,0.6778159062766234,0.6237243972603077,0.1406353202654567,0.6404534717436198,1015
1,62,13,R1,0.6761365549690546,0.7581525824567206,0.1152619905714176,0.6262960680666845,1015
1,12,14,R1,0.552325115482429,0.7565459302403659,0.2538945118698709,0.4391191260789082,1015
1,36,16,R1,0.4822172396519356,0.4935515972656532,0.1541951655614812,0.4124797429977292,1015
1,22,19,R1,0.767557009195739,0.7525866543689791,0.195681236525276,0.516281922706665,1015
1,27,20,R1,0.6864241954544531,0.7737237154882114,0.0220554448972996,0.5015579430933433,1015
1,94,21,R1,0.6900353018264547,0.8050631121032727,0.251551776461023,0.6674527476279928,1015
1,106,22,R1,0.4852483146021782,0.5717134286238549,0.1707940990134006,0.4211459628061691,1015
1,13,26,R1,0.5170682510908992,0.4404021610239067,0.2091872644685756,0.664012694521746,1015
1,95,27,R1,0.6845999996932437,0.8366138636365685,0.1789241409259628,0.5417276957042507,1015
1,82,28,R1,0.5694941241206332,0.6424777703959628,0.1548577855699429,0.6932304672790977,1015
1,19,29,R1,0.5970840190789768,0.724344323678723,0.0721703925927503,0.5507299509524829,1015
2,119,1,R1,0.4695581584378702,0.4535774910216898,0.213623268900615,0.5797132676794357,1015
2,84,2,R1,0.4815915730260111,0.3801812230279915,0.2313809960776069,0.5533795239959235,1015
2,53,3,R1,0.522713145043693,0.4976909626096728,0.3532122013289743,0.8257130882245801,1015
2,74,4,R1,0.6499157302706549,0.8648140698446587,0.1607563260066667,0.23045455157485,1015
2,97,8,R1,0.5554222532580179,0.7609503635630541,0.3659080083712902,0.3998296868802982,1015
2,45,9,R1,0.5480577521894916,0.5630123538758267,0.1902117054472389,0.8646731854049675,1015
2,86,11,R1,0.5001471300341196,0.7045702176354756,0.2331014756409082,0.6349006697770823,1015
2,16,12,R1,0.3558693502629766,0.4538949562247232,0.1782142423174563,0.3629243456135447,1015
2,68,14,R1,0.5050587993591742,0.4308663789379443,0.245793197407819,0.7299640474799017,1015
2,7,15,R1,0.6562148063553765,0.7290625053426334,0.2652079827148783,0.2667663155967655,1015
2,29,20,R1,0.7820361054530951,0.8851556414263084,0.0217903003568956,0.4195687387779372,1015
2,104,22,R1,0.5821076055046582,0.5553374959933914,0.1601994422910547,0.5682356902387985,1015
2,105,24,R1,0.5721364079392365,0.6218205452297909,0.1386373593636348,0.6793491275153186,1015
2,115,27,R1,0.5134299018436087,0.4929989891557252,0.2249651055458558,0.7421801613189326,1015
2,113,28,R1,0.5569147338295973,0.4697314091755453,0.1918472913191876,0.8614936479397256,1015
2,48,29,R1,0.4520362726064622,0.4819996022731946,0.0914735898417325,0.3134220654699801,1015
3,59,0,R1,0.4364453982850335,0.4682324380243519,0.161226832121272,0.2949499103487525,1015
3,41,2,R1,0.4023019132413674,0.3899152429415019,0.2484093425267892,0.4253080905493058,1015
3,9,5,R1,0.5563930136098558,0.6092432902291303,0.0960645784373215,0.5192024399819164,1015
3,20,18,R1,0.5030094288651075,0.3503845922815216,0.2529516024400245,0.6451509648187894,1015
3,14,21,R1,0.3239765454392632,0.3061226654714327,0.3777455365109242,0.6739656993456699,1015
3,10,23,R1,0.4157883095270924,0.4418563177205745,0.0780677500477826,0.4064280198353109,1015
4,58,13,R1,0.5073163856398364,0.3840421540321245,0.1421226985955703,0.4843010164054296,1015
4,67,19,R1,0.5198805233472537,0.628956307674252,0.2224707063339416,0.4085592827459196,1015
5,31,15,R1,0.5654165434564801,0.4971026188108594,0.2376868707177279,0.691343724891405,1015
5,96,16,R1,0.4170377322144261,0.3316621631932772,0.17140115869674,0.8110390191472088,1015
5,8,25,R1,0.5848118005238949,0.559740954075145,0.111579210350494,0.489667020360689,1015
6,75,7,R1,0.3323966856316723,0.3622673014374887,0.0299054776301749,0.4459926341270056,1015
1,40,0,R2,0.6372641452146379,0.6566595010291889,0.1164161214742763,0.8285028355285196,1015
1,119,1,R2,0.4797656216442534,0.4535774910216898,0.213623268900615,0.5797132676794357,1015
1,110,3,R2,0.6061732804174352,0.6842991590952187,0.2887410899869981,0.8007755053649734,1015
1,23,4,R2,0.6566288027503726,0.8789906698899272,0.1365976911892729,0.4450264885184598,1015
1,44,5,R2,0.5708228652055027,0.5120793935862163,0.0970109313471589,0.603247204684215,1015
1,22,6,R2,0.6021951791875829,0.6582058615083451,0.1037231476772146,0.516281922706665,1015
1,50,8,R2,0.7341737994224649,0.8302187256179772,0.2764748089765026,0.7776416606673155,1015
1,45,9,R2,0.5986595269257927,0.5630123538758267,0.1902117054472389,0.8646731854049675,1015
1,30,10,R2,0.610091386068728,0.7316367577233439,0.1107073069084164,0.670184102121387,1015
1,86,11,R2,0.5860906907283762,0.7045702176354756,0.2331014756409082,0.6349006697770823,1015
1,39,12,R2,0.4586191313835382,0.464506878803773,0.1888131993607839,0.1539263991850223,1015
1,62,13,R2,0.6439569137643382,0.7581525824567206,0.1152619905714176,0.6262960680666845,1015
1,68,14,R2,0.5543329410418248,0.4308663789379443,0.245793197407819,0.7299640474799017,1015
1,82,17,R2,0.5816372777158245,0.5943827508932982,0.140685832554784,0.6932304672790977,1015
1,67,19,R2,0.5585751171654583,0.628956307674252,0.2231170747340897,0.4085592827459196,1015
1,38,20,R2,0.7927512847747887,0.7750017498222596,0.0214188766604894,0.6096587588984177,1015
1,94,21,R2,0.683540463018698,0.8050631121032727,0.251551776461023,0.6674527476279928,1015
1,104,22,R2,0.5844583614807615,0.5553374959933914,0.1601994422910547,0.5682356902387985,1015
1,8,25,R2,0.5334759443572371,0.5546393665213812,0.1119394638635989,0.489667020360689,1015
1,95,27,R2,0.7760424296721056,0.8366138636365685,0.1789241409259628,0.5417276957042507,1015
1,113,28,R2,0.5248742587875842,0.4697314091755453,0.1918472913191876,0.8614936479397256,1015
1,19,29,R2,0.7093931396975403,0.724344323678723,0.0721703925927503,0.5507299509524829,1015
2,84,2,R2,0.4637217775469565,0.3771514215328828,0.2313809960776069,0.5533795239959235,1015
2,71,3,R2,0.4514395427630213,0.5523033491864259,0.3771587312759201,0.5609782325213617,1015
2,74,4,R2,0.6429135696160694,0.8696917327789442,0.1603819733002598,0.23045455157485,1015
2,78,7,R2,0.478633081122177,0.5963537528913223,0.0312047518339432,0.3241557036376997,1015
2,12,8,R2,0.612447117283401,0.8255144350332257,0.308665039605608,0.4391191260789082,1015
2,4,9,R2,0.6944242286259308,0.6320766816770096,0.1770638280893759,0.808881686065494,1015
2,97,10,R2,0.5120499999454168,0.6257061433733393,0.1529030720581687,0.3998296868802982,1015
2,88,12,R2,0.6557986691487306,0.6237243972603077,0.1406353202654567,0.6404534717436198,1015
2,101,13,R2,0.5910159369939029,0.5425285309309434,0.1374608630348414,0.3601854808565826,1015
2,31,15,R2,0.5850861566365567,0.4934496309779023,0.2384400635524022,0.691343724891405,1015
2,57,19,R2,0.5243901223829653,0.7047707832037786,0.2615168893165658,0.0856434097989698,1015
2,29,20,R2,0.7508077441574341,0.8888070576705638,0.0218008323661391,0.4195687387779372,1015
2,66,21,R2,0.3790312114221004,0.2649187966440743,0.3679448587249529,0.2752222662286658,1015
2,47,22,R2,0.444718432395421,0.4892243677553164,0.178263748120651,0.492862838316925,1015
2,105,24,R2,0.4950455637504501,0.63034861651536,0.1386373593636348,0.6793491275153186,1015
2,20,27,R2,0.5416563534550423,0.5646572861857007,0.2276297864895872,0.6451509648187894,1015
2,64,28,R2,0.5633117763245041,0.7628149031875735,0.1882776633504292,0.3775783686811554,1015
3,28,0,R2,0.3881941497558832,0.3743873948736783,0.1756333818325046,0.5611407313284728,1015
3,9,5,R2,0.5598439088175071,0.6092432902291303,0.0960645784373215,0.5192024399819164,1015
3,90,14,R2,0.4308760106682107,0.4819792502321574,0.2663087102682048,0.6338722150172583,1015
3,7,15,R2,0.6508030831011281,0.754651512967556,0.2635130634022901,0.2667663155967655,1015
3,10,23,R2,0.4734306177777223,0.4490692502074556,0.0779446147435959,0.4064280198353109,1015
3,13,26,R2,0.4885766346643007,0.4404021610239067,0.2091872644685756,0.664012694521746,1015
3,48,29,R2,0.5463038811764565,0.4828445713362682,0.0913825700747173,0.3134220654699801,1015
4,58,6,R2,0.4817625244653561,0.5106895553227001,0.1301552013711926,0.4843010164054296,1015
4,33,11,R2,0.4793218138944041,0.5560652580243651,0.2638678741169761,0.5030817602576656,1015
4,36,16,R2,0.49162014430867,0.4967031619039115,0.1541951655614812,0.4124797429977292,1015
4,49,17,R2,0.3962457120528788,0.4251743252375265,0.1889424690804155,0.5868272498944729,1015
4,73,25,R2,0.5423804020539905,0.5477168749085053,0.1034147218233606,0.5230220028989276,1015
5,53,23,R2,0.3531060055600091,0.458757576740884,0.0702601843627032,0.8257130882245801,1015
1,40,0,R3,0.6191590002030193,0.6566595010291889,0.1164161214742763,0.8285028355285196,1015
1,110,3,R3,0.6178363022962232,0.6842991590952187,0.2887410899869981,0.8007755053649734,1015
1,23,4,R3,0.6929139577241573,0.8789906698899272,0.1365976911892729,0.4450264885184598,1015
1,22,6,R3,0.6115880113366181,0.6582058615083451,0.1037231476772146,0.516281922706665,1015
1,50,8,R3,0.7775243583266559,0.8302187256179772,0.2764748089765026,0.7776416606673155,1015
1,4,9,R3,0.6625110187588333,0.6238196319087114,0.1775376958862725,0.808881686065494,1015
1,30,10,R3,0.5915139304944576,0.7316367577233439,0.1107073069084164,0.670184102121387,1015
1,86,11,R3,0.6188368462345778,0.7045702176354756,0.2331014756409082,0.6349006697770823,1015
1,62,13,R3,0.6578370136638416,0.7581525824567206,0.1152619905714176,0.6262960680666845,1015
1,68,14,R3,0.5316581844102816,0.4308663789379443,0.245793197407819,0.7299640474799017,1015
1,7,15,R3,0.5621797595267409,0.7290625053426334,0.2652079827148783,0.2667663155967655,1015
1,36,16,R3,0.513265153001828,0.4935515972656532,0.1541951655614812,0.4124797429977292,1015
1,115,18,R3,0.4589642520411458,0.3809145183218575,0.2307636059629243,0.7421801613189326,1015
1,27,20,R3,0.8247603159839859,0.7737237154882114,0.0220554448972996,0.5015579430933433,1015
1,94,21,R3,0.6253790783357133,0.8050631121032727,0.251551776461023,0.6674527476279928,1015
1,105,24,R3,0.6013006703583024,0.6218205452297909,0.1386373593636348,0.6793491275153186,1015
1,95,27,R3,0.7604148039865019,0.8366138636365685,0.1789241409259628,0.5417276957042507,1015
1,82,28,R3,0.5438371089897386,0.6424777703959628,0.1548577855699429,0.6932304672790977,1015
1,19,29,R3,0.7499617248922544,0.724344323678723,0.0721703925927503,0.5507299509524829,1015
2,84,2,R3,0.4534249779899627,0.3822573781713555,0.230257924493426,0.5533795239959235,1015
2,52,3,R3,0.4915778273883317,0.5590430202939682,0.3384626576798288,0.6725571121452318,1015
2,74,4,R3,0.6094669004029186,0.8650129680764203,0.1601897327849687,0.23045455157485,1015
2,44,6,R3,0.4216887344640391,0.4459500642748913,0.1192778744225676,0.603247204684215,1015
2,12,8,R3,0.6344620277473262,0.8301048907053356,0.307024660411839,0.4391191260789082,1015
2,45,9,R3,0.5000535942343188,0.5630123538758267,0.1902117054472389,0.8646731854049675,1015
2,88,12,R3,0.659195888856778,0.63630435104299,0.131803387940577,0.6404534717436198,1015
2,101,13,R3,0.5746344580497473,0.5454276007823333,0.137410176911846,0.3601854808565826,1015
2,66,14,R3,0.4973816154171678,0.4659641864873268,0.2404943183552902,0.2752222662286658,1015
2,96,16,R3,0.5117042915407944,0.3311380014492623,0.1718971178500594,0.8110390191472088,1015
2,113,17,R3,0.4995742494461812,0.4584490295896756,0.1609500069937295,0.8614936479397256,1015
2,29,20,R3,0.7618926136093227,0.8933399314239582,0.021687411206723,0.4195687387779372,1015
2,10,23,R3,0.4477733514228511,0.4391580236164932,0.0782768268962552,0.4064280198353109,1015
2,8,25,R3,0.5508839873881797,0.5546393665213812,0.1117905450701651,0.489667020360689,1015
2,48,29,R3,0.4940754672234885,0.4819996022731946,0.0915868962161286,0.3134220654699801,1015
3,9,5,R3,0.5250565025107344,0.6092432902291303,0.0960645784373215,0.5192024399819164,1015
3,78,7,R3,0.483094766381682,0.6009426394977064,0.0311659271625281,0.3241557036376997,1015
3,97,10,R3,0.5319145054800881,0.6257061433733393,0.1529030720581687,0.3998296868802982,1015
3,33,11,R3,0.4568098023986663,0.5597466234221323,0.2617801807819447,0.5030817602576656,1015
3,16,12,R3,0.4302894383283354,0.4538837261462437,0.1784444557158343,0.3629243456135447,1015
3,14,21,R3,0.3150008604141905,0.3084997078337053,0.3757484341261249,0.6739656993456699,1015
3,73,25,R3,0.5516666207925099,0.539260712920256,0.1033926148550359,0.5230220028989276,1015
3,20,27,R3,0.525854792523285,0.5690754313487798,0.2271322098697742,0.6451509648187894,1015
4,49,0,R3,0.4250591195718086,0.3239063209088711,0.1617992381250597,0.5868272498944729,1015
4,70,15,R3,0.5037328272387207,0.6550384390334473,0.2156040604160699,0.6333690763841302,1015
4,67,19,R3,0.5357340212379288,0.64248845198689,0.2211968089849478,0.4085592827459196,1015
4,104,22,R3,0.5233574679319937,0.5553374959933914,0.1601994422910547,0.5682356902387985,1015
5,57,18,R3,0.3681217952561977,0.4296389244039063,0.262032709124921,0.0856434097989698,1015
5,32,19,R3,0.3658456348610068,0.4147209812872553,0.2540833385164035,0.5729210349563337,1015
5,106,22,R3,0.4603677268819599,0.6034160973390457,0.1570443719470715,0.4211459628061691,1015
5,83,23,R3,0.4488182468994298,0.3275524167990903,0.0779134024775724,0.6552728183214159,1015
5,56,24,R3,0.4395463060160398,0.4483157213382118,0.1426538796698253,0.5533071890455049,1015
5,13,26,R3,0.461600399412122,0.4442917520937016,0.2079812676151475,0.664012694521746,1015
5,64,28,R3,0.4656035821800441,0.7677613945117435,0.1849984966744756,0.3775783686811554,1015
6,119,1,R3,0.3626589106521662,0.4535774910216898,0.213623268900615,0.5797132676794357,1015
6,75,7,R3,0.5240798634113841,0.3748752486203286,0.0295160129988541,0.4459926341270056,1015
6,98,17,R3,0.3595185612572995,0.5940226060640905,0.1701470227876521,0.4542967189450076,1015
1,84,1,R0,0.6677242733689159,0.4796884425899297,0.1382549518660785,0.8311393699065286,1016
1,73,2,R0,0.7722382489428449,0.8599804362709234,0.0755247225277697,0.5822534406578759,1016
1,65,3,R0,0.8457253825747056,0.7916137138182102,0.1562353723967199,0.8589622997428067,1016
1,102,4,R0,0.5398165455723987,0.5396192612230408,0.2562582841352577,0.3967216949199234,1016
1,88,5,R0,0.6232881113580271,0.5078815309952747,0.3960661710769733,0.642677983136673,1016
1,104,7,R0,0.653704943458331,0.6447098535428806,0.2717925054034775,0.4146216424399578,1016
1,75,9,R0,0.6789171292220453,0.7591730385298591,0.2857751490772393,0.2134847484768587,1016
1,63,10,R0,0.5938570686892752,0.4821472373477267,0.0413267153554687,0.782870704528088,1016
1,78,11,R0,0.756722561959036,0.7149388300789592,0.0495329941353925,0.4093264188400924,1016
1,53,12,R0,0.5957711963938656,0.5467455970916097,0.4736118489138712,0.7226113680438445,1016
1,69,13,R0,0.6505695641125763,0.4838766191189955,0.3510589863216442,0.679129498300828,1016
1,37,14,R0,0.6236124023954197,0.7114125284439625,0.3397708405711614,0.8110435155916312,1016
1,109,15,R0,0.6616677218958479,0.6635345512027233,0.1765678115351747,0.7610084554348477,1016
1,95,17,R0,0.5591482369728895,0.5140286957014588,0.2917210917374416,0.6960186994316597,1016
1,28,18,R0,0.6395104170612973,0.6391243544734111,0.1914418560565064,0.9082996238687212,1016
1,29,19,R0,0.7030672524801769,0.7741693102082701,0.2376013192528673,0.3138359926220882,1016
1,32,20,R0,0.6364750668534241,0.655687045116223,0.037327694635078,0.6237912474177996,1016
1,55,21,R0,0.6634961976537739,0.7479874179713524,0.1725106872705449,0.4825830184020803,1016
1,52,22,R0,0.4065575474389698,0.5065314598977095,0.1216878969123899,0.7735918249961286,1016
1,46,24,R0,0.6614123167056462,0.6882763658071935,0.2499306777048727,0.8459717085598379,1016
1,22,25,R0,0.6610392874735219,0.7515827364173836,0.2916527293527195,0.5851602579174908,1016
1,71,26,R0,0.7514756253058217,0.6970332357873521,0.1786969810458538,0.3923823022906771,1016
1,43,28,R0,0.7923769923156403,0.8009712807478497,0.0918265821400495,0.4241486840188002,1016
2,66,0,R0,0.5684636320103708,0.4815354519630107,0.0806654456000526,0.0836725783325178,1016
2,101,1,R0,0.575506112330813,0.6208085736263582,0.132283160851562,0.6435399548588328,1016
2,67,2,R0,0.7497124605596671,0.6578413103466935,0.0799904691922557,0.9558152835171844,1016
2,113,3,R0,0.5487650987133217,0.5062150234050442,0.1688856494679967,0.4929922714569171,1016
2,17,6,R0,0.7331292837666922,0.733042439573496,0.2778641754926769,0.5039839265893442,1016
2,40,8,R0,0.6099221692642018,0.4662125953102091,0.1212310320135231,0.495339396012531,1016
2,60,9,R0,0.5561999758003908,0.6150761932978172,0.2963136015458859,0.5289935581892498,1016
2,91,10,R0,0.6686516369510279,0.5129270650921361,0.0409537971715465,0.5122747103298764,1016
2,74,11,R0,0.7831043259386213,0.7045782837250824,0.0510696884881777,0.4577763234662315,1016
2,5,15,R0,0.3990743514200277,0.3732335241798297,0.1922280750510271,0.5468399967866391,1016
2,106,16,R0,0.7404334681175291,0.5621786784824959,0.1988007239582763,0.2848770188697405,1016
2,34,17,R0,0.5759159958580298,0.5103884774786605,0.2861999100657562,0.3220073992255621,1016
2,19,18,R0,0.6114236478522476,0.6939593519739495,0.1937202998729209,0.3458263210872346,1016
2,9,19,R0,0.6407990866394703,0.7023716112772631,0.2420671782398912,0.0726264862173032,1016
2,105,20,R0,0.5583047820699332,0.4124528696125865,0.0406991618055743,0.1216624183202731,1016
2,23,23,R0,0.6263092377013085,0.4108798478481485,0.1665562361277824,0.7999543287191178,1016
2,54,25,R0,0.5255777310574964,0.2895120858038122,0.3380112632336139,0.8315873855423395,1016
2,11,26,R0,0.6927052783533012,0.7955447661339856,0.1710481608377173,0.6660244444399087,1016
2,25,28,R0,0.623526761594361,0.5184781317040073,0.1005021382044552,0.6422173620051075,1016
3,20,0,R0,0.5248844364275234,0.3404676397432576,0.0867872547875527,0.0174369017656361,1016
3,76,5,R0,0.5426606055924408,0.5780265446949427,0.382079553552778,0.3643489737856994,1016
3,86,6,R0,0.591341228958326,0.7057345094207431,0.2791391473183696,0.6395536292552582,1016
3,59,8,R0,0.562179496107541,0.5495817631467131,0.1183573472539351,0.0434825518585796,1016
3,82,12,R0,0.55554211495693,0.5403589623514914,0.4705968190304938,0.4098219899407205,1016
3,81,13,R0,0.4902435175728357,0.4633008065721097,0.354547064822904,0.7639955801489885,1016
3,41,14,R0,0.461705138306195,0.2442263504641585,0.3887505519784422,0.7457778307252083,1016
3,18,23,R0,0.4418099343841625,0.3566447756737784,0.1676046746341006,0.9306265211931464,1016
3,118,24,R0,0.5723015374452389,0.5251626141221459,0.2533531111616884,0.2639395977182958,1016
3,38,29,R0,0.4625282890813247,0.2049378453642787,0.1756995647060459,0.6003015333124332,1016
4,27,4,R0,0.4929629257875527,0.3965555714880867,0.2668834296527204,0.5680551622969673,1016
4,93,16,R0,0.552078551448967,0.4716612639958586,0.2053811566344834,0.787016023408789,1016
4,1,29,R0,0.4818800043071886,0.1887505723931518,0.1797384438082799,0.6697143026586952,1016
5,45,22,R0,0.3592521088888382,0.4282559406515309,0.1243853374443774,0.5354231355361493,1016
6,36,27,R0,0.3933333504005639,0.2773057948781575,0.0682480786991667,0.8189302572140515,1016
1,66,0,R1,0.5197151686882595,0.4815354519630107,0.0863740670590346,0.0836725783325178,1016
1,84,1,R1,0.6268227061814109,0.4796884425899297,0.11097265944395,0.8311393699065286,1016
1,73,2,R1,0.8768718834756933,0.8599804362709234,0.0590767492102977,0.5822534406578759,1016
1,65,3,R1,0.7765562823697904,0.7916137138182102,0.1120524897942936,0.8589622997428067,1016
1,17,6,R1,0.6725836181663892,0.733042439573496,0.2098272472013986,0.5039839265893442,1016
1,75,9,R1,0.6353773977084999,0.7591730385298591,0.2607806293186889,0.2134847484768587,1016
1,83,11,R1,0.6662257571619132,0.6728724680665399,0.0404728950746696,0.6629808366380722,1016
1,53,12,R1,0.5374617558510331,0.5467455970916097,0.3673379420401414,0.7226113680438445,1016
1,69,13,R1,0.6226635222668708,0.4838766191189955,0.283444245604495,0.679129498300828,1016
1,109,15,R1,0.5955609399216971,0.6635345512027233,0.1420155682847695,0.7610084554348477,1016
1,106,16,R1,0.5710947360308369,0.5621786784824959,0.1752497779876279,0.2848770188697405,1016
1,29,19,R1,0.5721466177663153,0.7741693102082701,0.2036753991799417,0.3138359926220882,1016
1,32,20,R1,0.6881670076947507,0.655687045116223,0.0284787766405518,0.6237912474177996,1016
1,55,21,R1,0.632056206280937,0.7479874179713524,0.1537554505301158,0.4825830184020803,1016
1,46,24,R1,0.5796917791242864,0.6882763658071935,0.193500142815699,0.8459717085598379,1016
1,11,26,R1,0.6405020266807918,0.7925732537376298,0.1226981765822704,0.6660244444399087,1016
1,43,28,R1,0.7215358227258736,0.8009712807478497,0.0766841948550798,0.4241486840188002,1016
2,101,1,R1,0.5614822961279885,0.6208085736263582,0.1126608298667203,0.6435399548588328,1016
2,67,2,R1,0.6430435331593599,0.6578413103466935,0.0589977816316273,0.9558152835171844,1016
2,76,5,R1,0.5006999027787243,0.5780265446949427,0.3544027647747412,0.3643489737856994,1016
2,86,6,R1,0.6169268763985674,0.7057345094207431,0.2342695604007811,0.6395536292552582,1016
2,104,7,R1,0.5831657370504734,0.6447098535428806,0.2608106563033529,0.4146216424399578,1016
2,60,9,R1,0.5216542451443086,0.6200654793494226,0.2719099707921891,0.5289935581892498,1016
2,91,10,R1,0.5039341395238365,0.5162791654172114,0.0327052623235121,0.5122747103298764,1016
2,37,14,R1,0.5687351514696737,0.7114125284439625,0.279062128904679,0.8110435155916312,1016
2,95,17,R1,0.526754457092531,0.5140286957014588,0.2558795347923163,0.6960186994316597,1016
2,9,19,R1,0.5266081893017547,0.7023716112772631,0.2345603814036359,0.0726264862173032,1016
2,45,22,R1,0.4720376311011046,0.4280964068461533,0.1243178791436424,0.5354231355361493,1016
2,82,24,R1,0.4653476735341851,0.4142975330234576,0.2674997227456324,0.4098219899407205,1016
2,22,25,R1,0.4944366534599745,0.7515827364173836,0.2633700670626061,0.5851602579174908,1016
2,71,26,R1,0.5227264085274682,0.6970332357873521,0.1688582384763268,0.3923823022906771,1016
2,25,28,R1,0.4957633246459153,0.5184781317040073,0.0790898038020897,0.6422173620051075,1016
3,77,3,R1,0.5077567873703662,0.4492549558738137,0.1542243974383459,0.7390143480872398,1016
3,88,5,R1,0.6051000412142623,0.5078815309952747,0.3144269864899732,0.642677983136673,1016
3,41,10,R1,0.5410038541476977,0.5337243876577911,0.0329423487180443,0.7457778307252083,1016
3,78,11,R1,0.6544278096203175,0.7149388300789592,0.043812671165401,0.4093264188400924,1016
3,38,13,R1,0.4629656910798622,0.3639124251606799,0.341469749100185,0.6003015333124332,1016
3,112,16,R1,0.4580868008573284,0.5010565583827042,0.1696947133111155,0.5256251452201716,1016
3,93,17,R1,0.6592969686704985,0.6802330229856899,0.2031813456651063,0.787016023408789,1016
3,54,20,R1,0.4979432125143263,0.3822834658386154,0.032941630525892,0.8315873855423395,1016
3,23,23,R1,0.4982347230630327,0.4137431577614106,0.1409697384842729,0.7999543287191178,1016
3,16,29,R1,0.4493340800154713,0.4683082223961975,0.1393074105838734,0.7196666775533729,1016
4,63,7,R1,0.3579363716115233,0.2367343911978783,0.3098920910552307,0.782870704528088,1016
4,52,21,R1,0.3234543965515579,0.4499397781472083,0.1806546213617458,0.7735918249961286,1016
5,102,4,R1,0.4928035143523778,0.5423386356738804,0.238933061651885,0.3967216949199234,1016
5,59,8,R1,0.4692126109446194,0.5516408769546857,0.1195514977284939,0.0434825518585796,1016
5,13,22,R1,0.2978854927511395,0.295536770883027,0.1291099335034641,0.3152029963679899,1016
5,79,29,R1,0.4639599236911119,0.448410871674,0.1386736098757588,0.7849598145007424,1016
6,92,8,R1,0.4417604373595023,0.5783546207270158,0.1023935935064761,0.3954639118399763,1016
6,1,15,R1,0.4652119769163517,0.3991559238073475,0.1666313265731288,0.6697143026586952,1016
6,28,18,R1,0.6014864619800899,0.6433406455123891,0.1409466251282692,0.9082996238687212,1016
6,107,23,R1,0.4138872687417866,0.3757141578550015,0.1498152644771843,0.5989972749045859,1016
6,105,25,R1,0.5281539749752849,0.4645975050285242,0.3198049947031312,0.1216624183202731,1016
1,101,1,R2,0.5519409498710885,0.6208085736263582,0.1126608298667203,0.6435399548588328,1016
1,73,2,R2,0.7665243763092608,0.8599804362709234,0.0590767492102977,0.5822534406578759,1016
1,65,3,R2,0.7662303396211152,0.7916137138182102,0.1120524897942936,0.8589622997428067,1016
1,88,5,R2,0.6010219504275172,0.5078815309952747,0.3149286616052194,0.642677983136673,1016
1,17,6,R2,0.6246550517528799,0.733042439573496,0.2098272472013986,0.5039839265893442,1016
1,104,7,R2,0.5175828090969392,0.6447098535428806,0.2609914218521245,0.4146216424399578,1016
1,60,9,R2,0.5488902743917763,0.6150761932978172,0.2729545682819013,0.5289935581892498,1016
1,63,10,R2,0.6107121395256614,0.4821472373477267,0.0357656650438594,0.782870704528088,1016
1,78,11,R2,0.6958653992795081,0.7149388300789592,0.043812671165401,0.4093264188400924,1016
1,53,12,R2,0.5670069749956245,0.5467455970916097,0.3673379420401414,0.7226113680438445,1016
1,69,13,R2,0.5469448946887331,0.4838766191189955,0.283444245604495,0.679129498300828,1016
1,109,15,R2,0.6272154413890213,0.6635345512027233,0.1420155682847695,0.7610084554348477,1016
1,106,16,R2,0.5623163875922588,0.5621786784824959,0.1752497779876279,0.2848770188697405,1016
1,93,17,R2,0.5693405898219439,0.6802330229856899,0.2031813456651063,0.787016023408789,1016
1,28,18,R2,0.5708360925236605,0.6391243544734111,0.1417150324632826,0.9082996238687212,1016
1,29,19,R2,0.5978734363792925,0.7741693102082701,0.2036753991799417,0.3138359926220882,1016
1,32,20,R2,0.6529134926337885,0.655687045116223,0.0284787766405518,0.6237912474177996,1016
1,55,21,R2,0.5814114585680079,0.7479874179713524,0.1537554505301158,0.4825830184020803,1016
1,23,23,R2,0.4065494239093109,0.4108798478481485,0.1411537775438171,0.7999543287191178,1016
1,46,24,R2,0.5233373106551769,0.6882763658071935,0.193500142815699,0.8459717085598379,1016
1,22,25,R2,0.5939210418952949,0.7515827364173836,0.2633700670626061,0.5851602579174908,1016
1,11,26,R2,0.6531368489797692,0.7925732537376298,0.1226981765822704,0.6660244444399087,1016
1,43,28,R2,0.6353890838283011,0.8009712807478497,0.0766841948550798,0.4241486840188002,1016
2,12,0,R2,0.5436952032362364,0.417643995573343,0.0702363282995093,0.8359386147437913,1016
2,84,1,R2,0.4489547908158958,0.4796884425899297,0.11097265944395,0.8311393699065286,1016
2,67,2,R2,0.6488746128475892,0.6578413103466935,0.0589977816316273,0.9558152835171844,1016
2,113,3,R2,0.5177050674452122,0.5062150234050442,0.1507074205732226,0.4929922714569171,1016
2,91,5,R2,0.504360223867143,0.5977991718139024,0.3035682964632283,0.5122747103298764,1016
2,86,6,R2,0.5540796961186185,0.7057345094207431,0.2345952239773356,0.6395536292552582,1016
2,39,10,R2,0.4958056987030189,0.5949142246121257,0.0325334016387663,0.5769359970824168,1016
2,74,11,R2,0.6912786897930385,0.7045782837250824,0.041986341181619,0.4577763234662315,1016
2,82,12,R2,0.5412010744639151,0.5364196244397985,0.4254210573096457,0.4098219899407205,1016
2,37,14,R2,0.542061424961461,0.7114125284439625,0.279062128904679,0.8110435155916312,1016
2,1,15,R2,0.4923441156979905,0.3975850529439105,0.1677774329122529,0.6697143026586952,1016
2,19,18,R2,0.5980535567256376,0.6994227569238782,0.1815263443462546,0.3458263210872346,1016
2,9,19,R2,0.5179044837659565,0.7066731089159172,0.2341876923413456,0.0726264862173032,1016
2,105,25,R2,0.5721109330411597,0.4637118377751829,0.3207881999070805,0.1216624183202731,1016
2,71,26,R2,0.6175654541288624,0.7033733169255467,0.1684706257714053,0.3923823022906771,1016
3,75,8,R2,0.5584135458278584,0.7282712179459381,0.1025506097092233,0.2134847484768587,1016
3,38,13,R2,0.4759929855754835,0.3639124251606799,0.341469749100185,0.6003015333124332,1016
3,54,20,R2,0.4707963334062331,0.3822834658386154,0.032941630525892,0.8315873855423395,1016
3,18,23,R2,0.4806158124191433,0.3566447756737784,0.1453818979852059,0.9306265211931464,1016
3,41,24,R2,0.4887228552021561,0.3837095888590538,0.2435637422816857,0.7457778307252083,1016
4,59,8,R2,0.5188846062371553,0.558583716684493,0.1193703356358613,0.0434825518585796,1016
4,99,9,R2,0.4829807614528799,0.5522423050728545,0.2525698685873578,0.4181561302924308,1016
4,95,17,R2,0.501151970824066,0.5351166047358034,0.2549252608306513,0.6960186994316597,1016
4,25,28,R2,0.6075703657407261,0.5249850474951764,0.0788067660364212,0.6422173620051075,1016
5,112,16,R2,0.5500058779717169,0.506166602019684,0.1693846712245681,0.5256251452201716,1016
5,16,21,R2,0.342251301494122,0.3280070407109572,0.1727457717492358,0.7196666775533729,1016
1,101,1,R3,0.6459157465770471,0.6208085736263582,0.1126608298667203,0.6435399548588328,1016
1,73,2,R3,0.8768718834756933,0.8599804362709234,0.0590767492102977,0.5822534406578759,1016
1,65,3,R3,0.8548226247163968,0.7916137138182102,0.1120524897942936,0.8589622997428067,1016
1,84,5,R3,0.5889360596006333,0.409030473167163,0.3375046230860551,0.8311393699065286,1016
1,17,6,R3,0.659246073645302,0.733042439573496,0.2098272472013986,0.5039839265893442,1016
1,39,10,R3,0.4475750456523548,0.5949142246121257,0.0325334016387663,0.5769359970824168,1016
1,74,11,R3,0.654021135527618,0.7045782837250824,0.041986341181619,0.4577763234662315,1016
1,53,12,R3,0.5513500480070677,0.5467455970916097,0.3673379420401414,0.7226113680438445,1016
1,69,13,R3,0.5838312795134997,0.4838766191189955,0.283444245604495,0.679129498300828,1016
1,37,14,R3,0.4830940314764391,0.7114125284439625,0.279062128904679,0.8110435155916312,1016
1,109,15,R3,0.5697687136129274,0.6635345512027233,0.1420155682847695,0.7610084554348477,1016
1,93,17,R3,0.6551607050559484,0.6802330229856899,0.2031813456651063,0.787016023408789,1016
1,28,18,R3,0.5336184467080435,0.6391243544734111,0.1417150324632826,0.9082996238687212,1016
1,29,19,R3,0.6220127590336402,0.7741693102082701,0.2036753991799417,0.3138359926220882,1016
1,32,20,R3,0.6953013592521743,0.655687045116223,0.0284787766405518,0.6237912474177996,1016
1,55,21,R3,0.6551596982555,0.7479874179713524,0.1537554505301158,0.4825830184020803,1016
1,46,24,R3,0.599572580262903,0.6882763658071935,0.193500142815699,0.8459717085598379,1016
1,2,25,R3,0.5331832833155221,0.6803478733103494,0.2633102213528917,0.6287001076425803,1016
1,11,26,R3,0.6916609015374892,0.7925732537376298,0.1226981765822704,0.6660244444399087,1016
1,43,28,R3,0.6247874177093293,0.8009712807478497,0.0766841948550798,0.4241486840188002,1016
1,89,29,R3,0.4402983448212869,0.547764197786305,0.1336961314826538,0.3687349023423883,1016
2,67,2,R3,0.6376984083310071,0.6578413103466935,0.0589977816316273,0.9558152835171844,1016
2,77,3,R3,0.5281848672854823,0.4575980639407899,0.1534758518826443,0.7390143480872398,1016
2,88,5,R3,0.6429224569774792,0.5078815309952747,0.3149286616052194,0.642677983136673,1016
2,104,7,R3,0.6689375511964604,0.6487568541982616,0.2601298459451356,0.4146216424399578,1016
2,75,8,R3,0.5799313414821331,0.7282712179459381,0.1025506097092233,0.2134847484768587,1016
2,60,9,R3,0.5201658974698072,0.6322436881887751,0.2444603980076788,0.5289935581892498,1016
2,63,10,R3,0.5449211962310277,0.4899670322548721,0.0356778905565886,0.782870704528088,1016
2,78,11,R3,0.6833383299233217,0.729290137643453,0.0432347458603042,0.4093264188400924,1016
2,5,13,R3,0.5294131587959866,0.4928762196997719,0.3229473950945907,0.5468399967866391,1016
2,106,16,R3,0.5090805092556473,0.5621786784824959,0.1746336413029835,0.2848770188697405,1016
2,95,17,R3,0.5838321755283289,0.5140286957014588,0.2558795347923163,0.6960186994316597,1016
2,19,18,R3,0.4641451564367478,0.6939593519739495,0.1819335554587363,0.3458263210872346,1016
2,54,20,R3,0.4953136528006173,0.3822834658386154,0.032941630525892,0.8315873855423395,1016
2,41,21,R3,0.4828182474189203,0.4946899524147996,0.1532581327690831,0.7457778307252083,1016
2,22,25,R3,0.5050508383782617,0.7515827364173836,0.2633700670626061,0.5851602579174908,1016
2,25,28,R3,0.5153753561177137,0.5226387938604324,0.0790469767418646,0.6422173620051075,1016
3,12,0,R3,0.4600352502809902,0.4104859593060949,0.0702363282995093,0.8359386147437913,1016
3,15,6,R3,0.4803328050858711,0.6641796996512219,0.2502169693152416,0.4350644704955134,1016
3,59,8,R3,0.4599523934370642,0.5660987449299679,0.1170849840935791,0.0434825518585796,1016
3,99,9,R3,0.4524702543097097,0.5522423050728545,0.2525698685873578,0.4181561302924308,1016
3,112,16,R3,0.5148812321058582,0.5010565583827042,0.1696947133111155,0.5256251452201716,1016
3,58,19,R3,0.5149981933253911,0.6507080933514708,0.2593727781328925,0.0920293866503867,1016
3,18,23,R3,0.4943745907562751,0.3585462012378007,0.1452389756908415,0.9306265211931464,1016
3,71,26,R3,0.6038635449146732,0.6970332357873521,0.1687312024621354,0.3923823022906771,1016
4,113,4,R3,0.4517270227423529,0.3752654162851186,0.2543124711818371,0.4929922714569171,1016
4,82,12,R3,0.564424314683266,0.5397805335789487,0.4253485251054775,0.4098219899407205,1016
4,1,15,R3,0.4642946833975708,0.398683068492908,0.1677764099848967,0.6697143026586952,1016
4,52,22,R3,0.3843432916582604,0.5279683880569814,0.1136474984188041,0.7735918249961286,1016
5,66,0,R3,0.3589253487011309,0.4862766618346692,0.086193686626254,0.0836725783325178,1016
5,102,4,R3,0.4826446422078538,0.563728236841639,0.2343720446844091,0.3967216949199234,1016
5,23,23,R3,0.445095695496487,0.4183459749630805,0.1409296530781812,0.7999543287191178,1016
5,16,29,R3,0.4842428213245165,0.4787990788515779,0.1383067736167212,0.7196666775533729,1016
6,108,1,R3,0.4074230609152202,0.4157506185724832,0.1434342802434193,0.57231982788784,1016
6,118,24,R3,0.4421011133630503,0.5696542128074129,0.2139395788163578,0.2639395977182958,1016
1,111,0,R0,0.5416731937519883,0.6570263995855963,0.0989012989592102,0.2887529090293292,1017
1,13,1,R0,0.6015115246906361,0.6698362616520588,0.3693410239294376,0.6418248317556146,1017
1,64,2,R0,0.6097997651666563,0.5493476970847417,0.0307251933868608,0.7055460213020606,1017
1,8,3,R0,0.8250122150314364,0.9475132189525411,0.1014102490019668,0.4845671784335743,1017
1,34,4,R0,0.7679810155024307,0.8000547334249594,0.0843894687092668,0.2366859616342825,1017
1,40,5,R0,0.6311239226750965,0.6488437918334489,0.2928213317763325,0.5063010373750736,1017
1,52,6,R0,0.5895550233450142,0.6502441407885541,0.2851548646023131,0.3451261973390068,1017
1,4,7,R0,0.6908395556773677,0.6923132135067074,0.1272136382684777,0.425670550014782,1017
1,104,11,R0,0.4479887086664296,0.3746782144113676,0.1422301383004099,0.8418859370975827,1017
1,71,13,R0,0.8067530833450148,0.717872621555487,0.1902482844400133,0.7400461257716432,1017
1,22,14,R0,0.7347054994948742,0.711184036048788,0.0903455245500578,0.8670842883784655,1017
1,10,15,R0,0.6334241593255905,0.7254739179559283,0.1981882497406518,0.3535978675558543,1017
1,82,16,R0,0.7782265110752928,0.7713352197213387,0.1166420142377633,0.5560873435658139,1017
1,85,17,R0,0.64499393080428,0.7021940286883203,0.2149600092594585,0.1643795659724359,1017
1,91,18,R0,0.8892697216162032,0.8269210418711782,0.0912783419580111,0.6735068669408373,1017
1,44,19,R0,0.7289086707381216,0.6836513231126056,0.0922407258920579,0.404667385236431,1017
1,19,20,R0,0.8142673992517825,0.9498991844713393,0.1805490759401736,0.3570131187325256,1017
1,74,21,R0,0.6551754711156433,0.6047649519546623,0.340834067349308,0.5135104922777618,1017
1,86,22,R0,0.6648971018549077,0.6099625705385953,0.1281499218508189,0.504635081724937,1017
1,59,23,R0,0.4936718222896064,0.3676858533627167,0.3706526383202919,0.639471407477716,1017
1,51,24,R0,0.6247665774935524,0.5013958282326425,0.1706690088760028,0.4304482073559478,1017
1,39,26,R0,0.7904573234170891,0.8820077297839498,0.3897638895265211,0.4917125420538193,1017
1,0,27,R0,0.6695060797952871,0.6387595599614485,0.2812562360031583,0.7315839378930382,1017
1,88,28,R0,0.7162714040723095,0.6504868755608019,0.1024327934592469,0.6743505458137921,1017
1,112,29,R0,0.7886030718999896,0.9233257629732916,0.0932468983656737,0.0723213656119848,1017
2,47,0,R0,0.465533366386435,0.3429635326364664,0.1089132090512865,0.3493959108826918,1017
2,54,2,R0,0.6089966118003491,0.5643589772763833,0.0321343140502004,0.2807143213903459,1017
2,14,3,R0,0.7794129835524701,0.8879491136609167,0.1051947527290692,0.5948701783349881,1017
2,90,4,R0,0.5384571829825676,0.5405929106972795,0.090020948246369,0.2804408361875177,1017
2,79,5,R0,0.586720131112172,0.4865315688825371,0.3114736278212535,0.507553842102336,1017
2,61,7,R0,0.4567086354348741,0.4058972542745177,0.1390924790720202,0.3902017965504749,1017
2,87,8,R0,0.531191474396343,0.5841765031514211,0.3763600055805152,0.4573354171946342,1017
2,103,9,R0,0.6381891440485618,0.5782527945366243,0.1806667719383169,0.5630608769846142,1017
2,16,10,R0,0.5078592025736811,0.3889490006806133,0.2934438360844415,0.78558062716081,1017
2,49,11,R0,0.4791018045424362,0.5126902189586016,0.136636366569499,0.2962147161171679,1017
2,67,13,R0,0.6161811680472498,0.4243388421332731,0.2076914298548137,0.6431490360778198,1017
2,15,14,R0,0.7218500170066983,0.7381551989326061,0.0892440510125571,0.8803028607979687,1017
2,96,15,R0,0.6025235510287176,0.6672028662792087,0.1979751930260022,0.5195185080322042,1017
2,50,16,R0,0.6621136163692526,0.6437323004698312,0.1207227999285518,0.6099205583159062,1017
2,46,17,R0,0.6005396475794953,0.4022453514644852,0.2318817399755126,0.6653397385996315,1017
2,33,18,R0,0.800888234344782,0.9825591107405858,0.087800994711655,0.3452395648474983,1017
2,65,19,R0,0.6513325879013059,0.6134241657350913,0.0927879119843625,0.6543647072757683,1017
2,53,20,R0,0.8307085152913954,0.8552229885047096,0.1846219318040097,0.736943309955297,1017
2,107,21,R0,0.518790005802197,0.290379284689258,0.373456974279256,0.5275008083682703,1017
2,26,24,R0,0.6180721117012338,0.6693019948000344,0.1600927816168054,0.5896187730772668,1017
2,116,25,R0,0.537150955553516,0.5384521717521267,0.0639045909790614,0.3316852587490445,1017
2,18,26,R0,0.7640400483213418,0.6659206896846657,0.4189560265190028,0.7775957117276767,1017
2,105,27,R0,0.488982646626283,0.4573926931430402,0.2852792974750816,0.4797761884017515,1017
2,108,28,R0,0.7891900705595407,0.7051661556526421,0.1007647439835846,0.2801764208307424,1017
2,81,29,R0,0.7693101240268823,0.706407320269949,0.0981932443788438,0.5268286944746238,1017
3,25,6,R0,0.4566895138193423,0.5098410611977973,0.2919432983941651,0.6008376750089889,1017
3,98,8,R0,0.4393316123449671,0.1849474564808527,0.4293707907727764,0.7867034850752423,1017
3,72,9,R0,0.558933113103327,0.7238314653520712,0.1759337850620401,0.6037841974750595,1017
3,118,10,R0,0.4558276609042556,0.4978418075210156,0.2775749599001762,0.7038643606604558,1017
3,3,12,R0,0.5160316321825307,0.3961315038091125,0.4222341831258063,0.7829780807482791,1017
3,60,22,R0,0.5229397136071011,0.4999237624671628,0.1319230102768222,0.2359260148233424,1017
5,62,23,R0,0.4485752682771222,0.4669373223943049,0.3557130663326463,0.2864275400565273,1017
6,117,1,R0,0.4132345712447959,0.2537112799337694,0.4312762275915223,0.7897755040038478,1017
6,69,12,R0,0.4456536954110173,0.4180448273570666,0.4096935696612964,0.6644602102890875,1017
1,13,1,R1,0.5235985761626594,0.6698362616520588,0.3086150950857552,0.6418248317556146,1017
1,64,2,R1,0.6540638820024515,0.5493476970847417,0.0270601712142235,0.7055460213020606,1017
1,8,3,R1,0.8196693127208775,0.9475132189525411,0.0785603063577165,0.4845671784335743,1017
1,34,4,R1,0.6574208932858296,0.8000547334249594,0.0815685858734124,0.2366859616342825,1017
1,4,7,R1,0.7087624823687673,0.6923132135067074,0.1021333701627631,0.425670550014782,1017
1,87,8,R1,0.4713178784943976,0.5825670618899077,0.3620981973517828,0.4573354171946342,1017
1,72,9,R1,0.6772702914465452,0.7238314653520712,0.1376252674595732,0.6037841974750595,1017
1,50,10,R1,0.6521777869054619,0.6949382376974922,0.2182424832035233,0.6099205583159062,1017
1,104,11,R1,0.4559692462330568,0.3746782144113676,0.1277223699239283,0.8418859370975827,1017
1,25,12,R1,0.6094432061382286,0.7188363228317083,0.3079336614780454,0.6008376750089889,1017
1,71,13,R1,0.6687653572452771,0.717872621555487,0.1469835150850232,0.7400461257716432,1017
1,22,14,R1,0.7386914000045387,0.711184036048788,0.0663936241402519,0.8670842883784655,1017
1,82,16,R1,0.7157769147510403,0.7713352197213387,0.0948550416156447,0.5560873435658139,1017
1,85,17,R1,0.510418478359377,0.7021940286883203,0.2046031286058064,0.1643795659724359,1017
1,33,18,R1,0.7994190799832861,0.9825591107405858,0.0712583061890529,0.3452395648474983,1017
1,44,19,R1,0.5604078682283973,0.6836513231126056,0.0764888597683019,0.404667385236431,1017
1,53,20,R1,0.8043770129523401,0.8552229885047096,0.149970109256147,0.736943309955297,1017
1,74,21,R1,0.6186649587013361,0.6047649519546623,0.2885119137433651,0.5135104922777618,1017
1,86,22,R1,0.5042792133382313,0.6099625705385953,0.1020110807081381,0.504635081724937,1017
1,79,24,R1,0.6635604600679762,0.6346377438262071,0.1390955852378664,0.507553842102336,1017
1,96,25,R1,0.6635419631583359,0.7713864285723924,0.0493655443762278,0.5195185080322042,1017
1,39,26,R1,0.728941123471369,0.8820077297839498,0.3147805678133705,0.4917125420538193,1017
1,0,27,R1,0.6153496648987181,0.6387595599614485,0.2189725485421506,0.7315839378930382,1017
1,108,28,R1,0.6495427492085966,0.7051661556526421,0.099214022033778,0.2801764208307424,1017
1,112,29,R1,0.7148388913749337,0.9233257629732916,0.08931740283891,0.0723213656119848,1017
2,111,0,R1,0.5734658897832025,0.6570263995855963,0.1023669000451852,0.2887529090293292,1017
2,14,3,R1,0.7068954689893251,0.8949787671901164,0.0858610808190823,0.5948701783349881,1017
2,114,4,R1,0.5767542984132029,0.6118363632392512,0.0844767201768423,0.5108431236435148,1017
2,51,5,R1,0.4964150566600791,0.4518338559034172,0.2898451907431051,0.4304482073559478,1017
2,103,9,R1,0.4400582907023966,0.5766828776281235,0.1611718044701977,0.5630608769846142,1017
2,16,10,R1,0.5242333659617205,0.3889490006806133,0.258273689062317,0.78558062716081,1017
2,67,13,R1,0.5537800186573143,0.4243388421332731,0.1753046964976143,0.6431490360778198,1017
2,15,14,R1,0.5799055673100632,0.7351186184803808,0.0608459769954512,0.8803028607979687,1017
2,98,16,R1,0.4954158344208464,0.4816133999672819,0.1084267305116626,0.7867034850752423,1017
2,91,18,R1,0.6792212743782824,0.8269210418711782,0.071914977488348,0.6735068669408373,1017
2,19,20,R1,0.7069309048062079,0.9498991844713393,0.1813292176504322,0.3570131187325256,1017
2,10,25,R1,0.5848474542032108,0.6276019654375213,0.0554509076552178,0.3535978675558543,1017
2,93,26,R1,0.5994491509556453,0.6817237332355135,0.3456876460672763,0.498558017964873,1017
2,105,27,R1,0.4588036025301524,0.4573926931430402,0.2625438666303353,0.4797761884017515,1017
2,88,28,R1,0.654196925024847,0.6535909062615977,0.0875984617561033,0.6743505458137921,1017
2,81,29,R1,0.6254060348293197,0.7082349344567274,0.0870661345468349,0.5268286944746238,1017
3,40,5,R1,0.5915773709042037,0.6530382116929516,0.3038970366545084,0.5063010373750736,1017
3,59,11,R1,0.3368302759348331,0.282819069359243,0.1411546194427251,0.639471407477716,1017
3,43,21,R1,0.3862529211159181,0.4797413102049424,0.3457669901203395,0.2737278411722365,1017
3,26,24,R1,0.6058052834727176,0.6712878364173881,0.1364472747215199,0.5896187730772668,1017
4,30,0,R1,0.4872569493352836,0.4074685586225212,0.0942199920530549,0.5732453988595171,1017
4,84,2,R1,0.519610644718258,0.5248413315268419,0.0313735288082406,0.3417314995869329,1017
4,52,6,R1,0.4712421200375155,0.6502441407885541,0.248596808685472,0.3451261973390068,1017
4,110,12,R1,0.4819893591251173,0.6205917832835832,0.3340036860080964,0.7139066130412809,1017
4,46,17,R1,0.4191082335918389,0.4047025715025412,0.2117018774228382,0.6653397385996315,1017
4,117,22,R1,0.5557487107574367,0.4291028759159203,0.1116580148142543,0.7897755040038478,1017
6,28,1,R1,0.2987497790150208,0.2071680217310447,0.4351254294127089,0.6905649162423146,1017
1,111,0,R2,0.5582521968015746,0.6570263995855963,0.1023669000451852,0.2887529090293292,1017
1,64,2,R2,0.5089404018439968,0.5493476970847417,0.0270601712142235,0.7055460213020606,1017
1,8,3,R2,0.8196693127208775,0.9475132189525411,0.0785603063577165,0.4845671784335743,1017
1,34,4,R2,0.691609672515968,0.8000547334249594,0.0815685858734124,0.2366859616342825,1017
1,56,5,R2,0.5293711441920428,0.4482452222963663,0.2700780816891024,0.5244402780141811,1017
1,52,6,R2,0.4718938541734843,0.6502441407885541,0.2494049738730564,0.3451261973390068,1017
1,4,7,R2,0.7139253736126573,0.6923132135067074,0.1021333701627631,0.425670550014782,1017
1,87,8,R2,0.4666604626011631,0.5825670618899077,0.3620981973517828,0.4573354171946342,1017
1,71,13,R2,0.6597523577380461,0.717872621555487,0.1469835150850232,0.7400461257716432,1017
1,22,14,R2,0.6804222684708218,0.711184036048788,0.0663936241402519,0.8670842883784655,1017
1,96,15,R2,0.5629903768092531,0.6672028662792087,0.1725847947311016,0.5195185080322042,1017
1,82,16,R2,0.7649419884765546,0.7713352197213387,0.0948550416156447,0.5560873435658139,1017
1,85,17,R2,0.5787599310691887,0.7021940286883203,0.2046031286058064,0.1643795659724359,1017
1,33,18,R2,0.783494712644993,0.9825591107405858,0.0712583061890529,0.3452395648474983,1017
1,44,19,R2,0.693488811408394,0.6836513231126056,0.0764888597683019,0.404667385236431,1017
1,19,20,R2,0.7107495436280796,0.9498991844713393,0.1813292176504322,0.3570131187325256,1017
1,104,21,R2,0.7165358005864969,0.6220525297856119,0.2695195756809133,0.8418859370975827,1017
1,86,22,R2,0.5597930591864868,0.6099625705385953,0.1020110807081381,0.504635081724937,1017
1,53,23,R2,0.4444396543666479,0.397391808586099,0.3496888821837212,0.736943309955297,1017
1,79,24,R2,0.7046140815839348,0.6346377438262071,0.1390955852378664,0.507553842102336,1017
1,116,25,R2,0.5384979840490421,0.536117933812573,0.0636242773938689,0.3316852587490445,1017
1,18,26,R2,0.7102727522906357,0.6659206896846657,0.3186935101046659,0.7775957117276767,1017
1,0,27,R2,0.5683857570299138,0.6387595599614485,0.2189725485421506,0.7315839378930382,1017
1,88,28,R2,0.5934264580327689,0.6504868755608019,0.0877073542559071,0.6743505458137921,1017
1,112,29,R2,0.6512884633534799,0.9233257629732916,0.08931740283891,0.0723213656119848,1017
2,31,0,R2,0.4202285033758514,0.3384903489603907,0.0932627005689092,0.7270086617587601,1017
2,13,1,R2,0.5729901558947358,0.6808145802988471,0.3078706105100057,0.6418248317556146,1017
2,27,3,R2,0.7524516162947689,0.6624731972238955,0.0764424328282004,0.7868307269088257,1017
2,90,4,R2,0.5002110268212351,0.5405929106972795,0.0826711965377792,0.2804408361875177,1017
2,40,5,R2,0.5184400207636637,0.6488437918334489,0.3041062591375839,0.5063010373750736,1017
2,103,9,R2,0.5313072296075481,0.5820266880391377,0.1609882036413505,0.5630608769846142,1017
2,50,10,R2,0.6214102864909768,0.6949382376974922,0.2182424832035233,0.6099205583159062,1017
2,49,11,R2,0.4554797652904916,0.5126902189586016,0.1319679197233679,0.2962147161171679,1017
2,72,12,R2,0.6380136782058736,0.7646916206189937,0.2884164626261772,0.6037841974750595,1017
2,15,14,R2,0.607033669848256,0.7436818926823121,0.0605272446429122,0.8803028607979687,1017
2,10,15,R2,0.5891983697304881,0.7368509692841237,0.1722757277599649,0.3535978675558543,1017
2,16,16,R2,0.5136554477444488,0.4628454008861709,0.1103246063948804,0.78558062716081,1017
2,91,18,R2,0.7895221560568895,0.8343533537365098,0.0718938870065362,0.6735068669408373,1017
2,65,19,R2,0.5333175664126216,0.6134241657350913,0.0764646250029889,0.6543647072757683,1017
2,74,21,R2,0.5068498634896973,0.6047649519546623,0.2885119137433651,0.5135104922777618,1017
2,39,26,R2,0.7149611249555231,0.8820077297839498,0.3145700554426681,0.4917125420538193,1017
2,108,28,R2,0.6422317362452992,0.7078937754871955,0.0990966098093062,0.2801764208307424,1017
3,54,2,R2,0.5247172326006673,0.5627831474886571,0.0334882455430783,0.2807143213903459,1017
3,25,9,R2,0.5088234807125643,0.5486311977543563,0.1574905775753864,0.6008376750089889,1017
3,118,10,R2,0.376014515321107,0.500123114880528,0.2348097014821026,0.7038643606604558,1017
3,1,20,R2,0.3449290818098326,0.4413083351435112,0.2109685307532757,0.1565058543194951,1017
3,26,24,R2,0.5377616363858859,0.6741616210501284,0.1364857833026247,0.5896187730772668,1017
3,67,29,R2,0.5424066694228548,0.5766451379012316,0.0804367600151611,0.6431490360778198,1017
4,14,7,R2,0.5533743274035402,0.701845080480304,0.1107506346881655,0.5948701783349881,1017
4,117,22,R2,0.5258806008998728,0.4360219416489026,0.112311214553595,0.7897755040038478,1017
4,105,27,R2,0.4965436286646546,0.4748702742162015,0.2600475073948085,0.4797761884017515,1017
5,45,13,R2,0.5212525324603096,0.6071446944495057,0.1781433471657609,0.3088763885031446,1017
5,46,17,R2,0.5049472829693159,0.4103286283629935,0.2114547859836163,0.6653397385996315,1017
5,62,23,R2,0.307652240866901,0.4682054435501845,0.3859538621129496,0.2864275400565273,1017
6,93,1,R2,0.3381121945949575,0.2607656563954477,0.4215770571289144,0.498558017964873,1017
6,110,12,R2,0.4910477395830483,0.6205917832835832,0.3340036860080964,0.7139066130412809,1017
1,111,0,R3,0.5682314259858628,0.6570263995855963,0.1023669000451852,0.2887529090293292,1017
1,64,2,R3,0.60372317174023,0.5493476970847417,0.0270601712142235,0.7055460213020606,1017
1,8,3,R3,0.7636884246645307,0.9475132189525411,0.0785603063577165,0.4845671784335743,1017
1,34,4,R3,0.6280924340201925,0.8000547334249594,0.0815685858734124,0.2366859616342825,1017
1,40,5,R3,0.5660081669526726,0.6488437918334489,0.3041062591375839,0.5063010373750736,1017
1,4,7,R3,0.6179671382650644,0.6923132135067074,0.1021333701627631,0.425670550014782,1017
1,87,8,R3,0.4241068125613387,0.5825670618899077,0.3620981973517828,0.4573354171946342,1017
1,25,9,R3,0.5933744612152834,0.5423113353168767,0.1578110254082401,0.6008376750089889,1017
1,110,12,R3,0.4970066344105627,0.6205917832835832,0.3340036860080964,0.7139066130412809,1017
1,71,13,R3,0.6479652421720811,0.717872621555487,0.1469835150850232,0.7400461257716432,1017
1,15,14,R3,0.7814672514477065,0.7351186184803808,0.0608459769954512,0.8803028607979687,1017
1,10,15,R3,0.5564045376530276,0.7254739179559283,0.1729158289435505,0.3535978675558543,1017
1,82,16,R3,0.7956840997097336,0.7713352197213387,0.0948550416156447,0.5560873435658139,1017
1,85,17,R3,0.5688047234546427,0.7021940286883203,0.2046031286058064,0.1643795659724359,1017
1,33,18,R3,0.7994190799832861,0.9825591107405858,0.0712583061890529,0.3452395648474983,1017
1,65,19,R3,0.576714624982602,0.6134241657350913,0.0764646250029889,0.6543647072757683,1017
1,53,20,R3,0.7053815345425032,0.8552229885047096,0.149970109256147,0.736943309955297,1017
1,104,21,R3,0.6851878806203482,0.6220525297856119,0.2695195756809133,0.8418859370975827,1017
1,96,25,R3,0.6648947623891439,0.7713864285723924,0.0493655443762278,0.5195185080322042,1017
1,39,26,R3,0.7334731761992532,0.8820077297839498,0.3147805678133705,0.4917125420538193,1017
1,0,27,R3,0.5393668998251031,0.6387595599614485,0.2189725485421506,0.7315839378930382,1017
1,88,28,R3,0.5832639294078805,0.6504868755608019,0.0877073542559071,0.6743505458137921,1017
1,112,29,R3,0.7057451794587991,0.9233257629732916,0.08931740283891,0.0723213656119848,1017
2,30,0,R3,0.433409373342555,0.4074685586225212,0.0942199920530549,0.5732453988595171,1017
2,54,2,R3,0.5799424513845449,0.5627831474886571,0.0334882455430783,0.2807143213903459,1017
2,14,3,R3,0.6988654493142226,0.8955330854635657,0.0856786372369827,0.5948701783349881,1017
2,51,5,R3,0.4559815428542762,0.4441109611505124,0.2912281426339132,0.4304482073559478,1017
2,103,9,R3,0.6101080383474314,0.5817301563845871,0.1610022967378426,0.5630608769846142,1017
2,50,10,R3,0.678996184868978,0.6985347180076809,0.2179880573535283,0.6099205583159062,1017
2,94,13,R3,0.4668414925544979,0.4687301643540038,0.1857266635501098,0.5861189263179839,1017
2,22,14,R3,0.6730843486111879,0.7285366541052241,0.0654493692328158,0.8670842883784655,1017
2,46,17,R3,0.5657126477559853,0.4022453514644852,0.2121836795534713,0.6653397385996315,1017
2,91,18,R3,0.7132371385379539,0.8269210418711782,0.071914977488348,0.6735068669408373,1017
2,44,19,R3,0.557377572116967,0.6990681646982829,0.075678202388266,0.404667385236431,1017
2,19,20,R3,0.7107495436280796,0.9498991844713393,0.1813292176504322,0.3570131187325256,1017
2,74,21,R3,0.6186462056430065,0.6182148961691758,0.2855414306500389,0.5135104922777618,1017
2,26,24,R3,0.6001543368978768,0.6718380216441493,0.1363001223773387,0.5896187730772668,1017
2,18,26,R3,0.6076707962580139,0.6659206896846657,0.3186935101046659,0.7775957117276767,1017
2,105,27,R3,0.4850018494007574,0.4654456851324738,0.2614518600370028,0.4797761884017515,1017
2,108,28,R3,0.6215883170028539,0.7083182369446561,0.0989642051972118,0.2801764208307424,1017
2,67,29,R3,0.6302582533853133,0.5807554153407721,0.0799252801766135,0.6431490360778198,1017
3,90,4,R3,0.5192642700461659,0.5595562860381877,0.0804296509161429,0.2804408361875177,1017
3,98,8,R3,0.3921220807657913,0.1849474564808527,0.40992507940849,0.7867034850752423,1017
3,118,10,R3,0.4606300063406751,0.5062763683991788,0.2341007382661891,0.7038643606604558,1017
3,72,12,R3,0.5371274155648186,0.76236233386119,0.2879699667104474,0.6037841974750595,1017
3,16,16,R3,0.5183276007775054,0.4628454008861709,0.1103246063948804,0.78558062716081,1017
3,86,22,R3,0.560141437231903,0.6364338426026463,0.0997100896663562,0.504635081724937,1017
3,79,24,R3,0.6426906837770163,0.6440447624863168,0.1376568976394802,0.507553842102336,1017
3,116,25,R3,0.4763981525331677,0.536117933812573,0.0636242773938689,0.3316852587490445,1017
4,52,6,R3,0.4891985077758101,0.6649876781323829,0.2442759842015766,0.3451261973390068,1017
5,13,1,R3,0.5216849294621664,0.7177573419613442,0.2768470025807942,0.6418248317556146,1017
5,60,22,R3,0.5157588107975845,0.4980469947379512,0.1140200476007134,0.2359260148233424,1017
6,49,6,R3,0.4490848099032893,0.4910489463240336,0.29349590607506,0.2962147161171679,1017
6,21,15,R3,0.3674646742652986,0.2188016362720418,0.2291565988912532,0.6561009935453883,1017
1,41,0,R0,0.5920375757350901,0.4755830050271975,0.0501331363614214,0.7007917055053334,1018
1,112,1,R0,0.7592670138811433,0.7278330673712723,0.1995748195754107,0.7760146735314079,1018
1,65,3,R0,0.5696452488567684,0.4908939410189961,0.3308527656698517,0.5575884979520069,1018
1,85,4,R0,0.6229208236143468,0.4215685038346594,0.1400379649837407,0.7845686930994542,1018
1,8,5,R0,0.7629152398475296,0.9748608801163722,0.2682313554416124,0.5060971387974115,1018
1,102,6,R0,0.5640642251795498,0.5669000085407164,0.1275890361759567,0.3075145957250585,1018
1,15,7,R0,0.6062887665770148,0.6944887701907363,0.0426840810295988,0.2982570625174831,1018
1,52,10,R0,0.7612189996308906,0.7010899731369797,0.4533212462142246,0.2378601126000087,1018
1,30,11,R0,0.629366765481706,0.5948640555147942,0.0478362839283069,0.6195295912030881,1018
1,98,12,R0,0.5827165121589676,0.4396381095599738,0.1344290703739514,0.6535330330619711,1018
1,6,13,R0,0.5883554127455829,0.6248036947383802,0.1362097410117693,0.7415368488326171,1018
1,90,14,R0,0.7163890163745223,0.7046677702332731,0.1017557791982715,0.6796454633992951,1018
1,69,15,R0,0.5534696971411419,0.4408910482432584,0.1279293685745329,0.6186807428375263,1018
1,10,17,R0,0.6650899268825914,0.6523663255267558,0.2237597079014668,0.789059976489317,1018
1,106,18,R0,0.596873123895505,0.5394442121733082,0.221613166068085,0.1815746227255059,1018
1,86,19,R0,0.6129159462931535,0.6902757089692998,0.1216624950737306,0.2816263217645168,1018
1,22,21,R0,0.6635195188452011,0.7956563539894225,0.3163623690438996,0.6142951479017859,1018
1,68,22,R0,0.7778116370367244,0.6810990129580246,0.0482134916422714,0.6901570705274739,1018
1,19,23,R0,0.8379856136418298,0.8860250290566191,0.1298478482602829,0.4888993709166319,1018
1,83,24,R0,0.6853702413747066,0.6901963836564837,0.3001734564481794,0.8325797458155076,1018
1,64,25,R0,0.6629487105897693,0.5980848478162518,0.0825992384505731,0.5337636579065433,1018
1,113,26,R0,0.6782864315065678,0.4996074673254687,0.1320907762047215,0.2770174292950172,1018
1,9,27,R0,0.7867037062551221,0.8243220525850243,0.171217293626102,0.9304591691624228,1018
1,11,28,R0,0.7518836045225761,0.7815240487073976,0.1312288302832396,0.660256456165126,1018
2,95,0,R0,0.5286720607862876,0.4434770308480642,0.0503328903759537,0.605937964210619,1018
2,66,1,R0,0.6431387645993102,0.5998027605949245,0.2104686281259523,0.4593108970610179,1018
2,40,2,R0,0.5076370048990447,0.4660890566611427,0.3993931050370218,0.5407905583336924,1018
2,89,3,R0,0.5951926076916382,0.5208398055834649,0.3303694799351601,0.8241297940354185,1018
2,70,4,R0,0.5939209844211737,0.5457387147102447,0.1324377966580406,0.5447379968119707,1018
2,3,6,R0,0.5527271407074945,0.3976776096993553,0.1363031055794201,0.4522146685351897,1018
2,117,7,R0,0.4549834019542879,0.3369986673786145,0.0458570219151029,0.2002380681303957,1018
2,59,10,R0,0.6255334165999473,0.6759519683255943,0.4632986482086104,0.934171457667803,1018
2,93,11,R0,0.5161494483431471,0.4678985433794737,0.0498674837846168,0.8656081615020649,1018
2,97,12,R0,0.5862355683424563,0.5023592822310236,0.1291499862970481,0.7240747140041642,1018
2,47,14,R0,0.6034983322053731,0.3833833255915424,0.1121095543783878,0.7701358944398019,1018
2,57,15,R0,0.5062882918101642,0.4251791251061846,0.1282741077266546,0.587159973010527,1018
2,81,17,R0,0.5885872470240313,0.630403172767405,0.2244684159917664,0.4119407931402875,1018
2,35,18,R0,0.5039062652730494,0.3737196789159451,0.2342088120708192,0.4536503069738956,1018
2,79,20,R0,0.4910495592498546,0.4833349432868675,0.2949564521641197,0.1686513766364989,1018
2,38,21,R0,0.496788512295594,0.5379819982970666,0.3379153365367282,0.8074632883058919,1018
2,44,24,R0,0.6503343791377424,0.5358644637320097,0.320842066249237,0.5500444315833949,1018
2,50,25,R0,0.6273945553545085,0.6374294153358093,0.0827037331062236,0.6859752614454239,1018
2,13,26,R0,0.6553736771792238,0.7143038785157052,0.1232921955590352,0.2694454844557392,1018
2,32,29,R0,0.5104783502006839,0.262422927415522,0.495782215198718,0.7423126044964186,1018
3,80,8,R0,0.4979662174381321,0.372179187643418,0.3409991273990353,0.2600209447630079,1018
3,53,16,R0,0.5169914293635607,0.4628001492239962,0.1527714594492281,0.4246702955144781,1018
3,12,22,R0,0.4814873405840708,0.4251059774917696,0.0520943810816439,0.4829896679745151,1018
3,101,23,R0,0.5971357285073975,0.4242282168649633,0.1508393064840227,0.6519853018106003,1018
3,2,27,R0,0.7404008089822427,0.4736320781601674,0.190000038337519,0.5792997861015033,1018
3,63,28,R0,0.7341328834371504,0.6772692572702737,0.1346971917637456,0.9245975519983264,1018
4,21,2,R0,0.45717722517163,0.1385939037248725,0.4459790217242351,0.4219179662612065,1018
4,46,5,R0,0.3992794913375077,0.4329654738566172,0.3163289339445264,0.4310124854111385,1018
4,62,9,R0,0.406946920784665,0.3404046122361305,0.3035572743422409,0.2460636490911595,1018
4,48,19,R0,0.4310025248159593,0.5052201160668488,0.128139832734714,0.4914063204125723,1018
4,45,20,R0,0.4888976351962569,0.430868916352263,0.2982833683682723,0.5574139788271617,1018
5,75,29,R0,0.5425890208471713,0.5739106638762047,0.4418652665621997,0.5080304308796375,1018
6,67,8,R0,0.5322046805730253,0.3785903370449247,0.3414850770970102,0.3382612379959335,1018
1,95,0,R1,0.4479901675355707,0.4434770308480642,0.0454856358742544,0.605937964210619,1018
1,112,1,R1,0.6082275123385106,0.7278330673712723,0.1509522839677735,0.7760146735314079,1018
1,65,3,R1,0.5032088486181638,0.4908939410189961,0.3037712312575009,0.5575884979520069,1018
1,26,4,R1,0.5708198765051533,0.593089433754012,0.110186121251829,0.5873582899391492,1018
1,8,5,R1,0.705757244463067,0.9748608801163722,0.2231328162615026,0.5060971387974115,1018
1,86,6,R1,0.6687427070926706,0.7901070265099492,0.1119489337186691,0.2816263217645168,1018
1,15,7,R1,0.7342251492355966,0.6944887701907363,0.0398288244941162,0.2982570625174831,1018
1,59,10,R1,0.5959923566794696,0.6759519683255943,0.324525996972725,0.934171457667803,1018
1,30,11,R1,0.6249057759403187,0.5948640555147942,0.0402572838612162,0.6195295912030881,1018
1,68,12,R1,0.6791487105602098,0.6799652690654018,0.0958834477422354,0.6901570705274739,1018
1,90,14,R1,0.7081359004229085,0.7046677702332731,0.0752743587162335,0.6796454633992951,1018
1,43,15,R1,0.512266721652489,0.444324151889933,0.109034118377406,0.513957697830999,1018
1,38,16,R1,0.4882732492344006,0.4458737002730201,0.1249189263206972,0.8074632883058919,1018
1,10,17,R1,0.7220746211728988,0.6523663255267558,0.1608153488875177,0.789059976489317,1018
1,79,20,R1,0.4372035505603474,0.4833349432868675,0.308657739805954,0.1686513766364989,1018
1,22,21,R1,0.6679763866341792,0.7956563539894225,0.2476856788038238,0.6142951479017859,1018
1,97,22,R1,0.5848756801751698,0.6901919891130364,0.0370644382227798,0.7240747140041642,1018
1,19,23,R1,0.7826770983838555,0.8860250290566191,0.0970175103073074,0.4888993709166319,1018
1,83,24,R1,0.7129805088326564,0.6901963836564837,0.2218070506926402,0.8325797458155076,1018
1,64,25,R1,0.6343531368843932,0.5980848478162518,0.0652952748736548,0.5337636579065433,1018
1,13,26,R1,0.586341511624031,0.7143038785157052,0.1051863206980956,0.2694454844557392,1018
1,9,27,R1,0.8188855828622295,0.8243220525850243,0.1215010304747034,0.9304591691624228,1018
1,11,28,R1,0.6295288774966534,0.7815240487073976,0.1002011509057457,0.660256456165126,1018
2,41,0,R1,0.5469389544197737,0.4755830050271975,0.0421546043437575,0.7007917055053334,1018
2,98,2,R1,0.5120171394287765,0.2963700216027694,0.3824372887611379,0.6535330330619711,1018
2,88,3,R1,0.3417773079833806,0.1543798136183216,0.368894974149584,0.7201997833355108,1018
2,46,5,R1,0.4240483805448009,0.4268327963089317,0.3075139521124118,0.4310124854111385,1018
2,52,10,R1,0.6764902529245543,0.7010899731369797,0.4019006611257282,0.2378601126000087,1018
2,93,11,R1,0.504643054100666,0.4709323823199139,0.0404853455230949,0.8656081615020649,1018
2,6,13,R1,0.6155496479451196,0.6256998044284681,0.1126963524236869,0.7415368488326171,1018
2,73,14,R1,0.5761875114472635,0.7333321673357913,0.0807397584656975,0.6169052221248805,1018
2,69,15,R1,0.4524195453820477,0.4408910482432584,0.1232112627881144,0.6186807428375263,1018
2,53,16,R1,0.364494905505249,0.4628001492239962,0.1376084650444261,0.4246702955144781,1018
2,45,20,R1,0.4298498235663125,0.4238951747517094,0.2639553008789125,0.5574139788271617,1018
2,12,22,R1,0.5043621840727754,0.4251059774917696,0.0502166040681782,0.4829896679745151,1018
2,50,25,R1,0.6236269060147972,0.6375188488733803,0.0605867315844828,0.6859752614454239,1018
2,62,26,R1,0.4411611535638552,0.7439360237249704,0.1126031868537017,0.2460636490911595,1018
2,2,27,R1,0.5358536025725835,0.4736320781601674,0.1659158564127524,0.5792997861015033,1018
2,63,28,R1,0.6441076026470854,0.6772692572702737,0.1024971749627169,0.9245975519983264,1018
2,32,29,R1,0.4896899834174698,0.262422927415522,0.4525095126677325,0.7423126044964186,1018
3,66,1,R1,0.5969778151299661,0.6027839046314507,0.1698889902337038,0.4593108970610179,1018
3,40,2,R1,0.4860246909105875,0.4699780929073629,0.3711290040264871,0.5407905583336924,1018
3,102,6,R1,0.5940008523305124,0.5696614732223138,0.1230781270503522,0.3075145957250585,1018
3,67,8,R1,0.4154033915174057,0.3805321466666921,0.3257791871612709,0.3382612379959335,1018
3,34,12,R1,0.5504653853987144,0.5236929267535673,0.1058420695881117,0.5890228807181185,1018
3,103,13,R1,0.3349690135944417,0.421223759125822,0.1626426047804957,0.3430802271546397,1018
3,81,17,R1,0.602998215162929,0.6314914743192638,0.1830930567535071,0.4119407931402875,1018
3,110,23,R1,0.5803742772543611,0.6656558937231691,0.1226811405371673,0.8384783714680092,1018
3,44,24,R1,0.5287184259327619,0.5394235451536795,0.2663694695196166,0.5500444315833949,1018
3,75,29,R1,0.5168055376882533,0.5739106638762047,0.3605688737023865,0.5080304308796375,1018
4,85,4,R1,0.5614785291955571,0.4215685038346594,0.1156650854047217,0.7845686930994542,1018
4,106,18,R1,0.4923923340828596,0.5414489930260222,0.2032150287677536,0.1815746227255059,1018
5,27,8,R1,0.3984124670691836,0.3750526488358274,0.3106132381310383,0.3770668752491893,1018
5,48,19,R1,0.3576813802935321,0.515294352195265,0.1233731458202718,0.4914063204125723,1018
6,78,18,R1,0.3693122067651935,0.4146308006082529,0.1905350125505311,0.7175964910716135,1018
1,41,0,R2,0.5394754258080505,0.4755830050271975,0.0421546043437575,0.7007917055053334,1018
1,112,1,R2,0.7050335497843702,0.7278330673712723,0.1509522839677735,0.7760146735314079,1018
1,70,4,R2,0.4800559169451622,0.5457387147102447,0.1267299057551976,0.5447379968119707,1018
1,8,5,R2,0.6742124444212946,0.9748608801163722,0.2231328162615026,0.5060971387974115,1018
1,15,7,R2,0.568146851691096,0.6944887701907363,0.0398288244941162,0.2982570625174831,1018
1,30,11,R2,0.4818811545084411,0.5948640555147942,0.0402572838612162,0.6195295912030881,1018
1,97,12,R2,0.4524092974705466,0.5023592822310236,0.101187350614511,0.7240747140041642,1018
1,65,13,R2,0.7830319754876851,0.9365785722075762,0.0991096452988058,0.5575884979520069,1018
1,90,14,R2,0.6613422128721351,0.7046677702332731,0.0752743587162335,0.6796454633992951,1018
1,9,15,R2,0.5590018780984572,0.5007644684692472,0.1060908706607343,0.9304591691624228,1018
1,7,16,R2,0.425273283824944,0.498400393604429,0.1404428368971631,0.4460512724756397,1018
1,81,17,R2,0.6120414475944037,0.6239299680137365,0.1840023417357329,0.4119407931402875,1018
1,106,18,R2,0.4604232130322843,0.5394442121733082,0.2034666968722417,0.1815746227255059,1018
1,86,19,R2,0.6002926910797354,0.6902757089692998,0.1105346693243471,0.2816263217645168,1018
1,79,20,R2,0.4214517727954448,0.4833349432868675,0.308657739805954,0.1686513766364989,1018
1,22,21,R2,0.6915451587302213,0.7956563539894225,0.2476856788038238,0.6142951479017859,1018
1,68,22,R2,0.6416652993222497,0.6810990129580246,0.0372498133416972,0.6901570705274739,1018
1,19,23,R2,0.7678173711692399,0.8860250290566191,0.0970175103073074,0.4888993709166319,1018
1,83,24,R2,0.7622747767342302,0.6901963836564837,0.2218070506926402,0.8325797458155076,1018
1,50,25,R2,0.6038508625769049,0.6374294153358093,0.0606662785913394,0.6859752614454239,1018
1,13,26,R2,0.576087220598902,0.7143038785157052,0.1051863206980956,0.2694454844557392,1018
1,2,27,R2,0.6490579413438838,0.4736320781601674,0.1660447059705992,0.5792997861015033,1018
1,11,28,R2,0.7189591030145492,0.7815240487073976,0.1002011509057457,0.660256456165126,1018
1,75,29,R2,0.5430603566107279,0.5739106638762047,0.3605688737023865,0.5080304308796375,1018
2,66,1,R2,0.6007352211418574,0.6056246658646569,0.170284510728893,0.4593108970610179,1018
2,89,3,R2,0.5720185489401428,0.5250173781344798,0.259914422123409,0.8241297940354185,1018
2,26,4,R2,0.5359477826237835,0.5947409086413346,0.1100445087680887,0.5873582899391492,1018
2,102,6,R2,0.5964320700105088,0.5669000085407164,0.1235499262062124,0.3075145957250585,1018
2,52,10,R2,0.6807929845862172,0.7010899731369797,0.4009908493016785,0.2378601126000087,1018
2,69,11,R2,0.4838875134660156,0.3858772402109628,0.0479499130994688,0.6186807428375263,1018
2,6,13,R2,0.514554737275944,0.6248036947383802,0.1127125933152718,0.7415368488326171,1018
2,73,14,R2,0.5847191834949763,0.737490150471394,0.0805760091902541,0.6169052221248805,1018
2,10,17,R2,0.7231088427324348,0.6567671582349006,0.160410981673581,0.789059976489317,1018
2,34,18,R2,0.3775897926419182,0.317734914359427,0.204287602213898,0.5890228807181185,1018
2,110,23,R2,0.5018973067040796,0.6729804782121225,0.1223979991470821,0.8384783714680092,1018
2,44,24,R2,0.5733332823613964,0.5430152414691998,0.2662073596878774,0.5500444315833949,1018
2,64,25,R2,0.6108009512950876,0.5980848478162518,0.0652952748736548,0.5337636579065433,1018
2,62,26,R2,0.6052181579620549,0.7439360237249704,0.1129682602404974,0.2460636490911595,1018
2,63,28,R2,0.6329091750542253,0.6812686204190306,0.1025605195091035,0.9245975519983264,1018
2,32,29,R2,0.4813794572454647,0.2675834869344321,0.4524875874370819,0.7423126044964186,1018
3,20,6,R2,0.4612058924218862,0.6211343284201756,0.1182659544556027,0.5494753019211706,1018
3,59,10,R2,0.5381536847687869,0.6998062402093812,0.3221939202749939,0.934171457667803,1018
3,43,15,R2,0.4231781150244997,0.444324151889933,0.109034118377406,0.513957697830999,1018
3,38,16,R2,0.4689558840520418,0.4458737002730201,0.1249189263206972,0.8074632883058919,1018
3,29,27,R2,0.4475004015143273,0.3833674789582214,0.158319194281497,0.7740567390927771,1018
4,72,0,R2,0.4930100558857264,0.424584754958196,0.0467518405461274,0.5172807015391493,1018
4,40,2,R2,0.4963265712031302,0.4730342775598277,0.3712484217864784,0.5407905583336924,1018
4,48,19,R2,0.4196765080307943,0.513004653557691,0.1236067057859116,0.4914063204125723,1018
5,98,12,R2,0.4376986786683163,0.4509768326178301,0.1202027413503476,0.6535330330619711,1018
5,53,21,R2,0.3702036225173534,0.3937532380712308,0.3345122128413109,0.4246702955144781,1018
5,12,22,R2,0.5033455013525674,0.4396995184975635,0.0500119571852286,0.4829896679745151,1018
1,40,0,R3,0.4597862298559276,0.4681535743206,0.0513167355433508,0.5407905583336924,1018
1,119,1,R3,0.5807811180188697,0.5413332926169496,0.1851065649323164,0.4510387769413818,1018
1,89,3,R3,0.5468419611809243,0.520262672482661,0.2605396610758789,0.8241297940354185,1018
1,26,4,R3,0.5213414398816164,0.593089433754012,0.110186121251829,0.5873582899391492,1018
1,8,5,R3,0.7474474975062706,0.9748608801163722,0.2231328162615026,0.5060971387974115,1018
1,52,10,R3,0.6824015610318002,0.7010899731369797,0.4019006611257282,0.2378601126000087,1018
1,30,11,R3,0.5878721618823378,0.5948640555147942,0.0402572838612162,0.6195295912030881,1018
1,68,12,R3,0.5906799185071056,0.6799652690654018,0.0958834477422354,0.6901570705274739,1018
1,65,13,R3,0.8164915811524892,0.9365785722075762,0.0991096452988058,0.5575884979520069,1018
1,73,14,R3,0.6814337635026669,0.7333321673357913,0.0807397584656975,0.6169052221248805,1018
1,22,16,R3,0.45214850958403,0.4399420029245199,0.1275341762529764,0.6142951479017859,1018
1,10,17,R3,0.6161072885626835,0.6523663255267558,0.1608153488875177,0.789059976489317,1018
1,86,19,R3,0.5837492830379315,0.6902757089692998,0.1105346693243471,0.2816263217645168,1018
1,97,22,R3,0.6373509446848604,0.6901919891130364,0.0370644382227798,0.7240747140041642,1018
1,19,23,R3,0.6608543671531305,0.8860250290566191,0.0970175103073074,0.4888993709166319,1018
1,83,24,R3,0.6657198710507565,0.6901963836564837,0.2218070506926402,0.8325797458155076,1018
1,50,25,R3,0.664488255081193,0.6374294153358093,0.0606662785913394,0.6859752614454239,1018
1,13,26,R3,0.5710694959100167,0.7143038785157052,0.1051863206980956,0.2694454844557392,1018
1,9,27,R3,0.8066463024191753,0.8243220525850243,0.1215010304747034,0.9304591691624228,1018
1,11,28,R3,0.7697807898440386,0.7815240487073976,0.1002011509057457,0.660256456165126,1018
2,112,1,R3,0.6315481467244178,0.7278330673712723,0.1509522839677735,0.7760146735314079,1018
2,70,4,R3,0.4945238387678825,0.5587845803745952,0.1182525362421429,0.5447379968119707,1018
2,102,6,R3,0.4941056540269442,0.5669000085407164,0.1235499262062124,0.3075145957250585,1018
2,59,10,R3,0.6375223012559723,0.6832176843045535,0.3238824212070519,0.934171457667803,1018
2,6,13,R3,0.6095951532110566,0.6248036947383802,0.1127125933152718,0.7415368488326171,1018
2,90,14,R3,0.6825448092058769,0.7046677702332731,0.0752743587162335,0.6796454633992951,1018
2,43,15,R3,0.4661228629005635,0.444324151889933,0.109034118377406,0.513957697830999,1018
2,81,17,R3,0.6646754648133117,0.6306943267408449,0.1833288277600824,0.4119407931402875,1018
2,38,21,R3,0.4472014087810733,0.5407033349188306,0.2693558239578445,0.8074632883058919,1018
2,12,22,R3,0.4850943348969562,0.4324587161438838,0.0501389148100018,0.4829896679745151,1018
2,110,23,R3,0.5760867252440407,0.6791328791761544,0.1222799967992625,0.8384783714680092,1018
2,64,25,R3,0.5841906041618217,0.6137253333308291,0.0644480493860121,0.5337636579065433,1018
2,113,26,R3,0.5076506026343419,0.506745686033754,0.1366214289243636,0.2770174292950172,1018
2,2,27,R3,0.6346963587125122,0.47994198811194,0.1658106955776337,0.5792997861015033,1018
2,63,28,R3,0.646671041478585,0.7019385221026577,0.0937722126423546,0.9245975519983264,1018
3,41,0,R3,0.5469740025365807,0.4964864054280055,0.0379374454654285,0.7007917055053334,1018
3,15,7,R3,0.6763420328183721,0.7186014036075041,0.0368918405001169,0.2982570625174831,1018
3,67,8,R3,0.4232279706472439,0.3847050521907527,0.3242863866574221,0.3382612379959335,1018
3,69,11,R3,0.4877008503577409,0.3858772402109628,0.0479499130994688,0.6186807428375263,1018
3,34,12,R3,0.527744153051296,0.528080823760247,0.1057268167398762,0.5890228807181185,1018
3,106,18,R3,0.5717994416896216,0.5435044603270526,0.2034666968722417,0.1815746227255059,1018
3,44,24,R3,0.458450897444133,0.5408260494090631,0.2663467715992217,0.5500444315833949,1018
3,47,29,R3,0.5194595826016809,0.6706723334200668,0.3378911400627596,0.7701358944398019,1018
4,20,6,R3,0.5169923964609218,0.6412564549540383,0.1161245327485289,0.5494753019211706,1018
4,117,7,R3,0.4542443547043749,0.3369986673786145,0.05178793613863,0.2002380681303957,1018
4,53,21,R3,0.363038595289512,0.3937532380712308,0.3345122128413109,0.4246702955144781,1018
4,75,29,R3,0.4953380207137666,0.602640627677073,0.3266190847885943,0.5080304308796375,1018
5,74,5,R3,0.3311001762284085,0.3794583777582517,0.3479353207602909,0.4759884662232903,1018
5,57,15,R3,0.4523044905667699,0.451134288733427,0.1207311169445618,0.587159973010527,1018
5,79,20,R3,0.4187169346794085,0.4928550805734355,0.3043971930799437,0.1686513766364989,1018
6,78,18,R3,0.4078205392311987,0.4149230702925043,0.1903822362569385,0.7175964910716135,1018
6,45,20,R3,0.4702278807353844,0.4426299807167887,0.2599265190651552,0.5574139788271617,1018
1,24,0,R0,0.6747158877522729,0.7050424969964612,0.1554887501895465,0.7044859413400367,1019
1,13,1,R0,0.6796893054044925,0.5572202616582478,0.2795725719988463,0.5545499756838522,1019
1,40,2,R0,0.8526092798698278,0.8815783640999998,0.0435348637420183,0.4116968441744758,1019
1,100,3,R0,0.5719767317151129,0.5735627406900214,0.1091637924023497,0.6973260231257429,1019
1,45,4,R0,0.9027964601164504,1.0,0.0670688410320936,0.4390967110540816,1019
1,18,5,R0,0.7842959965182112,0.7168034652131228,0.0338674356549937,0.9132012413883448,1019
1,16,6,R0,0.5753387955458332,0.5387430296497864,0.2642941347013177,0.2662033803445932,1019
1,49,7,R0,0.6147897378554794,0.8356113739192776,0.2842043783219655,0.5147904717013729,1019
1,109,8,R0,0.7490813376335187,0.9978797719551932,0.2464806759704183,0.235284439948513,1019
1,37,9,R0,0.8434860487327693,0.898103067442644,0.1127369916806107,0.2681078145943455,1019
1,66,10,R0,0.517110769717296,0.6035396598844742,0.0868898204214767,0.8126917397032983,1019
1,92,11,R0,0.5413513947710105,0.4174073698111233,0.4035275423641286,0.7000623190706848,1019
1,62,12,R0,0.625501127608151,0.4481040741859134,0.396096199222578,0.909729089355432,1019
1,119,13,R0,0.5752257227067542,0.7216922461862907,0.3151035776953318,0.3687386509019917,1019
1,67,14,R0,0.600446122372911,0.6679970703790159,0.2644904813157345,0.9112703125457884,1019
1,43,15,R0,0.7110817510112808,0.6452001552099671,0.0713782639766807,0.4313797595502838,1019
1,28,18,R0,0.7398801280901665,0.7645822669294746,0.098294331401231,0.3366944479762572,1019
1,25,19,R0,0.529872964532926,0.3962980461962299,0.2376553793766398,0.7116643403716321,1019
1,82,21,R0,0.6638997727229963,0.5738200143487289,0.0799284542359766,0.2404059196665757,1019
1,50,22,R0,0.5502918331015402,0.6636271484458276,0.2284412134823926,0.6295556504361904,1019
1,47,23,R0,0.5811043943936108,0.4005758312514236,0.1063023187288028,0.4617646590250879,1019
1,29,24,R0,0.7041165885739076,0.6903256364936105,0.2350016692498176,0.4748715562346485,1019
1,86,27,R0,0.6459409796501399,0.9115674428961568,0.2675273540104551,0.3960003133206072,1019
1,4,28,R0,0.7715899853086524,0.7263068196460202,0.1354796267280765,0.4975158118458679,1019
1,116,29,R0,0.4882976193386487,0.4184408100262664,0.1031125190631392,0.9000316966080741,1019
2,36,0,R0,0.681715731270146,0.5504862212905146,0.1630210413613496,0.3200603228924863,1019
2,8,1,R0,0.5683665264778119,0.5405180180520524,0.2832169883388233,0.8548237796599919,1019
2,58,2,R0,0.8103083508144325,0.8171831866313422,0.0438210382335562,0.5322217080383145,1019
2,110,5,R0,0.7016455858100495,0.6689039222021288,0.0343591626275079,0.2818612768388425,1019
2,52,6,R0,0.3870204956882776,0.2299900703697039,0.2919557858501153,0.7158692804345038,1019
2,46,7,R0,0.65406824911591,0.6863155229783034,0.2974320968776818,0.3718243592378877,1019
2,90,9,R0,0.7816300116965325,0.7132163252516743,0.1210784789898232,0.3036194445392385,1019
2,44,10,R0,0.415451573988042,0.4332409018189141,0.0905811079986504,0.4839645747917655,1019
2,48,11,R0,0.5811737442734961,0.4886107837158302,0.4020031079657892,0.5896432516844711,1019
2,64,13,R0,0.5308770137333115,0.5143844528057407,0.330269475410203,0.8945813329073806,1019
2,53,14,R0,0.6110529954554798,0.7496144534873153,0.2535615157206389,0.1769864302271155,1019
2,11,15,R0,0.6697058690374921,0.619341445199969,0.070902513887749,0.606663634722854,1019
2,31,16,R0,0.4732071270435314,0.3194076761694502,0.4501481989988318,0.5993286879615926,1019
2,23,17,R0,0.773251310161989,0.7723702420303369,0.2014323940555545,0.7398735935311778,1019
2,108,18,R0,0.8072253655788714,0.7215943667958534,0.1033155348919054,0.650215733241548,1019
2,20,19,R0,0.5956064636700822,0.3459089611298451,0.2388564409516239,0.5438050996032029,1019
2,79,27,R0,0.5006023292023069,0.4813292485810603,0.2990249043199635,0.5172585398211548,1019
2,2,29,R0,0.5098961144295383,0.4648331925765154,0.0990865554461818,0.4266929398907095,1019
3,63,4,R0,0.5954602984111077,0.5792402573855466,0.0761208781610323,0.2634690698801765,1019
3,6,8,R0,0.6097893117839718,0.7046352636927472,0.2658442573972728,0.348158493745376,1019
3,75,16,R0,0.4845427588914989,0.6104785777675605,0.4130964249604353,0.4746897769254479,1019
3,69,17,R0,0.7583930899708491,0.6971437917911641,0.2056264725664431,0.5546864718546182,1019
3,0,23,R0,0.4716843113461372,0.2901323843873421,0.111168598954027,0.2961327297837014,1019
3,54,24,R0,0.5630216823696615,0.7146805675500352,0.2368629636858457,0.3450345936103669,1019
3,97,25,R0,0.6309666553900485,0.5237961086227714,0.1635383756904206,0.9729427496594474,1019
3,105,26,R0,0.6047216849839862,0.4541636941657588,0.2776290077848049,0.3541807508949863,1019
3,93,28,R0,0.476617146268499,0.6526017443340328,0.1364359248013689,0.2863980520491908,1019
4,117,21,R0,0.57429057976648,0.4330086765557159,0.0838079545971947,0.4650154026348196,1019
4,59,25,R0,0.4996354803866085,0.3706666300607422,0.1686809941828968,0.7959580665091437,1019
4,89,26,R0,0.5748893518360788,0.5130239713756715,0.272373531371565,0.9088130789324536,1019
5,19,3,R0,0.6256396957106563,0.4713926042629106,0.1106344207572641,0.5019905383897674,1019
5,84,20,R0,0.4731227947509704,0.3687131740966144,0.2591407388966301,0.7141642638722355,1019
6,74,20,R0,0.4340371468927841,0.2529257320826228,0.2540022171300507,0.3932601657014694,1019
1,24,0,R1,0.6152709934945734,0.7050424969964612,0.1261076664705814,0.7044859413400367,1019
1,49,1,R1,0.7094373537372987,0.8402042270780681,0.199701877857082,0.5147904717013729,1019
1,15,2,R1,0.7846186871230696,0.7574050461309189,0.0312644185267103,0.7768583504091388,1019
1,100,3,R1,0.5972150534237808,0.5735627406900214,0.0904630469824724,0.6973260231257429,1019
1,45,4,R1,0.8189663685162689,1.0,0.0615219656254204,0.4390967110540816,1019
1,110,5,R1,0.6558555349861597,0.6689039222021288,0.0293621106662895,0.2818612768388425,1019
1,16,6,R1,0.3954149233969871,0.5387430296497864,0.2520787805593386,0.2662033803445932,1019
1,13,7,R1,0.690649821146954,0.6657733616487533,0.258280113616828,0.5545499756838522,1019
1,109,8,R1,0.7030567170696918,0.9978797719551932,0.197497070622231,0.235284439948513,1019
1,28,9,R1,0.6602776682918209,0.7597917041461096,0.1065536828576547,0.3366944479762572,1019
1,60,11,R1,0.4900768626629708,0.5522977834104492,0.2975293277900867,0.7919058194423618,1019
1,62,12,R1,0.48673270315616,0.4481040741859134,0.3474039567721358,0.909729089355432,1019
1,67,14,R1,0.5929371262083292,0.6679970703790159,0.1829194718469109,0.9112703125457884,1019
1,11,15,R1,0.5543455443078126,0.619341445199969,0.0641721993754185,0.606663634722854,1019
1,69,17,R1,0.7035162971638321,0.6918178629506693,0.1652319503635466,0.5546864718546182,1019
1,37,18,R1,0.6974127088474975,0.9116459386283648,0.0857507818866274,0.2681078145943455,1019
1,117,21,R1,0.5652267304714366,0.4311014314208262,0.0848800411605391,0.4650154026348196,1019
1,46,23,R1,0.5729397346588694,0.5129939265133778,0.0926070870173753,0.3718243592378877,1019
1,105,26,R1,0.4735424645501176,0.4498978357708552,0.2525196437005623,0.3541807508949863,1019
1,86,27,R1,0.602299762682611,0.9115674428961568,0.2408743125338251,0.3960003133206072,1019
2,36,0,R1,0.4341303037718627,0.5549119298611368,0.1588456747199012,0.3200603228924863,1019
2,58,2,R1,0.7556030876257872,0.8171831866313422,0.0340804812790513,0.5322217080383145,1019
2,19,3,R1,0.4708642079570372,0.4677517692821678,0.0929517044752684,0.5019905383897674,1019
2,18,5,R1,0.6414311618658339,0.7168034652131228,0.0247068934109151,0.9132012413883448,1019
2,88,7,R1,0.491208453292963,0.4137006103025783,0.30490336080344,0.6090778423055065,1019
2,90,9,R1,0.6791473825142588,0.7092441631366293,0.1037975408755156,0.3036194445392385,1019
2,66,10,R1,0.539267324113663,0.6035396598844742,0.069889705197585,0.8126917397032983,1019
2,43,15,R1,0.5692184582086826,0.6452001552099671,0.0593816989809486,0.4313797595502838,1019
2,23,17,R1,0.727608441082896,0.7779551035141039,0.1580000015585938,0.7398735935311778,1019
2,108,18,R1,0.6392060482453311,0.7215943667958534,0.082304769383407,0.650215733241548,1019
2,50,22,R1,0.5889135998598366,0.6636271484458276,0.1866064325055071,0.6295556504361904,1019
2,29,24,R1,0.6196496994434207,0.6907902544816085,0.2014487258375564,0.4748715562346485,1019
2,97,25,R1,0.5732995298387524,0.5225920450363559,0.1304050912175218,0.9729427496594474,1019
2,89,26,R1,0.494544833194145,0.5137793822500024,0.2109176489521975,0.9088130789324536,1019
2,44,27,R1,0.6264750097592511,0.6431939596743883,0.2208425863111667,0.4839645747917655,1019
2,4,28,R1,0.6853016761491209,0.7263068196460202,0.1137998627025341,0.4975158118458679,1019
3,8,1,R1,0.5518028115656822,0.5405180180520524,0.2226621257393082,0.8548237796599919,1019
3,48,11,R1,0.4815565687199055,0.4842500456498003,0.373614513582699,0.5896432516844711,1019
3,0,23,R1,0.4555971532680193,0.2892716860873844,0.11374754330207,0.2961327297837014,1019
3,59,25,R1,0.4656200008576007,0.3684332761987624,0.1435564092861419,0.7959580665091437,1019
4,68,4,R1,0.4743645649527532,0.4679366621274664,0.0704471157460263,0.5486379182075323,1019
4,77,6,R1,0.4736006333656837,0.4254793544002837,0.2420187764429085,0.7297797782647159,1019
4,6,8,R1,0.4922568568359787,0.7046352636927472,0.2753964926170792,0.348158493745376,1019
4,119,13,R1,0.5516386249546876,0.7229275815596958,0.30924759366627,0.3687386509019917,1019
4,53,14,R1,0.4278332299130839,0.7466945780584215,0.2895416155730458,0.1769864302271155,1019
4,25,20,R1,0.4317492249695424,0.4909509007317136,0.2121412206965252,0.7116643403716321,1019
4,54,24,R1,0.4306719381557571,0.7146805675500352,0.2142135143243211,0.3450345936103669,1019
4,116,29,R1,0.5526790710188628,0.4184408100262664,0.0838505447551749,0.9000316966080741,1019
5,82,21,R1,0.4406834366091802,0.5738200143487289,0.083717606985206,0.2404059196665757,1019
6,51,13,R1,0.5030742190852536,0.6282705578572534,0.2879892422235087,0.1468946642266239,1019
6,84,20,R1,0.3845182689120728,0.3858324373924079,0.2153540862852412,0.7141642638722355,1019
1,24,0,R2,0.6399259428450608,0.7050424969964612,0.1261076664705814,0.7044859413400367,1019
1,49,1,R2,0.6931009581055493,0.8402042270780681,0.199701877857082,0.5147904717013729,1019
1,15,2,R2,0.792077877705539,0.7574050461309189,0.0312644185267103,0.7768583504091388,1019
1,45,4,R2,0.7265211292595742,1.0,0.0615219656254204,0.4390967110540816,1019
1,18,5,R2,0.7053777177959095,0.7168034652131228,0.0247068934109151,0.9132012413883448,1019
1,13,7,R2,0.6653479641635625,0.6657733616487533,0.258280113616828,0.5545499756838522,1019
1,109,8,R2,0.7155848683963107,0.9978797719551932,0.197497070622231,0.235284439948513,1019
1,37,9,R2,0.7521107980650455,0.898103067442644,0.1050722347870039,0.2681078145943455,1019
1,60,11,R2,0.5405481871648546,0.5522977834104492,0.2975293277900867,0.7919058194423618,1019
1,62,12,R2,0.485729406682232,0.4481040741859134,0.3474039567721358,0.909729089355432,1019
1,119,13,R2,0.538091150752198,0.7216922461862907,0.3095519437025146,0.3687386509019917,1019
1,43,15,R2,0.5495977799593035,0.6452001552099671,0.0593816989809486,0.4313797595502838,1019
1,23,17,R2,0.7326676590965767,0.7723702420303369,0.1584743695390787,0.7398735935311778,1019
1,108,18,R2,0.6294823175224176,0.7215943667958534,0.082304769383407,0.650215733241548,1019
1,66,21,R2,0.5276470837716555,0.5210156042942876,0.0660060798798967,0.8126917397032983,1019
1,50,22,R2,0.5714036125162817,0.6636271484458276,0.1866064325055071,0.6295556504361904,1019
1,29,24,R2,0.618815285569909,0.6903256364936105,0.2016227718424605,0.4748715562346485,1019
1,97,25,R2,0.533454750384462,0.5225920450363559,0.1304050912175218,0.9729427496594474,1019
1,89,26,R2,0.5545961059348965,0.5084813023216066,0.2111479830302266,0.9088130789324536,1019
1,86,27,R2,0.6695206349577529,0.9115674428961568,0.2408743125338251,0.3960003133206072,1019
1,4,28,R2,0.6975641830383681,0.7263068196460202,0.1137998627025341,0.4975158118458679,1019
2,8,1,R2,0.5042439364172099,0.5405180180520524,0.2230785262197438,0.8548237796599919,1019
2,58,2,R2,0.712614141875294,0.8374065263332967,0.034171483100175,0.5322217080383145,1019
2,19,3,R2,0.5265675694015531,0.4662152045893529,0.0930326836002117,0.5019905383897674,1019
2,110,5,R2,0.5579466837136745,0.6712008467382256,0.0292627884844628,0.2818612768388425,1019
2,46,7,R2,0.5448224384151305,0.6863155229783034,0.265037500608061,0.3718243592378877,1019
2,36,8,R2,0.5849714345791452,0.5770733885629726,0.2741413547289696,0.3200603228924863,1019
2,28,9,R2,0.6493587174303462,0.7597917041461096,0.1065536828576547,0.3366944479762572,1019
2,67,14,R2,0.6689394678758493,0.6781039052886538,0.1826009638913494,0.9112703125457884,1019
2,11,15,R2,0.6955023858188842,0.622304426783779,0.0640672946329276,0.606663634722854,1019
2,69,17,R2,0.6677054002030247,0.6918178629506693,0.1652319503635466,0.5546864718546182,1019
2,44,27,R2,0.5672809007708134,0.6431939596743883,0.2208425863111667,0.4839645747917655,1019
2,93,28,R2,0.4183419148809277,0.6526017443340328,0.1393833173105311,0.2863980520491908,1019
3,100,3,R2,0.4761504917884794,0.5807035157530767,0.0903652784878597,0.6973260231257429,1019
3,63,4,R2,0.5158583703512519,0.5796761441360005,0.0785843227962991,0.2634690698801765,1019
3,77,6,R2,0.4732701526750512,0.4254793544002837,0.2420187764429085,0.7297797782647159,1019
3,48,11,R2,0.567447700146216,0.5040637903054643,0.3723271360754343,0.5896432516844711,1019
3,59,12,R2,0.4931569917392577,0.4558916061387287,0.3282255657064973,0.7959580665091437,1019
3,51,13,R2,0.4970319709150942,0.6368897683232382,0.2886899501128448,0.1468946642266239,1019
3,103,19,R2,0.4103490772986859,0.3568642476108414,0.2208915156787657,0.4753932278164021,1019
3,82,21,R2,0.4828366152013423,0.5738200143487289,0.083717606985206,0.2404059196665757,1019
3,2,29,R2,0.4671980561675694,0.4728660959620995,0.0933332973625667,0.4266929398907095,1019
4,3,18,R2,0.5518693004166917,0.7130350455255763,0.0918649911123461,0.4485414229095967,1019
4,34,22,R2,0.3807204504107585,0.2616401391534462,0.2629732013850003,0.3777009861176184,1019
5,6,0,R2,0.4509550029079935,0.6030609705955503,0.168021430665187,0.348158493745376,1019
5,53,14,R2,0.4877413264352743,0.772481483021257,0.2871230956289485,0.1769864302271155,1019
5,54,24,R2,0.5206827970520227,0.7175329595713984,0.2139498074239777,0.3450345936103669,1019
5,116,29,R2,0.4171725730369815,0.4413019829807151,0.083367328059358,0.9000316966080741,1019
6,20,19,R2,0.4573048106060843,0.3650495011210943,0.2500114465775858,0.5438050996032029,1019
6,25,20,R2,0.4890922813599954,0.4909509007317136,0.2121412206965252,0.7116643403716321,1019
6,106,25,R2,0.4291652801457333,0.3582908792621908,0.1663882180844581,0.3468851834582852,1019
1,24,0,R3,0.6164571107464815,0.7050424969964612,0.1261076664705814,0.7044859413400367,1019
1,49,1,R3,0.6853573878842586,0.8402042270780681,0.199701877857082,0.5147904717013729,1019
1,58,2,R3,0.7694868953689984,0.8171831866313422,0.0343014153304527,0.5322217080383145,1019
1,45,4,R3,0.8189663685162689,1.0,0.0615219656254204,0.4390967110540816,1019
1,13,7,R3,0.6267631961453937,0.6657733616487533,0.258280113616828,0.5545499756838522,1019
1,109,8,R3,0.7431730559525215,0.9978797719551932,0.197497070622231,0.235284439948513,1019
1,37,9,R3,0.7197311210651278,0.898103067442644,0.1050722347870039,0.2681078145943455,1019
1,82,10,R3,0.4213702528565583,0.6413496393996803,0.0885427741670279,0.2404059196665757,1019
1,48,11,R3,0.5023048885466406,0.4842500456498003,0.3750869106508113,0.5896432516844711,1019
1,67,14,R3,0.6242121851263714,0.6679970703790159,0.1829194718469109,0.9112703125457884,1019
1,43,15,R3,0.6468846504967288,0.6452001552099671,0.0593816989809486,0.4313797595502838,1019
1,75,16,R3,0.4310646667396688,0.60901789651943,0.3889423058355432,0.4746897769254479,1019
1,34,17,R3,0.6806426049018139,0.6107164342619471,0.1713202142782403,0.3777009861176184,1019
1,28,18,R3,0.6860549242890802,0.7645822669294746,0.0895286568188403,0.3366944479762572,1019
1,29,24,R3,0.6391046039365342,0.6903256364936105,0.2016227718424605,0.4748715562346485,1019
1,86,27,R3,0.576102673521726,0.9115674428961568,0.2408743125338251,0.3960003133206072,1019
1,4,28,R3,0.7237452589194545,0.7263068196460202,0.1137998627025341,0.4975158118458679,1019
1,116,29,R3,0.5290904767339515,0.4184408100262664,0.0838505447551749,0.9000316966080741,1019
2,36,0,R3,0.5241489492744855,0.5504862212905146,0.1588552450867102,0.3200603228924863,1019
2,8,1,R3,0.5345323648824882,0.5405180180520524,0.2230785262197438,0.8548237796599919,1019
2,15,2,R3,0.7929489920793286,0.7574050461309189,0.0312644185267103,0.7768583504091388,1019
2,100,3,R3,0.513904433986609,0.5882937468598386,0.0841835714572503,0.6973260231257429,1019
2,63,4,R3,0.5486966077186213,0.5750389505788253,0.0786228204057624,0.2634690698801765,1019
2,110,5,R3,0.6793555147157777,0.6689039222021288,0.0293621106662895,0.2818612768388425,1019
2,16,6,R3,0.466541361287587,0.5600989762206106,0.2238865552159679,0.2662033803445932,1019
2,46,7,R3,0.5513028736106574,0.6918086244316548,0.2646450847946381,0.3718243592378877,1019
2,1,9,R3,0.5408666819213205,0.670683088379719,0.1104182892933337,0.2971337036590433,1019
2,66,10,R3,0.5091768558836024,0.6035396598844742,0.069889705197585,0.8126917397032983,1019
2,119,13,R3,0.546399705640942,0.7252203131978923,0.3086226944796714,0.3687386509019917,1019
2,53,14,R3,0.514382484501615,0.7483071727732891,0.2901539955316797,0.1769864302271155,1019
2,11,15,R3,0.5609495054404998,0.619341445199969,0.0641721993754185,0.606663634722854,1019
2,23,17,R3,0.6804561374319072,0.7775613004744283,0.1584585520838717,0.7398735935311778,1019
2,108,18,R3,0.6120268900919212,0.7278779320199776,0.0818394324202115,0.650215733241548,1019
2,50,22,R3,0.5449907530114069,0.6636271484458276,0.1866064325055071,0.6295556504361904,1019
2,54,24,R3,0.5060197759497286,0.7146805675500352,0.2142135143243211,0.3450345936103669,1019
2,59,25,R3,0.4562757264210116,0.3699330919103145,0.1433898493443701,0.7959580665091437,1019
2,89,26,R3,0.5357094399966853,0.5115676541757617,0.2108348242259116,0.9088130789324536,1019
2,44,27,R3,0.6547941108637899,0.6541527918739327,0.2183448101054302,0.4839645747917655,1019
2,2,29,R3,0.4623708222248421,0.4681408336230889,0.0936075529747734,0.4266929398907095,1019
3,18,5,R3,0.8004323057179158,0.7218324640876679,0.0246743977302429,0.9132012413883448,1019
3,62,12,R3,0.4834756979777672,0.4481040741859134,0.3474039567721358,0.909729089355432,1019
3,31,16,R3,0.4184731627541146,0.3211295871210869,0.4179745382921833,0.5993286879615926,1019
3,117,21,R3,0.4679176742357358,0.4311014314208262,0.0848800411605391,0.4650154026348196,1019
4,77,6,R3,0.4802857590299916,0.4254793544002837,0.2420187764429085,0.7297797782647159,1019
4,60,11,R3,0.5349820201679353,0.5622483659555166,0.2955468559175679,0.7919058194423618,1019
4,64,13,R3,0.5587166425313089,0.5324022239351546,0.2885368306937774,0.8945813329073806,1019
4,103,19,R3,0.4774894739985391,0.3999764467860026,0.1947392506815015,0.4753932278164021,1019
4,22,20,R3,0.4153915789029843,0.4215184644317231,0.23244964280394,0.576210665314703,1019
4,93,28,R3,0.3490231742972687,0.6526017443340328,0.1393833173105311,0.2863980520491908,1019
5,19,3,R3,0.4847305245869301,0.5004966505746633,0.0852368896804003,0.5019905383897674,1019
5,20,19,R3,0.4598345550648854,0.3820866693313255,0.2205864875781727,0.5438050996032029,1019
5,25,20,R3,0.4445360282932331,0.4909509007317136,0.2121412206965252,0.7116643403716321,1019
5,105,26,R3,0.4820544126251532,0.486149544307076,0.2226583537178954,0.3541807508949863,1019
6,97,25,R3,0.5495344583093015,0.531995253610001,0.1300540533561766,0.9729427496594474,1019
1,69,0,R0,0.7279092363578872,0.7106799587683493,0.2409916855242105,0.4485367797541665,1020
1,98,1,R0,0.7478281921422495,0.9151412450342504,0.2030322364667842,0.530881124241536,1020
1,42,4,R0,0.5761273378469559,0.5496836740685617,0.2058058563720285,0.671718082186426,1020
1,30,5,R0,0.7128307056527722,0.5903478904363946,0.1899135623228317,0.2197584741536692,1020
1,0,6,R0,0.5667377986442094,0.4841116990055825,0.3652705851131715,0.8208222141677941,1020
1,113,7,R0,0.6881515111993664,0.5719679695628865,0.2730777115827502,0.7846194302965858,1020
1,31,8,R0,0.8536743065668279,1.0,0.158977342999568,0.7176487788029021,1020
1,49,9,R0,0.7154133396432005,0.7585991931039331,0.073001579482193,0.3902563022344877,1020
1,36,10,R0,0.7201977774128981,0.7629180144200614,0.2884138482632022,0.6097313987789978,1020
1,70,11,R0,0.8420416509813816,0.9133574582531304,0.1935298308083585,0.3802534422836807,1020
1,95,12,R0,0.7853618143576937,0.7029341317931213,0.2003369354128739,0.7923576877179402,1020
1,43,13,R0,0.5733128380469037,0.5430289737949374,0.3238239413971957,0.8728342417186121,1020
1,94,14,R0,0.4806799427215988,0.2019007994263078,0.3180084347086487,0.6578374823104334,1020
1,6,15,R0,0.6271582660042597,0.4729395280195334,0.0799749200454564,0.6523754321277455,1020
1,115,16,R0,0.6246236130468065,0.5360080921746824,0.1399432889071181,0.4360033643114336,1020
1,23,17,R0,0.7417901061569102,0.85131488822764,0.1862877081533926,0.6182380688259712,1020
1,48,18,R0,0.6081918477962518,0.3988336091011016,0.2027254096813092,0.7531334628833766,1020
1,10,19,R0,0.7129710008881432,0.7021720730998051,0.1003283690490666,0.566847402552307,1020
1,71,20,R0,0.792448732529005,0.7920035893867187,0.1048056755022363,0.6266911732457605,1020
1,12,21,R0,0.6350906923818176,0.4292684460864903,0.1295600270693677,0.4525361169779021,1020
1,60,23,R0,0.4829127537237722,0.3261865945680616,0.1232813885260153,0.686313272007295,1020
1,61,25,R0,0.8129821181355711,0.8956507129785455,0.1698669293697261,0.5801707860549444,1020
1,1,27,R0,0.6357372007003876,0.5392633720845165,0.1289734876600186,0.3240633906505318,1020
1,58,28,R0,0.6615299183319819,0.8608029469380117,0.2595340626499021,0.4496191959039772,1020
1,44,29,R0,0.4764679405411374,0.4883050306093732,0.3115350635277332,0.3586678994585336,1020
2,13,1,R0,0.6267604152050624,0.7972209611319612,0.2103546696799235,0.2019951533063766,1020
2,80,2,R0,0.5889700339520733,0.4670268620317402,0.0358979764633698,0.3390098094742264,1020
2,11,3,R0,0.5297309707718986,0.388789878605409,0.1150517610787446,0.6328101556064794,1020
2,24,5,R0,0.6374154522847596,0.5757469009310753,0.1914062000626495,0.7483006550260964,1020
2,90,7,R0,0.5288178298234534,0.4202073246286695,0.2869555221759881,0.8287520237544133,1020
2,93,8,R0,0.5399754773443513,0.4378558775767532,0.1872726267185177,0.140777280778481,1020
2,63,10,R0,0.6715100104656845,0.4900546658644363,0.3074648688527064,0.660820743117294,1020
2,83,11,R0,0.6753362097832658,0.972198917134014,0.1923222295768244,0.4281309158688796,1020
2,46,12,R0,0.7399077445259034,0.6627634519336805,0.2001106498808218,0.8328209435641589,1020
2,119,15,R0,0.4983231991125711,0.437489661886636,0.0800534794959622,0.2889667418102649,1020
2,57,17,R0,0.6626711045547128,0.8170007776511113,0.1886914577034293,0.2546770083704758,1020
2,66,18,R0,0.5122089542802695,0.3864811578358894,0.2052936081173082,0.8923867985812559,1020
2,50,19,R0,0.5849369661384208,0.531367443193699,0.1052741543181112,0.4004150548717735,1020
2,87,20,R0,0.7264090659025457,0.6399926485367384,0.1110167182529364,0.3536494190841354,1020
2,112,21,R0,0.6613881187822966,0.6460942139245324,0.1218916441644816,0.1720888307075212,1020
2,9,23,R0,0.526840173097806,0.4626346483316883,0.1191781140334639,0.2645148812676533,1020
2,21,24,R0,0.451747424209181,0.266502233979122,0.2955286852521878,0.4969225903449544,1020
2,34,25,R0,0.6413094398354929,0.5385682747320498,0.1912461031106768,0.8346804520383501,1020
2,102,27,R0,0.6325129181061164,0.570436041853011,0.1312566522548811,0.6541210678023014,1020
2,114,28,R0,0.650650084324603,0.6235202867415437,0.2754899287173622,0.3431417688941811,1020
2,18,29,R0,0.5393504994010043,0.5842854964468567,0.3051342497838033,0.5533618386004843,1020
3,5,2,R0,0.5794131695709838,0.4388535654694449,0.0360543248996166,0.8267189421744578,1020
3,76,9,R0,0.7439042986372992,0.6712026635845155,0.075535572392572,0.2925518214059554,1020
3,109,14,R0,0.5193633655266485,0.3988319317706252,0.3055369905588409,0.4128513915130376,1020
3,52,16,R0,0.4642177241884708,0.3719354376045428,0.1466121974057463,0.4366372275618458,1020
3,47,24,R0,0.4532728973488444,0.2534166319071724,0.2900380561187536,0.3805974330517663,1020
4,101,4,R0,0.4577811308092753,0.3733656741388007,0.2199043616332356,0.1323702861119257,1020
4,110,13,R0,0.4093273870858001,0.3658567899874584,0.3390416529337123,0.4755970168717697,1020
4,45,22,R0,0.3605660696629432,0.2807009758036483,0.2590114648471124,0.3071952329348348,1020
5,29,0,R0,0.3907769472112799,0.3813376558863747,0.2684350149986733,0.4064439456334727,1020
5,17,3,R0,0.5183227685417495,0.327769045323842,0.117740437450355,0.4295698295994828,1020
5,105,6,R0,0.5074618299255879,0.5131345534838111,0.3669476993377017,0.7183913390637715,1020
5,104,26,R0,0.3730114604828908,0.3932112588532467,0.3229024758947982,0.3626271363961332,1020
1,98,1,R1,0.731329826230948,0.9151412450342504,0.1528718841049471,0.530881124241536,1020
1,42,4,R1,0.514857867816177,0.5496836740685617,0.1777309008195128,0.671718082186426,1020
1,105,5,R1,0.5412549937164288,0.459772560059129,0.1716622969020824,0.7183913390637715,1020
1,0,6,R1,0.5526530785011265,0.4841116990055825,0.3033549715362028,0.8208222141677941,1020
1,31,8,R1,0.8536868510316102,1.0,0.1145697532139941,0.7176487788029021,1020
1,49,9,R1,0.7515604870200269,0.7585991931039331,0.0580053421975208,0.3902563022344877,1020
1,36,10,R1,0.6878394793630157,0.7629180144200614,0.2349848873846415,0.6097313987789978,1020
1,83,11,R1,0.7137542606262116,0.972198917134014,0.1522570181469903,0.4281309158688796,1020
1,95,12,R1,0.8039682016643311,0.7029341317931213,0.1433782173991888,0.7923576877179402,1020
1,48,15,R1,0.5163397587723491,0.4333028285088373,0.0635763622597924,0.7531334628833766,1020
1,69,16,R1,0.7042199566017158,0.8167103924976142,0.1085807520534989,0.4485367797541665,1020
1,23,17,R1,0.6669920341304949,0.85131488822764,0.1606418431525371,0.6182380688259712,1020
1,10,19,R1,0.6733817546233356,0.7021720730998051,0.0823636958777708,0.566847402552307,1020
1,71,20,R1,0.6569404137574476,0.7920035893867187,0.0850349056794067,0.6266911732457605,1020
1,12,21,R1,0.5484256652191632,0.4292684460864903,0.1219840193886716,0.4525361169779021,1020
1,90,24,R1,0.4995701667919696,0.4106500614878322,0.2503490447399434,0.8287520237544133,1020
1,61,25,R1,0.7684133183798232,0.8956507129785455,0.1373810142428639,0.5801707860549444,1020
1,58,28,R1,0.7006665644616358,0.8608029469380117,0.2207235346064602,0.4496191959039772,1020
2,11,3,R1,0.4580648720160937,0.388789878605409,0.1027986715009661,0.6328101556064794,1020
2,30,5,R1,0.5408212843402699,0.5912571502904956,0.1754971421744504,0.2197584741536692,1020
2,33,9,R1,0.6739538307257043,0.7661948723446175,0.0632979510568384,0.2356157950846483,1020
2,63,10,R1,0.5560642022303618,0.4900546658644363,0.2416260690376941,0.660820743117294,1020
2,104,12,R1,0.64089552063857,0.7505250392360344,0.1629725110318458,0.3626271363961332,1020
2,115,16,R1,0.4692630648929242,0.5360080921746824,0.1338592548293274,0.4360033643114336,1020
2,113,17,R1,0.6569458736113173,0.4613929505179081,0.1795918074948694,0.7846194302965858,1020
2,66,18,R1,0.4688720427962692,0.3813776955736477,0.1874667413734659,0.8923867985812559,1020
2,45,19,R1,0.4497161496136712,0.5470182995098611,0.1028992247279953,0.3071952329348348,1020
2,87,20,R1,0.5573101413880496,0.6367410805802031,0.0993094494848101,0.3536494190841354,1020
2,74,21,R1,0.5399635318449406,0.5394914172526386,0.1082622629141291,0.337937213635933,1020
2,110,27,R1,0.5414348811524626,0.5867586569232368,0.1165252723177239,0.4755970168717697,1020
2,114,28,R1,0.5012177936155239,0.6235202867415437,0.275524617261895,0.3431417688941811,1020
2,44,29,R1,0.4769620829014127,0.4883050306093732,0.2697414500774603,0.3586678994585336,1020
3,13,1,R1,0.5788710121062244,0.7972209611319612,0.2100978846873573,0.2019951533063766,1020
3,85,2,R1,0.4694325143516143,0.4813731239960306,0.0362800041002523,0.1786031739589863,1020
3,76,4,R1,0.3709451127499996,0.5353692651629007,0.2067417341169945,0.2925518214059554,1020
3,70,11,R1,0.7404988330420035,0.9235048393859322,0.162392972916724,0.3802534422836807,1020
3,43,13,R1,0.5532557154473224,0.5430289737949374,0.2604036925782534,0.8728342417186121,1020
3,119,15,R1,0.4745025199917115,0.4380594559131179,0.0819744077115221,0.2889667418102649,1020
3,9,23,R1,0.4594399712738508,0.4626346483316883,0.1192033599505228,0.2645148812676533,1020
3,102,27,R1,0.5658888685031366,0.5725842344684138,0.1130954135396304,0.6541210678023014,1020
3,18,29,R1,0.5234643390740193,0.5812771445579854,0.2542991643158316,0.5533618386004843,1020
4,5,2,R1,0.4453080396894631,0.4391188746166905,0.0302795352005834,0.8267189421744578,1020
4,25,3,R1,0.4774836908212209,0.4374119166789288,0.1060617610042046,0.2666548009221586,1020
4,109,14,R1,0.4645043820595421,0.4021240447206403,0.306887466782825,0.4128513915130376,1020
4,86,24,R1,0.4974245096889782,0.5206915522376591,0.2476702655600768,0.7400276791653976,1020
4,16,25,R1,0.5803688079316013,0.7477494277438745,0.1602595094584691,0.2331109025386224,1020
4,60,26,R1,0.3300940711153658,0.3620216015715302,0.3174338035494138,0.686313272007295,1020
5,94,14,R1,0.3643272115174985,0.2019007994263078,0.3165528781903118,0.6578374823104334,1020
6,79,7,R1,0.5172973633535127,0.5681976983773636,0.2269705333848792,0.8007865479289326,1020
6,73,8,R1,0.4374215599059937,0.513278647137023,0.1563427788531889,0.6704960924651927,1020
6,112,13,R1,0.4563423348465734,0.507819181346826,0.3103219155068207,0.1720888307075212,1020
1,69,0,R2,0.6345169811503526,0.7106799587683493,0.2074013831969358,0.4485367797541665,1020
1,98,1,R2,0.781825022493988,0.9151412450342504,0.1528718841049471,0.530881124241536,1020
1,80,2,R2,0.4545325097697386,0.4670268620317402,0.0370793527583715,0.3390098094742264,1020
1,42,4,R2,0.6173190752096084,0.5496836740685617,0.1777309008195128,0.671718082186426,1020
1,113,7,R2,0.640364891855536,0.5719679695628865,0.2162691025127909,0.7846194302965858,1020
1,31,8,R2,0.8536868510316102,1.0,0.1145697532139941,0.7176487788029021,1020
1,49,9,R2,0.6729922613777576,0.7585991931039331,0.0580053421975208,0.3902563022344877,1020
1,83,11,R2,0.7660268269625337,0.972198917134014,0.1522570181469903,0.4281309158688796,1020
1,95,12,R2,0.7261434134708771,0.7029341317931213,0.1433782173991888,0.7923576877179402,1020
1,109,14,R2,0.4287558924528988,0.3988319317706252,0.3072476674028385,0.4128513915130376,1020
1,23,17,R2,0.7173665234080836,0.85131488822764,0.1606418431525371,0.6182380688259712,1020
1,48,18,R2,0.4208949488376786,0.3988336091011016,0.1775862306291059,0.7531334628833766,1020
1,10,19,R2,0.6967218334712546,0.7021720730998051,0.0823636958777708,0.566847402552307,1020
1,71,20,R2,0.5999156986108463,0.7920035893867187,0.0850349056794067,0.6266911732457605,1020
1,9,23,R2,0.468087731579603,0.4626346483316883,0.1192033599505228,0.2645148812676533,1020
1,61,25,R2,0.7808017719783029,0.8956507129785455,0.1373810142428639,0.5801707860549444,1020
1,60,26,R2,0.3966345420308761,0.3620216015715302,0.3174338035494138,0.686313272007295,1020
1,102,27,R2,0.6001001760134234,0.570436041853011,0.1132077530564597,0.6541210678023014,1020
1,58,28,R2,0.5968783573703587,0.8608029469380117,0.2207235346064602,0.4496191959039772,1020
2,78,1,R2,0.6339596711075668,0.791640461452862,0.1564742572335707,0.5264474663919931,1020
2,11,3,R2,0.4611690441783132,0.3906797055471935,0.1026324532920267,0.6328101556064794,1020
2,0,6,R2,0.5084027844024024,0.4841116990055825,0.3033549715362028,0.8208222141677941,1020
2,33,9,R2,0.6400282539582519,0.7661948723446175,0.0632979510568384,0.2356157950846483,1020
2,63,10,R2,0.6620588115673025,0.4972728143556462,0.241022055945748,0.660820743117294,1020
2,70,11,R2,0.6559110908984196,0.9155809432331342,0.162855493658102,0.3802534422836807,1020
2,46,12,R2,0.6154938000631125,0.6627634519336805,0.1495835304111442,0.8328209435641589,1020
2,43,13,R2,0.5863186510046942,0.5550114679199496,0.2609373693835657,0.8728342417186121,1020
2,2,16,R2,0.360644716034949,0.4294436268123668,0.1424324253334012,0.2424439100834133,1020
2,57,17,R2,0.6413015506035944,0.8156574048664573,0.1679576073742853,0.2546770083704758,1020
2,105,19,R2,0.4436694104113781,0.4154393569397332,0.1007343030488885,0.7183913390637715,1020
2,87,20,R2,0.5671118112449028,0.6392568704041725,0.0992728803534788,0.3536494190841354,1020
2,112,21,R2,0.512002633341008,0.6460942139245324,0.114854299527916,0.1720888307075212,1020
2,86,24,R2,0.4427410870807611,0.5206915522376591,0.2476702655600768,0.7400276791653976,1020
2,54,25,R2,0.5760277652642783,0.3733423461555281,0.163378912961828,0.830799264263575,1020
2,1,27,R2,0.4717823462436096,0.5392633720845165,0.12486793238494,0.3240633906505318,1020
2,56,28,R2,0.4812218174018672,0.7682603845905804,0.2499798141926029,0.1843716487906484,1020
3,5,2,R2,0.600312512234906,0.4420265018702116,0.0303704845414521,0.8267189421744578,1020
3,108,5,R2,0.5113552148806755,0.6932522974501112,0.1581188303109376,0.3235241469420641,1020
3,79,7,R2,0.4979147385059124,0.5680455772924766,0.2270285729031554,0.8007865479289326,1020
3,36,10,R2,0.6690869766673554,0.766656412774994,0.2344173420470272,0.6097313987789978,1020
3,115,16,R2,0.4939024555625801,0.5567713167411374,0.1329205647046265,0.4360033643114336,1020
3,4,21,R2,0.501708375176325,0.4807322119888991,0.1318400298994221,0.4587433781028792,1020
3,90,24,R2,0.5130836805298384,0.4106500614878322,0.2503490447399434,0.8287520237544133,1020
4,25,3,R2,0.4649785613870891,0.441140144245163,0.106070267414394,0.2666548009221586,1020
4,30,5,R2,0.6238155247451083,0.5903478904363946,0.1754971421744504,0.2197584741536692,1020
4,73,8,R2,0.4450081392907311,0.513278647137023,0.1563427788531889,0.6704960924651927,1020
4,44,23,R2,0.3845563240714686,0.3937445163198741,0.1152741785065983,0.3586678994585336,1020
5,94,14,R2,0.3880923069768318,0.216975686468929,0.314818777678878,0.6578374823104334,1020
6,110,18,R2,0.5047256043043588,0.5505116814603082,0.1669283863000716,0.4755970168717697,1020
1,69,0,R3,0.6970422935324451,0.7106799587683493,0.2074013831969358,0.4485367797541665,1020
1,98,1,R3,0.6539118005008836,0.9151412450342504,0.1528718841049471,0.530881124241536,1020
1,42,4,R3,0.5890786163752862,0.5496836740685617,0.1777309008195128,0.671718082186426,1020
1,108,5,R3,0.6088596548598925,0.6919497065262239,0.1584755353430634,0.3235241469420641,1020
1,0,6,R3,0.4869105277182647,0.4841116990055825,0.3033549715362028,0.8208222141677941,1020
1,79,7,R3,0.4290154275085884,0.5656207472177135,0.2273276874126077,0.8007865479289326,1020
1,31,8,R3,0.8485993416398616,1.0,0.1145697532139941,0.7176487788029021,1020
1,49,9,R3,0.79671068816158,0.7585991931039331,0.0580053421975208,0.3902563022344877,1020
1,36,10,R3,0.6976779457477701,0.7629180144200614,0.2349848873846415,0.6097313987789978,1020
1,83,11,R3,0.723756865828122,0.972198917134014,0.1522570181469903,0.4281309158688796,1020
1,95,12,R3,0.7759222431581024,0.7029341317931213,0.1433782173991888,0.7923576877179402,1020
1,43,13,R3,0.522390097829456,0.5430289737949374,0.2614813280734385,0.8728342417186121,1020
1,48,15,R3,0.5138536927108129,0.4333028285088373,0.0635763622597924,0.7531334628833766,1020
1,115,16,R3,0.4602552918977716,0.5360080921746824,0.1338592548293274,0.4360033643114336,1020
1,23,17,R3,0.7167799510571057,0.85131488822764,0.1606418431525371,0.6182380688259712,1020
1,10,19,R3,0.7422822785168752,0.7021720730998051,0.0823636958777708,0.566847402552307,1020
1,71,20,R3,0.6934953444695597,0.7920035893867187,0.0850349056794067,0.6266911732457605,1020
1,61,25,R3,0.6912647879798812,0.8956507129785455,0.1373810142428639,0.5801707860549444,1020
1,102,27,R3,0.519173240663845,0.570436041853011,0.1132077530564597,0.6541210678023014,1020
1,58,28,R3,0.5829412425126901,0.8608029469380117,0.2207235346064602,0.4496191959039772,1020
2,13,1,R3,0.608083369168509,0.8086793291125234,0.2075538271679337,0.2019951533063766,1020
2,5,2,R3,0.4524987637471489,0.4481594800320593,0.0300626600132592,0.8267189421744578,1020
2,105,5,R3,0.5486680825871545,0.4624206269289301,0.1716622969020824,0.7183913390637715,1020
2,113,7,R3,0.568729808500936,0.5719679695628865,0.2162691025127909,0.7846194302965858,1020
2,76,9,R3,0.6638173769353286,0.6693287430351151,0.0706958852628572,0.2925518214059554,1020
2,63,10,R3,0.5175895773564606,0.492554785519342,0.2412865784041641,0.660820743117294,1020
2,70,11,R3,0.7006065453426722,0.9280203761809972,0.16026738453079,0.3802534422836807,1020
2,119,15,R3,0.4518188764737518,0.437489661886636,0.0819744077115221,0.2889667418102649,1020
2,52,16,R3,0.4479612401003472,0.3719354376045428,0.1445340002806957,0.4366372275618458,1020
2,57,17,R3,0.5556395094116962,0.810733412160797,0.1684229407803825,0.2546770083704758,1020
2,66,18,R3,0.5608861698042936,0.3837808156392311,0.1865352792869509,0.8923867985812559,1020
2,112,21,R3,0.5302379838089348,0.6517114613130064,0.1147191621276093,0.1720888307075212,1020
2,90,24,R3,0.5203223494425129,0.4106500614878322,0.2503490447399434,0.8287520237544133,1020
2,110,27,R3,0.5233750609911456,0.5867586569232368,0.1165252723177239,0.4755970168717697,1020
2,44,29,R3,0.4660158197455461,0.5011345542244803,0.253287655250884,0.3586678994585336,1020
3,78,4,R3,0.440133286388459,0.4757555011725567,0.1735032311013987,0.5264474663919931,1020
3,104,12,R3,0.7624083137757862,0.7497753296990459,0.1629962687292601,0.3626271363961332,1020
3,109,14,R3,0.4700171092853645,0.4056301289184613,0.3040518323075735,0.4128513915130376,1020
3,45,19,R3,0.4711612361632888,0.553182056453557,0.1020601797341581,0.3071952329348348,1020
3,20,20,R3,0.5141669759640118,0.4699550122275603,0.0957940204003716,0.7859524930250259,1020
3,74,21,R3,0.559868853359811,0.5406245905707352,0.1082622629141291,0.337937213635933,1020
3,16,25,R3,0.6001613749744557,0.7661689724574539,0.1436185937926087,0.2331109025386224,1020
3,114,28,R3,0.547222721330991,0.6322534639171934,0.2749093184770261,0.3431417688941811,1020
5,107,2,R3,0.5108664923710691,0.3628610202211596,0.0373229523741735,0.4811504835591668,1020
5,92,6,R3,0.4021667267324285,0.4437088828710677,0.3293016101798754,0.3170495022323909,1020
5,73,8,R3,0.3575358930055203,0.513278647137023,0.1563427788531889,0.6704960924651927,1020
6,60,26,R3,0.4168843834816753,0.3655353378913395,0.315916072167962,0.686313272007295,1020
6,18,29,R3,0.4387454402106896,0.6139854347762055,0.2347544830644594,0.5533618386004843,1020
1,47,0,R0,0.5983554829241771,0.422455559856273,0.4274817665509857,0.6470478325842967,1021
1,7,1,R0,0.5204559532340363,0.5065260136745264,0.2764010366721902,0.4212997435111181,1021
1,102,2,R0,0.5779678840919559,0.4983353419026149,0.2430203777003326,0.4974451705575122,1021
1,42,3,R0,0.6452740236994287,0.7742647044919517,0.1172857175624315,0.2042222849224604,1021
1,50,4,R0,0.5296975267045921,0.5606295412781334,0.2510499707198126,0.1155473514284685,1021
1,79,5,R0,0.856866086775561,0.8545236824516369,0.1992980901290116,0.8501535661969939,1021
1,107,7,R0,0.8743763002645242,0.998808106530414,0.154949009955099,0.2835474762997401,1021
1,88,8,R0,0.5835261449177848,0.3986777035220042,0.1099878313036816,0.687111314308125,1021
1,118,9,R0,0.5678461742899654,0.5635914454396169,0.1915420605063262,0.7124523484008567,1021
1,81,10,R0,0.6366937110112085,0.6282135458425584,0.3546939645394273,0.6791139465308853,1021
1,21,11,R0,0.8320200452881336,0.6586962033737273,0.1237112893384254,0.8653879157842393,1021
1,77,12,R0,0.6399465158008992,0.4872938006286901,0.0346087645386802,0.8289267106457984,1021
1,65,14,R0,0.6946035557982874,0.5908868911796954,0.1244414435293522,0.482248898697904,1021
1,106,15,R0,0.5379946662144759,0.4776479628784541,0.1923585819536357,0.4741676532203629,1021
1,52,16,R0,0.7582934525073122,0.6769031847214149,0.1539752728086053,0.6823813165913953,1021
1,23,19,R0,0.5641043212161706,0.6400844547486464,0.1729050708858532,0.9035626580682466,1021
1,108,21,R0,0.6262934788306773,0.5679128183458776,0.359098821061795,0.7665301586572975,1021
1,32,23,R0,0.5199414621794755,0.5148072110372655,0.2197942893474007,0.6908454004793657,1021
1,29,24,R0,0.8152901049066316,0.8530935733900799,0.0755974890359432,0.3101553081549883,1021
1,89,26,R0,0.8984175899083091,0.9221590887027196,0.114050449025828,0.2742224451222909,1021
1,37,27,R0,0.6417515022813625,0.4927158040795392,0.1908933527799952,0.6774989759276516,1021
1,27,28,R0,0.4896854989008084,0.3522748046179351,0.304713319609406,0.8519298061065255,1021
1,111,29,R0,0.708584688048863,0.6808508043323023,0.1809267436233826,0.558961633362627,1021
2,103,3,R0,0.3904673052858441,0.4246607997173512,0.1323442846815823,0.3894555915916901,1021
2,66,4,R0,0.5405211342567319,0.5392185815671269,0.2539466364723122,0.7688982325290241,1021
2,45,5,R0,0.5659469637515203,0.5892947709067897,0.2122964453608349,0.7323482885898781,1021
2,99,6,R0,0.5972312749790395,0.5527746018966014,0.3864195030530847,0.6405236574826866,1021
2,25,7,R0,0.6956500067360853,0.759075346622731,0.1666861655298394,0.1819320086473708,1021
2,13,11,R0,0.5425979449524087,0.4855289922837229,0.1283656885281169,0.73406286098138,1021
2,71,12,R0,0.6419764749090879,0.6294721730794823,0.0338384614834525,0.6501620454041587,1021
2,22,14,R0,0.5449085873748981,0.2491040571751022,0.1362026579017653,0.5339007137161887,1021
2,0,15,R0,0.4956238461745197,0.2495102595862767,0.2070249146440955,0.5950517727210267,1021
2,94,17,R0,0.6583181085512199,0.6234196887884715,0.1749970873009732,0.5420193804728434,1021
2,36,18,R0,0.7786091815007075,0.7679966694738547,0.0727933605396182,0.6250970309573003,1021
2,109,19,R0,0.4745511523132014,0.3627833534035399,0.1884090703088854,0.2174739960319205,1021
2,10,20,R0,0.53484867930907,0.5587268407478791,0.1472351289616359,0.3706894925048676,1021
2,39,21,R0,0.6160544130359932,0.3850095314956345,0.377052395241404,0.6407739210639908,1021
2,82,24,R0,0.6335367505821413,0.6500774329754075,0.082345098676797,0.7361114935813875,1021
2,9,25,R0,0.5390568980538835,0.4639659355319797,0.2145427168322173,0.4300206454088166,1021
2,68,29,R0,0.696983426368719,0.6261018052613063,0.1843820770773401,0.4959932285770844,1021
3,4,6,R0,0.5734168549044478,0.3740575903103936,0.4078707976705007,0.1202757926470086,1021
3,69,16,R0,0.554992735171186,0.4924330515985016,0.1657575125755619,0.5280801045792461,1021
3,61,18,R0,0.6263295880418456,0.7062997474003994,0.0749237492002578,0.0820962649479571,1021
3,86,22,R0,0.6387664657062406,0.4459495012130881,0.3606804695764173,0.772798558695337,1021
3,6,25,R0,0.5825509299324565,0.4774670117838779,0.2125044644891047,0.2686282386433475,1021
3,83,27,R0,0.2645153666623326,3.114022373296166e-10,0.2254728276877121,0.481807051566202,1021
4,8,0,R0,0.4333821487871022,0.4290192383482446,0.4384536934547117,0.4795445198456264,1021
4,60,9,R0,0.5712509040280579,0.5554931906775932,0.1898908677903102,0.1913790904712545,1021
4,84,13,R0,0.568999308252346,0.3826701853787666,0.0852374648391442,0.7112567185511485,1021
5,56,2,R0,0.4540634663683159,0.7253142165229085,0.2309519825450319,0.4057505721915104,1021
5,63,8,R0,0.4681233506012123,0.479613895396296,0.1069339227145457,0.5990165783754325,1021
5,64,13,R0,0.5158650462386533,0.25616000212007,0.0867361344323587,0.6955956444807585,1021
5,104,20,R0,0.4085936587067543,0.5015956544817304,0.1449197280119678,0.2121252283682922,1021
5,85,28,R0,0.4066602689488864,0.3237740015443534,0.3092151392491342,0.4394974564707228,1021
6,74,17,R0,0.4467447237128876,0.3621870204604357,0.1876346273129755,0.6222918586837661,1021
1,47,0,R1,0.5009613472903417,0.422455559856273,0.3902283770948531,0.6470478325842967,1021
1,56,2,R1,0.5496738077932222,0.7253142165229085,0.2108312069040757,0.4057505721915104,1021
1,42,3,R1,0.5899258061508715,0.7742647044919517,0.1071276776414883,0.2042222849224604,1021
1,66,4,R1,0.4846280346957921,0.5379511316479928,0.2460092997327287,0.7688982325290241,1021
1,79,5,R1,0.7320533122381556,0.8545236824516369,0.1436276367958925,0.8501535661969939,1021
1,99,6,R1,0.5998155478482521,0.5527746018966014,0.3302004923920747,0.6405236574826866,1021
1,107,7,R1,0.8370108012774303,0.998808106530414,0.1202603117676939,0.2835474762997401,1021
1,118,9,R1,0.5074999576989202,0.5635914454396169,0.159523305257686,0.7124523484008567,1021
1,81,10,R1,0.5067191133883314,0.6282135458425584,0.2951966052901927,0.6791139465308853,1021
1,21,11,R1,0.6584675348767233,0.6586962033737273,0.09326464073954,0.8653879157842393,1021
1,71,12,R1,0.5988963152181749,0.6287690805185812,0.0272502181522415,0.6501620454041587,1021
1,65,14,R1,0.617087284747306,0.5908868911796954,0.1056935080415637,0.482248898697904,1021
1,52,16,R1,0.7358809227627728,0.6769031847214149,0.120972117063095,0.6823813165913953,1021
1,63,17,R1,0.3998118716186202,0.3113224024951779,0.1754753343758492,0.5990165783754325,1021
1,36,18,R1,0.6787782351241921,0.7649643286271824,0.0565362621285562,0.6250970309573003,1021
1,23,19,R1,0.4807179238206439,0.6400844547486464,0.1484153960371353,0.9035626580682466,1021
1,108,21,R1,0.5295246309972799,0.5679128183458776,0.2771231830203287,0.7665301586572975,1021
1,50,22,R1,0.426258594390531,0.4819370218310272,0.3369243634672958,0.1155473514284685,1021
1,32,23,R1,0.5506444880857767,0.5148072110372655,0.180046345029212,0.6908454004793657,1021
1,29,24,R1,0.6298418839035401,0.8530935733900799,0.0730484754051102,0.3101553081549883,1021
1,89,26,R1,0.8241358336547958,0.9221590887027196,0.0933152213707894,0.2742224451222909,1021
1,37,27,R1,0.414459074495304,0.4927158040795392,0.1814508078889047,0.6774989759276516,1021
2,45,5,R1,0.5442425011469678,0.5867325804318171,0.1711329747207095,0.7323482885898781,1021
2,25,7,R1,0.5601730328435193,0.7566980198864453,0.1597716548616064,0.1819320086473708,1021
2,60,9,R1,0.4614748177836379,0.5534475279871962,0.1878052022139842,0.1913790904712545,1021
2,3,12,R1,0.6812919198581995,0.6195191836239291,0.025866003791531,0.5160425723383533,1021
2,2,16,R1,0.5248473945463861,0.3940234418103833,0.1494579925652585,0.5972606559404171,1021
2,94,17,R1,0.5110438453508058,0.6234196887884715,0.153402024875077,0.5420193804728434,1021
2,61,18,R1,0.5857672439104743,0.7062997474003994,0.0690484325758792,0.0820962649479571,1021
2,35,19,R1,0.5003377439686381,0.5402633441438962,0.1575898449141681,0.6745585494967427,1021
2,28,21,R1,0.4979845371420547,0.377602025189379,0.3422806008376943,0.5664067896196123,1021
2,86,22,R1,0.5842394248744395,0.4459495012130881,0.3072396856762814,0.772798558695337,1021
2,9,25,R1,0.4333400100367536,0.4632213222973154,0.1989554607398475,0.4300206454088166,1021
2,103,26,R1,0.7003777062691865,0.7998517410377151,0.0995420260083167,0.3894555915916901,1021
2,111,29,R1,0.6161285004108725,0.6808508043323023,0.156667654541324,0.558961633362627,1021
3,88,8,R1,0.4849269984756875,0.4002547899994938,0.0932459089502917,0.687111314308125,1021
3,62,11,R1,0.6130380198524399,0.5141020327856843,0.1216476287690286,0.328524668883988,1021
3,82,24,R1,0.544866445340241,0.6500774329754075,0.0607463296331247,0.7361114935813875,1021
3,6,25,R1,0.5384476427407168,0.4774670117838779,0.2071657413311458,0.2686282386433475,1021
3,27,28,R1,0.3801757674520384,0.3522748046179351,0.2590368934652798,0.8519298061065255,1021
3,68,29,R1,0.5095189072468972,0.6261018052613063,0.1608261815466662,0.4959932285770844,1021
4,84,13,R1,0.4620250187970594,0.3826701853787666,0.0714147843865102,0.7112567185511485,1021
5,110,10,R1,0.3857035896149345,0.5149224785498918,0.3593463901313058,0.2480719132974596,1021
5,24,13,R1,0.3293428825151276,0.2758748684854184,0.0885703230348812,0.2049064630313023,1021
5,54,14,R1,0.352954428091748,0.3707953316281941,0.1244849114847092,0.6397407177041579,1021
5,10,20,R1,0.4229428574587642,0.5627946585118868,0.1484593637161697,0.3706894925048676,1021
1,56,2,R2,0.4519659700370285,0.7253142165229085,0.2108312069040757,0.4057505721915104,1021
1,50,4,R2,0.4451250281419786,0.5606295412781334,0.2367392801334107,0.1155473514284685,1021
1,79,5,R2,0.823511107678196,0.8545236824516369,0.1436276367958925,0.8501535661969939,1021
1,99,6,R2,0.5485986629986944,0.5527746018966014,0.3302004923920747,0.6405236574826866,1021
1,107,7,R2,0.7374330729396432,0.998808106530414,0.1202603117676939,0.2835474762997401,1021
1,89,8,R2,0.4503097155149486,0.4087031470068327,0.1047613445321492,0.2742224451222909,1021
1,81,10,R2,0.5954554445251146,0.6282135458425584,0.2951966052901927,0.6791139465308853,1021
1,21,11,R2,0.7182477779286701,0.6586962033737273,0.09326464073954,0.8653879157842393,1021
1,3,12,R2,0.5794419939863582,0.6195191836239291,0.025866003791531,0.5160425723383533,1021
1,106,15,R2,0.4563678938249258,0.4776479628784541,0.1844539241647894,0.4741676532203629,1021
1,52,16,R2,0.6195054059269979,0.6769031847214149,0.120972117063095,0.6823813165913953,1021
1,94,17,R2,0.5038133719998371,0.6234196887884715,0.153402024875077,0.5420193804728434,1021
1,36,18,R2,0.6436858979941094,0.7649643286271824,0.0565362621285562,0.6250970309573003,1021
1,23,19,R2,0.6010875062445933,0.6400844547486464,0.1484153960371353,0.9035626580682466,1021
1,108,21,R2,0.5874292690267469,0.5679128183458776,0.2771231830203287,0.7665301586572975,1021
1,86,22,R2,0.6052117015204711,0.4459495012130881,0.3072396856762814,0.772798558695337,1021
1,32,23,R2,0.5190706658031188,0.5148072110372655,0.180046345029212,0.6908454004793657,1021
1,29,24,R2,0.5918174389977047,0.8530935733900799,0.0730484754051102,0.3101553081549883,1021
1,9,25,R2,0.4946825287629225,0.4632213222973154,0.1994969945083933,0.4300206454088166,1021
2,42,3,R2,0.6004320943227068,0.7742647044919517,0.1071276776414883,0.2042222849224604,1021
2,66,4,R2,0.42002717858876,0.5491909004451425,0.2454274629911818,0.7688982325290241,1021
2,45,5,R2,0.5849533394382257,0.5909362333718516,0.1710580432411844,0.7323482885898781,1021
2,76,7,R2,0.5985828295979836,0.6683942766802626,0.146949622703989,0.6392418945275377,1021
2,63,8,R2,0.5189709516718946,0.4785355205786932,0.0983931853680119,0.5990165783754325,1021
2,20,9,R2,0.478085987089431,0.4979377524205086,0.1917618755638429,0.3096790297100048,1021
2,80,11,R2,0.5024679516632686,0.5673922931036375,0.1220077599295297,0.6637584835211089,1021
2,71,12,R2,0.5703763716852218,0.6287690805185812,0.0272502181522415,0.6501620454041587,1021
2,65,14,R2,0.4893928650157599,0.5972408669899625,0.1056081154113968,0.482248898697904,1021
2,10,20,R2,0.406384109328208,0.5581101337308196,0.1492532916190543,0.3706894925048676,1021
2,39,21,R2,0.5392372874451916,0.3850095314956345,0.3302680500998119,0.6407739210639908,1021
2,82,24,R2,0.5440223206885828,0.6500774329754075,0.0607463296331247,0.7361114935813875,1021
2,103,26,R2,0.595492157534383,0.8035510325097462,0.0996517063901854,0.3894555915916901,1021
2,37,27,R2,0.5554305929889876,0.4927158040795392,0.1814508078889047,0.6774989759276516,1021
2,111,29,R2,0.6284812987801617,0.6860090237789191,0.156571135822476,0.558961633362627,1021
3,102,2,R2,0.4600371473308296,0.504001818733826,0.2333349484470145,0.4974451705575122,1021
3,8,3,R2,0.4451720587850865,0.4237809614861255,0.1263711123523299,0.4795445198456264,1021
3,118,9,R2,0.4925989280968696,0.5635914454396169,0.159523305257686,0.7124523484008567,1021
3,84,13,R2,0.4459135102815006,0.3826701853787666,0.0714147843865102,0.7112567185511485,1021
3,22,14,R2,0.40194984921692,0.2551418130450957,0.133766669034343,0.5339007137161887,1021
3,61,18,R2,0.5976694925839542,0.7062997474003994,0.0689974094796622,0.0820962649479571,1021
3,117,22,R2,0.4154487392684349,0.289461315881806,0.3555125536784088,0.536759304042504,1021
3,88,26,R2,0.4849240874718696,0.434747584946978,0.1144043618267084,0.687111314308125,1021
3,97,29,R2,0.53407374112893,0.5149990224041704,0.1893394862118294,0.283302118486958,1021
4,7,1,R2,0.4156085520002905,0.518809594976742,0.2480496950777484,0.4212997435111181,1021
4,109,19,R2,0.4314302898854353,0.3659063038588563,0.1843524923497629,0.2174739960319205,1021
5,4,6,R2,0.4406017175862043,0.3826253004554076,0.398396213956499,0.1202757926470086,1021
5,69,16,R2,0.4299427349368713,0.4982225840862511,0.1510770756035554,0.5280801045792461,1021
1,42,3,R3,0.5563840894495277,0.7742647044919517,0.1071276776414883,0.2042222849224604,1021
1,79,5,R3,0.7541192410405176,0.8545236824516369,0.1436276367958925,0.8501535661969939,1021
1,99,6,R3,0.5729397768557489,0.5527746018966014,0.3302004923920747,0.6405236574826866,1021
1,107,7,R3,0.7850719069271501,0.998808106530414,0.1202603117676939,0.2835474762997401,1021
1,103,8,R3,0.5038354961087469,0.5264694843742168,0.0976877913794899,0.3894555915916901,1021
1,81,10,R3,0.5442523895415636,0.6282135458425584,0.2951966052901927,0.6791139465308853,1021
1,21,11,R3,0.6544481207029953,0.6586962033737273,0.09326464073954,0.8653879157842393,1021
1,71,12,R3,0.5642473417535324,0.6287690805185812,0.0272502181522415,0.6501620454041587,1021
1,84,13,R3,0.4141895106600429,0.3826701853787666,0.0714147843865102,0.7112567185511485,1021
1,65,14,R3,0.6044107994589698,0.5908868911796954,0.1056935080415637,0.482248898697904,1021
1,52,16,R3,0.6166054260323286,0.6769031847214149,0.120972117063095,0.6823813165913953,1021
1,36,18,R3,0.6882503736134605,0.7649643286271824,0.0565362621285562,0.6250970309573003,1021
1,86,22,R3,0.5181608072955594,0.4459495012130881,0.3072396856762814,0.772798558695337,1021
1,32,23,R3,0.5458920911795158,0.5148072110372655,0.180046345029212,0.6908454004793657,1021
1,29,24,R3,0.678787404512744,0.8530935733900799,0.0730484754051102,0.3101553081549883,1021
1,89,26,R3,0.8043160291476489,0.9221590887027196,0.0933152213707894,0.2742224451222909,1021
1,111,29,R3,0.6304387123350687,0.6808508043323023,0.156667654541324,0.558961633362627,1021
2,102,2,R3,0.5117588700547671,0.5208848411524241,0.2078089102154347,0.4974451705575122,1021
2,66,4,R3,0.4926475834243228,0.5464451942222861,0.2433868903905431,0.7688982325290241,1021
2,45,5,R3,0.5539191603423197,0.5929800726716477,0.1705269490910104,0.7323482885898781,1021
2,25,7,R3,0.5966801159914586,0.7698060406190419,0.1592002553212815,0.1819320086473708,1021
2,62,11,R3,0.5204077057399078,0.5141020327856843,0.1216476287690286,0.328524668883988,1021
2,119,12,R3,0.5828521542694045,0.4780016247231047,0.0317811738517065,0.601924933688189,1021
2,2,16,R3,0.5526671150906083,0.3967782838187788,0.1493241405644316,0.5972606559404171,1021
2,35,19,R3,0.4956452035505185,0.5385696356966134,0.1576348686887086,0.6745585494967427,1021
2,104,20,R3,0.4429639140938001,0.5072077527583545,0.1420383775244985,0.2121252283682922,1021
2,108,21,R3,0.5787549756682338,0.5679128183458776,0.2771231830203287,0.7665301586572975,1021
2,50,22,R3,0.4064624572882691,0.4856785462293772,0.3356277674534087,0.1155473514284685,1021
2,82,24,R3,0.501664509302375,0.65658688561123,0.0603881060755416,0.7361114935813875,1021
2,37,27,R3,0.4772601348453774,0.4927158040795392,0.1814508078889047,0.6774989759276516,1021
2,68,29,R3,0.6801380485173653,0.6371504096601496,0.1589493872480215,0.4959932285770844,1021
3,61,18,R3,0.647345463348334,0.7062997474003994,0.0690484325758792,0.0820962649479571,1021
3,23,19,R3,0.5261974522716192,0.6700203130120377,0.1349572565396556,0.9035626580682466,1021
3,10,20,R3,0.398186511024779,0.5723329037448345,0.1474179659076469,0.3706894925048676,1021
3,39,21,R3,0.5494650130863276,0.3881600964997974,0.3297134617406254,0.6407739210639908,1021
3,95,26,R3,0.4706518234641065,0.4559653683991284,0.1241005154599908,0.2949604822066415,1021
4,47,0,R3,0.4932102695246609,0.4308873508849762,0.3859694104368663,0.6470478325842967,1021
4,7,1,R3,0.4857640449280019,0.5526474451630338,0.2185864921837463,0.4212997435111181,1021
4,4,6,R3,0.4641728488615225,0.3821105707198114,0.3957703213665607,0.1202757926470086,1021
4,76,10,R3,0.3899009543473819,0.5298252533149197,0.3473701566078278,0.6392418945275377,1021
4,94,17,R3,0.7030470768173408,0.6534124970135555,0.142447649783478,0.5420193804728434,1021
4,9,25,R3,0.465661483076613,0.4669831767798736,0.1986881883995108,0.4300206454088166,1021
5,53,8,R3,0.503139304948992,0.5929326906558964,0.0843840932622475,0.7352733894774568,1021
5,20,9,R3,0.5118512243518726,0.5391053405156174,0.1639183098905343,0.3096790297100048,1021
6,56,2,R3,0.5642635851826001,0.7617462180067637,0.1893942542150176,0.4057505721915104,1021
6,54,14,R3,0.4147302533791963,0.3900740741052164,0.1220686595241026,0.6397407177041579,1021
6,27,28,R3,0.4160560240137411,0.3582743143659755,0.2598335967163266,0.8519298061065255,1021
1,67,0,R0,0.5671850848995089,0.5084792542027814,0.3476147506107763,0.6841201352950773,1022
1,11,1,R0,0.5682387587962738,0.6329313653283262,0.2685085909204288,0.308820907472207,1022
1,38,2,R0,0.7995778607210008,0.9652234918286704,0.3028039465323219,0.9155633102451252,1022
1,74,3,R0,0.5614091111540251,0.5906294348081187,0.0762544503875397,0.7859452993753321,1022
1,106,4,R0,0.8357107739264564,0.7049316228939289,0.0311049430973559,0.394068851042223,1022
1,46,5,R0,0.8283431697157624,0.8859352316134036,0.1272746060550707,0.7741014121514571,1022
1,73,6,R0,0.7440337425363877,0.9311183561197942,0.1654933288705671,0.5695527875808093,1022
1,14,8,R0,0.6609751046457882,0.6536061367909758,0.3353363234349525,0.7186940680954746,1022
1,50,9,R0,0.4375860291374246,0.5017085020164127,0.1965676594839931,0.386497594221714,1022
1,10,10,R0,0.5745372531370891,0.4973361195153485,0.1589445450967777,0.5942630759965318,1022
1,80,11,R0,0.6572586641321926,0.4784789569087477,0.1925281068282689,0.5365458110680824,1022
1,119,13,R0,0.6050102702853194,0.5340121382998888,0.2113777170983433,0.4247239876695959,1022
1,19,14,R0,0.8666323196713612,1.0,0.1030260309519779,0.3786352436139784,1022
1,39,15,R0,0.648937566998134,0.6478911643205576,0.2583694150412055,0.5856315366027652,1022
1,55,17,R0,0.8852242994291958,0.9139957067188428,0.219506374998024,0.956498383216826,1022
1,24,18,R0,0.8552600235597192,0.952542928619486,0.0951706896515451,0.5863181792278421,1022
1,29,22,R0,0.5604296406510174,0.438401653450393,0.1362746558877576,0.3338816472763053,1022
1,102,23,R0,0.6892036478177618,0.5391518553402245,0.1707860778351916,0.8152809454110741,1022
1,43,25,R0,0.8761998255863246,0.7672511689500033,0.1007240934717631,0.5288636002300419,1022
1,70,26,R0,0.7507188929048133,0.8536783243972811,0.2512214573843757,0.5299530728576063,1022
1,107,27,R0,0.7845639242707189,0.7080984776661505,0.1753457852077652,0.7405882749224536,1022
1,88,29,R0,0.6161520387054525,0.6422642032683583,0.1661170958172826,0.5736920155900798,1022
2,5,0,R0,0.4479550388928505,0.4001518471375102,0.3619374023606257,0.4868902947732774,1022
2,51,1,R0,0.5753136572175005,0.6463557696998142,0.2629857728938124,0.3427559568020944,1022
2,54,2,R0,0.6620758599371488,0.7125300627325443,0.3210420978084144,0.8543929983155114,1022
2,4,3,R0,0.5474541530403807,0.4729292021855457,0.0793919662596947,0.4941040932018202,1022
2,72,4,R0,0.6898537162569837,0.6889117500276168,0.0316288283074608,0.5781168955145076,1022
2,9,5,R0,0.7409338025195986,0.8383195045572971,0.1292189131886477,0.3189445159950608,1022
2,59,6,R0,0.5951597256587653,0.5893288937043296,0.1806823053595903,0.1353349770905096,1022
2,81,7,R0,0.3683337862410775,0.1898463353697215,0.2936397195736537,0.85807394873883,1022
2,71,8,R0,0.608811885283731,0.5530556264609365,0.3436276902157037,0.7835903400443378,1022
2,57,9,R0,0.532170085463095,0.380256809662601,0.204527269680691,0.4688545193649556,1022
2,22,10,R0,0.5198810943654714,0.2542878923897274,0.1711980309581112,0.7444860715912878,1022
2,28,12,R0,0.5242544920691933,0.4789606395930887,0.1186182388509973,0.3223123676799769,1022
2,6,14,R0,0.5567082937242638,0.6014939180488168,0.1138403968405652,0.5064468455349627,1022
2,99,15,R0,0.4301341072725252,0.2211858470478296,0.2963763989353263,0.6425982670562953,1022
2,18,16,R0,0.5767659696591046,0.601446006062478,0.1601777179896986,0.5395928363774253,1022
2,56,17,R0,0.7417671974215514,0.7075999091598449,0.2353834715847834,0.8444533889147585,1022
2,0,18,R0,0.6966726742159483,0.6348717375610187,0.1019811099063542,0.3914939686062322,1022
2,66,19,R0,0.6859354775561062,0.5704476275444068,0.2185831699199491,0.5351576985277384,1022
2,85,20,R0,0.493050929991904,0.4938850469885689,0.155227798989521,0.2218132709916861,1022
2,49,21,R0,0.4411434242636369,0.2032255806684204,0.3057811382167553,0.110087763638628,1022
2,89,24,R0,0.6161036550356923,0.6223180327261529,0.3054842976517117,0.6026191202901399,1022
2,115,25,R0,0.6491360090636317,0.7690700330513717,0.1007513082716436,0.1934994688860092,1022
2,109,26,R0,0.7779719356708142,0.8519880826718105,0.2508714591520691,0.3244546142630783,1022
2,52,27,R0,0.5834739236459525,0.5252786203045035,0.1852237325875982,0.2098527704108065,1022
2,98,28,R0,0.5837826389360473,0.4798771260907601,0.3132038421901796,0.6160383204609995,1022
3,83,11,R0,0.5428809865004559,0.378904860781986,0.1997993761610776,0.66443272319183,1022
3,114,12,R0,0.5052503206500131,0.3222086662396259,0.1231444945880511,0.8376570023434448,1022
3,64,13,R0,0.5200289817251101,0.4099964329603435,0.2158474429028541,0.3434585252051241,1022
3,35,16,R0,0.5126734878882284,0.4671931244293883,0.1630971916699333,0.5352431867463195,1022
3,94,19,R0,0.5754363284660419,0.7487462791433634,0.2071372237807554,0.1216063171188172,1022
3,104,21,R0,0.4734236462119501,0.5359242208603637,0.2701447970964374,0.4594106561450535,1022
3,105,22,R0,0.3573672915682607,0.219405388745319,0.1447058987749464,0.1893646251327137,1022
3,111,23,R0,0.5727682942982474,0.5358509798796633,0.1727050625375293,0.6571298451382893,1022
3,32,24,R0,0.4467887416399333,0.3283099970646929,0.3363494402999741,0.5179644733467532,1022
3,12,28,R0,0.4702681759695694,0.3984967160847409,0.3253133172127013,0.4012992746442409,1022
4,90,29,R0,0.5033840231378232,0.4452043278751901,0.1774178119775993,0.7293449082388772,1022
1,67,0,R1,0.4905364653584749,0.5084792542027814,0.3174349643495442,0.6841201352950773,1022
1,38,2,R1,0.8198903720689041,0.9652234918286704,0.2109954199157203,0.9155633102451252,1022
1,74,3,R1,0.5792873234677517,0.5906294348081187,0.0644423502676618,0.7859452993753321,1022
1,46,5,R1,0.7400298955999927,0.8859352316134036,0.1047693644070593,0.7741014121514571,1022
1,73,6,R1,0.7604781725555544,0.9311183561197942,0.1195492785799223,0.5695527875808093,1022
1,14,8,R1,0.6555573896184663,0.6536061367909758,0.2542205003386739,0.7186940680954746,1022
1,10,10,R1,0.4949102790494026,0.4973361195153485,0.1488141051511014,0.5942630759965318,1022
1,119,13,R1,0.4717004264805635,0.5340121382998888,0.198244830756112,0.4247239876695959,1022
1,19,14,R1,0.7966503005133561,1.0,0.0804027191469809,0.3786352436139784,1022
1,39,15,R1,0.6355313988064318,0.6478911643205576,0.2366734186553169,0.5856315366027652,1022
1,35,16,R1,0.4579884063437314,0.4671931244293883,0.1471533482718097,0.5352431867463195,1022
1,55,17,R1,0.8797698681436418,0.9139957067188428,0.1425181231646824,0.956498383216826,1022
1,24,18,R1,0.7932654651624238,0.952542928619486,0.0773133163962382,0.5863181792278421,1022
1,66,19,R1,0.5769790598743739,0.5704476275444068,0.1969939924386507,0.5351576985277384,1022
1,51,20,R1,0.512096325170232,0.674086885455766,0.1286138576612321,0.3427559568020944,1022
1,102,23,R1,0.6303160745314162,0.5391518553402245,0.1353737838993798,0.8152809454110741,1022
1,118,25,R1,0.6863305270128626,0.7740093455223102,0.0923448978827731,0.4181699474821017,1022
1,106,26,R1,0.7120589400418856,0.9310848560632442,0.1995860027605256,0.394068851042223,1022
1,98,28,R1,0.4495015819822258,0.4798771260907601,0.2847406420539251,0.6160383204609995,1022
1,88,29,R1,0.5127829307137203,0.6422642032683583,0.1391652290443805,0.5736920155900798,1022
2,54,2,R1,0.6196320432774473,0.7125300627325443,0.2297200398188911,0.8543929983155114,1022
2,72,4,R1,0.5276896856465716,0.6889117500276168,0.0300516148707088,0.5781168955145076,1022
2,9,5,R1,0.6893337861667859,0.8383195045572971,0.1132766701885176,0.3189445159950608,1022
2,71,8,R1,0.5172517253690265,0.5571930277126574,0.2845025832467254,0.7835903400443378,1022
2,18,16,R1,0.5638341369829929,0.601446006062478,0.1501244312132175,0.5395928363774253,1022
2,56,17,R1,0.7077870032779421,0.7075999091598449,0.1813971648795892,0.8444533889147585,1022
2,62,18,R1,0.6066146413409773,0.6338958540587267,0.088642426375391,0.513286697699018,1022
2,75,21,R1,0.4475240383658384,0.4699042589253509,0.2411939107506659,0.5883726325227551,1022
2,43,25,R1,0.7011006152254027,0.7672511689500033,0.0843722326615202,0.5288636002300419,1022
2,70,26,R1,0.7714679985450325,0.8536783243972811,0.1791616224568761,0.5299530728576063,1022
2,107,27,R1,0.7448128392446367,0.7080984776661505,0.1333895670164487,0.7405882749224536,1022
3,11,1,R1,0.500966899546426,0.6348242217037697,0.2477217569001559,0.308820907472207,1022
3,4,3,R1,0.4847466548996755,0.4753215944830945,0.0725206604373616,0.4941040932018202,1022
3,17,10,R1,0.4971254285262842,0.5858996012840803,0.1566774759801587,0.3214254997076625,1022
3,114,12,R1,0.4399827014371988,0.323691161892136,0.1034673095742961,0.8376570023434448,1022
3,112,14,R1,0.547510127950658,0.5587263771446573,0.0921285185918072,0.8200701728694266,1022
3,81,19,R1,0.6213914982922891,0.4927130616654339,0.1773174481678973,0.85807394873883,1022
3,29,22,R1,0.4273675169044453,0.438401653450393,0.1260131887865749,0.3338816472763053,1022
3,89,24,R1,0.585979896219273,0.6202060598540566,0.2452655846950256,0.6026191202901399,1022
3,111,27,R1,0.5664970793425526,0.7507553491853786,0.1318378245293285,0.6571298451382893,1022
3,34,29,R1,0.4385504967299652,0.3973828116796873,0.1757008255716209,0.6106099008676188,1022
4,5,0,R1,0.3897977460039511,0.4004214760789151,0.328552478435767,0.4868902947732774,1022
4,115,4,R1,0.4214405729776513,0.5625629392882527,0.0314185893653139,0.1934994688860092,1022
4,59,6,R1,0.5490861736910801,0.594893375656848,0.1790117043749164,0.1353349770905096,1022
4,80,11,R1,0.4741893138870691,0.4784789569087477,0.1717553827169721,0.5365458110680824,1022
4,108,13,R1,0.3473536917292,0.353413165347088,0.2016885905533951,0.5061478264515172,1022
5,103,20,R1,0.4740033758247008,0.3665236678243433,0.1367519014235282,0.838885994630024,1022
5,93,21,R1,0.4425328648935837,0.4819856442544591,0.2445734193400688,0.4867634840121695,1022
5,32,24,R1,0.4628194714885664,0.3333091472972799,0.3023207096928451,0.5179644733467532,1022
5,12,28,R1,0.3554699103099613,0.4108090766213567,0.310654037852157,0.4012992746442409,1022
6,99,11,R1,0.4720810858266255,0.37569968211001,0.1772903603097085,0.6425982670562953,1022
6,28,12,R1,0.4846457434089457,0.4847569060439453,0.1144375552861669,0.3223123676799769,1022
6,23,23,R1,0.424219142354478,0.3542564714193761,0.1570536749572458,0.8415592116706241,1022
1,38,2,R2,0.8163007449348867,0.9652234918286704,0.2109954199157203,0.9155633102451252,1022
1,74,3,R2,0.5247205635826383,0.5906294348081187,0.0644423502676618,0.7859452993753321,1022
1,106,4,R2,0.6564907111648421,0.7049316228939289,0.0282292327675558,0.394068851042223,1022
1,46,5,R2,0.7768624147191843,0.8859352316134036,0.1047693644070593,0.7741014121514571,1022
1,73,6,R2,0.7151097773739541,0.9311183561197942,0.1195492785799223,0.5695527875808093,1022
1,14,8,R2,0.630970946842238,0.6536061367909758,0.2542205003386739,0.7186940680954746,1022
1,57,9,R2,0.4754900809654226,0.380256809662601,0.1832333517676328,0.4688545193649556,1022
1,17,10,R2,0.4862171351646616,0.5858996012840803,0.1568857458217757,0.3214254997076625,1022
1,80,11,R2,0.4676837765174621,0.4784789569087477,0.1718060732957367,0.5365458110680824,1022
1,71,12,R2,0.5148965644603553,0.4766376317846953,0.1043052882876698,0.7835903400443378,1022
1,19,14,R2,0.8090798536287435,1.0,0.0804027191469809,0.3786352436139784,1022
1,39,15,R2,0.5585512281009806,0.6478911643205576,0.2366734186553169,0.5856315366027652,1022
1,12,16,R2,0.4422746742042174,0.5198185652885501,0.1417838853137451,0.4012992746442409,1022
1,55,17,R2,0.7974730527912545,0.9139957067188428,0.1425181231646824,0.956498383216826,1022
1,24,18,R2,0.7558605544285938,0.952542928619486,0.0773133163962382,0.5863181792278421,1022
1,51,20,R2,0.5891260641966554,0.674086885455766,0.1286138576612321,0.3427559568020944,1022
1,89,24,R2,0.5339560274198307,0.6202060598540566,0.2452655846950256,0.6026191202901399,1022
1,43,25,R2,0.6589765777884179,0.7672511689500033,0.0843775908664331,0.5288636002300419,1022
1,70,26,R2,0.6731865621628746,0.8536783243972811,0.1804379345725631,0.5299530728576063,1022
1,54,27,R2,0.7340872105671238,0.7659098063308931,0.1225028244301435,0.8543929983155114,1022
2,30,3,R2,0.591898185645303,0.4983353790779589,0.0732121820447068,0.3757609057575428,1022
2,72,4,R2,0.7041296019321944,0.6932784802486165,0.029987404358187,0.5781168955145076,1022
2,9,5,R2,0.7086903115652038,0.8427254931309486,0.1133387345313798,0.3189445159950608,1022
2,59,6,R2,0.6150139051959308,0.5893288937043296,0.1792322953775849,0.1353349770905096,1022
2,10,10,R2,0.5261220125299774,0.5004153031583235,0.148651810818194,0.5942630759965318,1022
2,114,12,R2,0.410517852455428,0.3222086662396259,0.103584206608197,0.8376570023434448,1022
2,119,13,R2,0.4525932517052184,0.5340121382998888,0.198244830756112,0.4247239876695959,1022
2,56,17,R2,0.6882545813603094,0.7075999091598449,0.1813971648795892,0.8444533889147585,1022
2,62,18,R2,0.6083818580890895,0.630584393259114,0.0888050449122907,0.513286697699018,1022
2,81,19,R2,0.5819536657556669,0.5003486470224524,0.1777650178145256,0.85807394873883,1022
2,75,21,R2,0.4144272095826385,0.4699042589253509,0.2411939107506659,0.5883726325227551,1022
2,118,25,R2,0.6288786425205439,0.7740093455223102,0.0923448978827731,0.4181699474821017,1022
2,109,26,R2,0.6801870511266072,0.8593141076689965,0.2257395558493143,0.3244546142630783,1022
2,107,27,R2,0.6822448830477273,0.709726315660308,0.1333895670164487,0.7405882749224536,1022
2,98,28,R2,0.4457055831948596,0.4798771260907601,0.2847406420539251,0.6160383204609995,1022
3,5,0,R2,0.4570756078143704,0.4001518471375102,0.3294236546631341,0.4868902947732774,1022
3,65,2,R2,0.5220317459810532,0.6524426240389533,0.2640618469570017,0.8815758061606503,1022
3,22,15,R2,0.3803323144312792,0.4583300513396883,0.2466875873877315,0.7444860715912878,1022
3,58,19,R2,0.5092524433297674,0.4518229344783893,0.1886655342501825,0.7120767492431654,1022
3,85,20,R2,0.479610866013489,0.5019428765224212,0.1424648947753801,0.2218132709916861,1022
3,93,21,R2,0.4862734921397753,0.4819856442544591,0.2445734193400688,0.4867634840121695,1022
4,67,0,R2,0.4698529513772044,0.5162005278443282,0.3166474467033479,0.6841201352950773,1022
4,18,16,R2,0.5730597355921274,0.6278889213746526,0.1493115731833118,0.5395928363774253,1022
4,29,22,R2,0.4386059893727162,0.438401653450393,0.1260131887865749,0.3338816472763053,1022
4,102,23,R2,0.6128905850915499,0.5453578745307659,0.1351929138330578,0.8152809454110741,1022
5,11,1,R2,0.5405211338766306,0.6405821302319905,0.2475303045664092,0.308820907472207,1022
5,99,11,R2,0.4844505497605699,0.3927786819250178,0.1764862859552366,0.6425982670562953,1022
5,64,13,R2,0.4185032991917222,0.4099964329603435,0.205698248860055,0.3434585252051241,1022
5,111,23,R2,0.4858913442343345,0.5358509798796633,0.1412559177205926,0.6571298451382893,1022
5,88,29,R2,0.5520721867532858,0.6434659124547495,0.1388058255744253,0.5736920155900798,1022
6,53,8,R2,0.4445893554226669,0.5417926309370145,0.2893388806177607,0.6199028605421729,1022
6,50,9,R2,0.4313125340791459,0.5145029427206224,0.1992601651141853,0.386497594221714,1022
6,34,29,R2,0.489609630579938,0.39801869304946,0.17594646494281,0.6106099008676188,1022
1,38,2,R3,0.7656804872073786,0.9652234918286704,0.2109954199157203,0.9155633102451252,1022
1,74,3,R3,0.5643795580237009,0.5906294348081187,0.0644423502676618,0.7859452993753321,1022
1,106,4,R3,0.6920123335458404,0.7049316228939289,0.0282292327675558,0.394068851042223,1022
1,46,5,R3,0.7768624147191843,0.8859352316134036,0.1047693644070593,0.7741014121514571,1022
1,73,6,R3,0.8196407127351165,0.9311183561197942,0.1195492785799223,0.5695527875808093,1022
1,14,8,R3,0.5883116454237671,0.6536061367909758,0.2542205003386739,0.7186940680954746,1022
1,28,12,R3,0.5325590292856359,0.4789606395930887,0.1148097389042618,0.3223123676799769,1022
1,19,14,R3,0.8245996229714486,1.0,0.0804027191469809,0.3786352436139784,1022
1,39,15,R3,0.5032345492404352,0.6478911643205576,0.2366734186553169,0.5856315366027652,1022
1,18,16,R3,0.505332511341691,0.601446006062478,0.1501244312132175,0.5395928363774253,1022
1,55,17,R3,0.7656420601914313,0.9139957067188428,0.1425181231646824,0.956498383216826,1022
1,62,18,R3,0.748022276049063,0.630584393259114,0.0888050449122907,0.513286697699018,1022
1,66,19,R3,0.5640372448603197,0.5704476275444068,0.1969939924386507,0.5351576985277384,1022
1,85,20,R3,0.585448016647219,0.4938850469885689,0.142530257702682,0.2218132709916861,1022
1,102,23,R3,0.6339487561303504,0.5391518553402245,0.1353737838993798,0.8152809454110741,1022
1,118,25,R3,0.6806441505453658,0.7740093455223102,0.0923448978827731,0.4181699474821017,1022
1,70,26,R3,0.7109766913920925,0.8536783243972811,0.1804379345725631,0.5299530728576063,1022
1,107,27,R3,0.6812820777470582,0.7080984776661505,0.1333895670164487,0.7405882749224536,1022
1,88,29,R3,0.5097399933814042,0.6422642032683583,0.1391652290443805,0.5736920155900798,1022
2,67,0,R3,0.4802954859217232,0.5200569701532429,0.3138911094844788,0.6841201352950773,1022
2,51,1,R3,0.4847885324213919,0.6629654787127357,0.2269077488406858,0.3427559568020944,1022
2,54,2,R3,0.5851626313017093,0.7125300627325443,0.2297200398188911,0.8543929983155114,1022
2,4,3,R3,0.5457684090481024,0.4767167686042033,0.07249584136334,0.4941040932018202,1022
2,9,5,R3,0.7173298202502163,0.8403138498745757,0.113451714036801,0.3189445159950608,1022
2,71,8,R3,0.5243615436780417,0.5559242876125996,0.2842679480490678,0.7835903400443378,1022
2,57,9,R3,0.4843600380221826,0.380256809662601,0.1832333517676328,0.4688545193649556,1022
2,99,11,R3,0.4907633134363528,0.3736384840893142,0.1775460229290197,0.6425982670562953,1022
2,64,13,R3,0.3637731747343906,0.4099964329603435,0.205698248860055,0.3434585252051241,1022
2,29,17,R3,0.6344170655890424,0.8458222841669354,0.1922812320491909,0.3338816472763053,1022
2,24,18,R3,0.7709193212625665,0.952542928619486,0.0773133163962382,0.5863181792278421,1022
2,81,19,R3,0.5282878209222723,0.520897328421555,0.160636023934104,0.85807394873883,1022
2,104,21,R3,0.3549972209949124,0.5318673907059612,0.2598376192083801,0.4594106561450535,1022
2,111,23,R3,0.5336376150017328,0.5358509798796633,0.1412559177205926,0.6571298451382893,1022
2,89,24,R3,0.6053481601717673,0.6405829370133334,0.2250187320615791,0.6026191202901399,1022
2,115,25,R3,0.621728671970179,0.7906982555614733,0.0780396671532048,0.1934994688860092,1022
2,109,26,R3,0.7030278854035705,0.8518503598297079,0.2267240228825968,0.3244546142630783,1022
2,52,27,R3,0.443953183568746,0.5252786203045035,0.1722431172981473,0.2098527704108065,1022
2,98,28,R3,0.4813641979158715,0.4798771260907601,0.2847406420539251,0.6160383204609995,1022
2,90,29,R3,0.4971399406265868,0.4409103126328411,0.1645585354305727,0.7293449082388772,1022
3,72,4,R3,0.5974727458648126,0.6999973922370345,0.0297944262457269,0.5781168955145076,1022
3,59,6,R3,0.527422250285007,0.6067316282884897,0.1653405946244562,0.1353349770905096,1022
3,43,10,R3,0.4365932428633359,0.4077627152608688,0.1391518792816204,0.5288636002300419,1022
3,27,20,R3,0.4066718455714995,0.5850715933523634,0.1361597961709378,0.6410881515131753,1022
4,11,1,R3,0.5050571178606236,0.6410243522460013,0.2457077362719481,0.308820907472207,1022
4,80,11,R3,0.5131383569054381,0.4961996879848164,0.170397497977456,0.5365458110680824,1022
4,22,15,R3,0.3850865371171023,0.4638704228245405,0.2469688771271515,0.7444860715912878,1022
4,56,22,R3,0.3881925106755109,0.2531487039391776,0.1373085814038456,0.8444533889147585,1022
5,10,10,R3,0.4544749907619304,0.5208760442007425,0.1388838533123042,0.5942630759965318,1022
5,12,16,R3,0.5264187552595548,0.5198185652885501,0.1417838853137451,0.4012992746442409,1022
6,93,0,R3,0.390893093992739,0.3509136302153054,0.335991216605156,0.4867634840121695,1022
6,6,14,R3,0.470894971001744,0.5988755298480297,0.1025728997297936,0.5064468455349627,1022
1,118,1,R0,0.6073773574812307,0.457968077489595,0.1938634408994329,0.3716464476369253,1023
1,105,2,R0,0.6906660056515772,0.5401376908372884,0.1228649943091262,0.9376488003120962,1023
1,81,4,R0,0.6324833913452816,0.4921128298967445,0.3296805811521293,0.7807403855047401,1023
1,92,5,R0,0.5363048573347028,0.4672285919769906,0.0807350218843372,0.3167484838104066,1023
1,27,6,R0,0.6754628012558606,0.6967640874813341,0.2594114031683069,0.7098883937624005,1023
1,95,8,R0,0.6758120303207938,0.6957105861747485,0.3937383545785554,0.7185764474423397,1023
1,65,10,R0,0.6883521943246529,0.68185109697743,0.2368878040551867,0.6843822366077157,1023
1,21,11,R0,0.7994760422930349,0.8016312638564118,0.0752508919472992,0.5118672727327086,1023
1,42,12,R0,0.5448772786725404,0.6497557154943232,0.1464246694883988,0.8692433382747469,1023
1,60,13,R0,0.732722816935601,0.5775457912630761,0.1033632247560384,0.7802066874401195,1023
1,76,14,R0,0.6311750127229259,0.4603942748081191,0.0679655565500336,0.8474411164328065,1023
1,108,15,R0,0.6246977891698275,0.6959468456927007,0.0863996719211532,0.3964051710707023,1023
1,20,16,R0,0.7538641278751929,0.7107754847759574,0.122026547129637,0.6950190101943965,1023
1,31,17,R0,0.8067230114699853,0.9941704048299208,0.0852352433804116,0.674449040261649,1023
1,8,19,R0,0.6266860940646216,0.5115178341653324,0.2215455311516972,0.6394855326187328,1023
1,37,21,R0,0.7934754884703457,0.6477566192424119,0.3010175058996485,0.80802594556907,1023
1,83,22,R0,0.6052535551647332,0.451538992494255,0.3094147358660154,0.3892920636775577,1023
1,50,23,R0,0.5521438858369276,0.5550595452040895,0.2839829533524138,0.5800732899835686,1023
1,3,24,R0,0.6334828726563799,0.4033005951472201,0.0292902591290986,0.3310210021766453,1023
1,49,25,R0,0.8184413790455694,0.9482978052901216,0.1223903341750825,0.291607351143261,1023
1,33,26,R0,0.745740919227674,0.8128797159190113,0.2971825235421917,0.771902113948115,1023
1,9,27,R0,0.7067400444397088,0.7929801417881824,0.1376005909130175,0.5276670947384104,1023
1,14,28,R0,0.6249878760191229,0.6620681236194145,0.1066758160640291,0.4172448357967204,1023
1,26,29,R0,0.6679565309179578,0.6302477690327122,0.3273994765847789,0.4893073543186543,1023
2,32,0,R0,0.5734168796858208,0.4681554757311186,0.1047701778994695,0.7437182093671344,1023
2,2,1,R0,0.5456694642835866,0.4768262671138518,0.1934801440584282,0.2459112010646958,1023
2,15,4,R0,0.6520826777548726,0.6110855526667263,0.3237325044272983,0.3496372306116289,1023
2,39,5,R0,0.6278909958576275,0.6054120323858896,0.0771690921204608,0.4901581251182699,1023
2,69,8,R0,0.53749395673422,0.3874441816513801,0.43542620927836,0.3601071668826529,1023
2,36,9,R0,0.5465359694236189,0.4721040412838604,0.4334519592166707,0.6807637434038337,1023
2,77,12,R0,0.5578670798668228,0.4539106945035236,0.1545790536730034,0.5606460218532469,1023
2,61,13,R0,0.5694738342127582,0.5621792877268744,0.1070073482990388,0.7072360038830442,1023
2,46,14,R0,0.5693248341403352,0.5302717052042469,0.0694907706242167,0.6927170165852973,1023
2,104,16,R0,0.7698541576315985,0.8218007213668654,0.1210782241941931,0.548751876533359,1023
2,54,17,R0,0.8551397997194609,0.9163421724601328,0.087214724312421,0.4903876885175197,1023
2,116,18,R0,0.5289803371662444,0.3973592080921199,0.2866834353718129,0.6526431563889906,1023
2,71,19,R0,0.5566662434109656,0.5610610912925722,0.223720084842647,0.3104533674075299,1023
2,114,25,R0,0.6838879967248135,0.6606566932460392,0.1332915953479948,0.6858085528476294,1023
3,58,0,R0,0.6098624970280044,0.6431554445960748,0.100375195561174,0.217725734842259,1023
3,96,9,R0,0.5367390943867629,0.3900581855501281,0.4426223260597262,0.7026411281084084,1023
3,85,10,R0,0.5095974792655376,0.5594384046893226,0.2453898624111863,0.1391755788719756,1023
3,110,11,R0,0.5507769669382829,0.3769633013299358,0.0860589323321093,0.2421353003469251,1023
3,100,20,R0,0.4036771178969232,0.4147648702057649,0.0900256202696147,0.2396605580430774,1023
3,56,22,R0,0.6081747435647443,0.5073343926225236,0.3153611379443896,0.4983036341927866,1023
3,62,26,R0,0.6357619730236695,0.4484914657872455,0.3268311451432404,0.6086358759101957,1023
3,13,28,R0,0.4621516480097817,0.4528369369793055,0.1146062023529422,0.7564995160481701,1023
4,87,6,R0,0.502196071425139,0.2078160565711938,0.3083667526640578,0.7780858508098822,1023
4,43,7,R0,0.4910045166994242,0.6104198916623252,0.3459748225004097,0.2868102533036656,1023
4,88,20,R0,0.537624373135126,0.4043994892022757,0.0905902040176503,0.7536420206601607,1023
4,45,21,R0,0.5260899124378713,0.55879308311778,0.3084749808011682,0.508292012441889,1023
4,119,23,R0,0.4852245838522627,0.5819670573309108,0.2787612621905513,0.0919189509396515,1023
4,70,24,R0,0.5830469476469247,0.3958209508429025,0.029615115620555,0.4835420492651532,1023
4,48,27,R0,0.6512876391501732,0.434263371169411,0.1518819205461139,0.9351110444648024,1023
5,7,2,R0,0.5605626157347201,0.4110853382357347,0.130251072708799,0.4077078790003174,1023
5,41,3,R0,0.3765272755939042,0.2988857478122566,0.2929635417809954,0.2052724921402768,1023
6,16,7,R0,0.5278451920361009,0.470077862706047,0.3549731996285392,0.6407320191808228,1023
1,32,0,R1,0.537852664054559,0.4681554757311186,0.087912437818779,0.7437182093671344,1023
1,108,1,R1,0.5320451578013036,0.6314810651767119,0.1782162480178694,0.3964051710707023,1023
1,27,6,R1,0.6599913959804402,0.6967640874813341,0.1954186248075348,0.7098883937624005,1023
1,95,8,R1,0.5597579939878939,0.6957105861747485,0.3370243789106918,0.7185764474423397,1023
1,65,10,R1,0.6165845582870276,0.68185109697743,0.1849640504596759,0.6843822366077157,1023
1,21,11,R1,0.6193427179336277,0.8016312638564118,0.0613089780793309,0.5118672727327086,1023
1,60,13,R1,0.5789820481875871,0.5775457912630761,0.0850528918093591,0.7802066874401195,1023
1,118,15,R1,0.4835066535672642,0.4828587766601635,0.0880584102134987,0.3716464476369253,1023
1,68,16,R1,0.6612643495140775,0.8016719899784769,0.1086907794254018,0.5052035001459261,1023
1,31,17,R1,0.7741316312108688,0.9941704048299208,0.0569930084599392,0.674449040261649,1023
1,37,21,R1,0.6929699126045853,0.6477566192424119,0.2043688801696704,0.80802594556907,1023
1,83,22,R1,0.5485453700071935,0.451538992494255,0.3038672011089421,0.3892920636775577,1023
1,119,23,R1,0.4219721765766843,0.5806475027997751,0.2518347271956899,0.0919189509396515,1023
1,3,24,R1,0.4991310432856377,0.4033005951472201,0.0301215657133579,0.3310210021766453,1023
1,49,25,R1,0.7847384596382018,0.9482978052901216,0.0998684469745721,0.291607351143261,1023
1,54,26,R1,0.6612135250046327,0.6551797586346668,0.2532400767183373,0.4903876885175197,1023
1,9,27,R1,0.6134519806619335,0.7929801417881824,0.1126423138108739,0.5276670947384104,1023
1,14,28,R1,0.684518861415897,0.6620681236194145,0.0984723369750352,0.4172448357967204,1023
1,26,29,R1,0.545702914414076,0.6302477690327122,0.2837147488270397,0.4893073543186543,1023
2,58,0,R1,0.5754145369044115,0.6431554445960748,0.1051565040380733,0.217725734842259,1023
2,2,1,R1,0.4069961172164851,0.4768262671138518,0.1740439527080383,0.2459112010646958,1023
2,105,2,R1,0.5422840486573871,0.5434720773601929,0.0937237289611269,0.9376488003120962,1023
2,81,4,R1,0.5785408213670807,0.4921128298967445,0.2782044129465958,0.7807403855047401,1023
2,87,6,R1,0.3880984900381938,0.2054674524015304,0.2777868790825828,0.7780858508098822,1023
2,43,7,R1,0.4404755398158053,0.6071163112902344,0.329789174911354,0.2868102533036656,1023
2,0,8,R1,0.4730794417696796,0.7553279562314219,0.3378252222139538,0.6390533749852121,1023
2,36,9,R1,0.5745793582130646,0.4721040412838604,0.3613549265546331,0.6807637434038337,1023
2,30,10,R1,0.528359814736755,0.4683729924018535,0.2263501637575109,0.6943850452826009,1023
2,50,11,R1,0.695114573698558,0.644982070377482,0.0644097824438009,0.5800732899835686,1023
2,46,14,R1,0.4658859648720635,0.524994743579853,0.0576687685609152,0.6927170165852973,1023
2,104,16,R1,0.69549684168002,0.8218007213668654,0.0960851064442561,0.548751876533359,1023
2,61,19,R1,0.5326616153142079,0.5711372840839004,0.189026275096256,0.7072360038830442,1023
2,70,20,R1,0.5144739570452216,0.4390599720143007,0.0772647696204077,0.4835420492651532,1023
2,56,22,R1,0.5180827770600852,0.5009812506141836,0.284395257232275,0.4983036341927866,1023
2,89,25,R1,0.7085460301388441,0.7199947610056916,0.1091889252011113,0.5351243297462139,1023
2,33,26,R1,0.702649160369004,0.8128797159190113,0.1999111869308975,0.771902113948115,1023
2,48,27,R1,0.5673205705605876,0.431188569559552,0.124415976873995,0.9351110444648024,1023
2,13,28,R1,0.5701573964538714,0.4558732016030593,0.102287486339015,0.7564995160481701,1023
3,80,4,R1,0.5370945242608738,0.5318739544880582,0.2679046909140414,0.5867072939601853,1023
3,39,5,R1,0.5634024191839706,0.6006658594632146,0.0673275477667406,0.4901581251182699,1023
3,16,7,R1,0.5087298875210502,0.470077862706047,0.2901589757378545,0.6407320191808228,1023
3,12,13,R1,0.4770481281526381,0.4657078813351061,0.0933250292120453,0.5407791276351372,1023
3,76,14,R1,0.5170281254113925,0.463950750978149,0.0563791025367849,0.8474411164328065,1023
3,45,21,R1,0.5004948132782883,0.5560507162669731,0.2607325489956049,0.508292012441889,1023
3,93,29,R1,0.4277454508301093,0.5068743244916298,0.2958783198038301,0.635955863053135,1023
4,106,5,R1,0.4979454904823149,0.4855029734266196,0.0773346836516995,0.2225977313511554,1023
4,42,12,R1,0.5292757490621525,0.6497557154943232,0.1119747491404372,0.8692433382747469,1023
4,24,17,R1,0.5104254001031282,0.5165900866481733,0.0894240671943774,0.5853766060050549,1023
4,88,20,R1,0.4349381477515804,0.4173727987436147,0.0809661765422108,0.7536420206601607,1023
5,77,12,R1,0.5474695221127246,0.4609272347113469,0.1266136514074119,0.5606460218532469,1023
5,35,19,R1,0.4918029559274201,0.4984117698444048,0.2043001440890392,0.5458361188369479,1023
6,7,2,R1,0.4516360929912309,0.4118133408602631,0.129992923948029,0.4077078790003174,1023
6,96,9,R1,0.4733669999046622,0.3928800370609097,0.3872559382406267,0.7026411281084084,1023
6,11,23,R1,0.4224809137599361,0.4406648353505933,0.2912465887716274,0.5903845051734059,1023
1,32,0,R2,0.5868522180160665,0.4681554757311186,0.087912437818779,0.7437182093671344,1023
1,108,1,R2,0.5154072418671591,0.6314810651767119,0.1782162480178694,0.3964051710707023,1023
1,105,2,R2,0.6075166742816271,0.5401376908372884,0.0937308915021282,0.9376488003120962,1023
1,14,3,R2,0.6368861742447363,0.669164588652827,0.2425660112005794,0.4172448357967204,1023
1,81,4,R2,0.6390566934566425,0.4921128298967445,0.2782044129465958,0.7807403855047401,1023
1,39,5,R2,0.5420269485427591,0.6006658594632146,0.0674908580076178,0.4901581251182699,1023
1,27,6,R2,0.6113606379669883,0.6967640874813341,0.1954186248075348,0.7098883937624005,1023
1,95,8,R2,0.533338313530595,0.6957105861747485,0.3370243789106918,0.7185764474423397,1023
1,65,10,R2,0.650451472277884,0.68185109697743,0.1849640504596759,0.6843822366077157,1023
1,21,11,R2,0.8054742820720412,0.8016312638564118,0.0613089780793309,0.5118672727327086,1023
1,60,13,R2,0.543394118355874,0.5775457912630761,0.0850528918093591,0.7802066874401195,1023
1,2,15,R2,0.4934635813807504,0.518720613795413,0.0824979915305301,0.2459112010646958,1023
1,20,16,R2,0.6533522350897103,0.7107754847759574,0.1022368590544545,0.6950190101943965,1023
1,31,17,R2,0.9136020874388638,0.9941704048299208,0.0569930084599392,0.674449040261649,1023
1,109,18,R2,0.385512520539791,0.2617001314257174,0.2887412156842056,0.4689859769785212,1023
1,37,21,R2,0.7845745306542842,0.6477566192424119,0.2043688801696704,0.80802594556907,1023
1,49,25,R2,0.7937457823064339,0.9482978052901216,0.0998684469745721,0.291607351143261,1023
1,33,26,R2,0.6957029940786555,0.8128797159190113,0.1999111869308975,0.771902113948115,1023
1,9,27,R2,0.6274630882219159,0.7929801417881824,0.1126423138108739,0.5276670947384104,1023
1,13,28,R2,0.5032409179982867,0.4513773692469796,0.1026476073634557,0.7564995160481701,1023
2,58,0,R2,0.5728664577276601,0.6431554445960748,0.1051565040380733,0.217725734842259,1023
2,19,2,R2,0.5018711096264891,0.4847581186091794,0.1072868661409206,0.2079271199020607,1023
2,16,5,R2,0.4667916948757433,0.4201393873147728,0.0712336927443461,0.6407320191808228,1023
2,43,7,R2,0.4517659917656066,0.6071163112902344,0.329789174911354,0.2868102533036656,1023
2,116,8,R2,0.5286592715227802,0.4378986826570319,0.3690269502647473,0.6526431563889906,1023
2,36,9,R2,0.550638613738225,0.4802719432166381,0.3604519059230121,0.6807637434038337,1023
2,30,10,R2,0.5758430094375573,0.4658630222124534,0.2266083033261167,0.6943850452826009,1023
2,50,11,R2,0.5626314074751885,0.644982070377482,0.0644097824438009,0.5800732899835686,1023
2,61,13,R2,0.6404131962911576,0.5565404084576199,0.092876482101669,0.7072360038830442,1023
2,76,14,R2,0.4783996819854184,0.4606133254770744,0.0564094858117789,0.8474411164328065,1023
2,104,16,R2,0.6355054043767778,0.8287981060058847,0.0956750486528877,0.548751876533359,1023
2,54,17,R2,0.6908220519118915,0.922631520538023,0.0742918808184479,0.4903876885175197,1023
2,56,22,R2,0.5361077935549169,0.5105119349371416,0.282748272803142,0.4983036341927866,1023
2,114,25,R2,0.6379207192251285,0.6648049153969812,0.1080660444784139,0.6858085528476294,1023
2,52,27,R2,0.5996019233898926,0.6457265770768841,0.1122338264848554,0.8994237809661066,1023
2,26,29,R2,0.5538647547920633,0.6302477690327122,0.2837147488270397,0.4893073543186543,1023
3,15,4,R2,0.5502990718502745,0.6276864991031528,0.3059551814270539,0.3496372306116289,1023
3,46,14,R2,0.5942446057240135,0.5296127411213521,0.0575845433632781,0.6927170165852973,1023
3,118,15,R2,0.5395037802388423,0.4856037076994987,0.0878851135861494,0.3716464476369253,1023
3,8,19,R2,0.5484723492981195,0.5121858665229878,0.2024243101757172,0.6394855326187328,1023
3,45,21,R2,0.4906758579823699,0.5560507162669731,0.2607325489956049,0.508292012441889,1023
3,83,22,R2,0.4759234268604803,0.4626353854834616,0.3032207614814495,0.3892920636775577,1023
3,24,26,R2,0.585961603239683,0.7439172594144823,0.2441507560499277,0.5853766060050549,1023
4,96,9,R2,0.464467971372992,0.4069619784842122,0.3854875160538982,0.7026411281084084,1023
4,103,19,R2,0.5098591214477123,0.5009102757303979,0.2104314256770774,0.2603479022441662,1023
4,63,28,R2,0.4074584867713711,0.5994994827148041,0.0834855084547012,0.9353691678834644,1023
5,42,12,R2,0.5278956977237754,0.6619883227101986,0.111896272713951,0.8692433382747469,1023
5,88,24,R2,0.5308877540776399,0.4253256093818482,0.0269884415353164,0.7536420206601607,1023
5,93,29,R2,0.4726796564476216,0.5372543422813179,0.2936246931870143,0.635955863053135,1023
1,32,0,R3,0.5669871446021677,0.4681554757311186,0.087912437818779,0.7437182093671344,1023
1,118,1,R3,0.4562029247256141,0.457968077489595,0.1858923179850674,0.3716464476369253,1023
1,105,2,R3,0.5276196341951421,0.5401376908372884,0.0937308915021282,0.9376488003120962,1023
1,14,3,R3,0.6156319625560465,0.669164588652827,0.2425660112005794,0.4172448357967204,1023
1,81,4,R3,0.5726233025341123,0.4921128298967445,0.2782044129465958,0.7807403855047401,1023
1,39,5,R3,0.5285324624510349,0.6006658594632146,0.0674908580076178,0.4901581251182699,1023
1,27,6,R3,0.6151742629541754,0.6967640874813341,0.1954186248075348,0.7098883937624005,1023
1,16,7,R3,0.4544960034806204,0.470077862706047,0.2901589757378545,0.6407320191808228,1023
1,116,8,R3,0.5581569167625107,0.4355095698205402,0.3692707127346136,0.6526431563889906,1023
1,96,9,R3,0.4390403599905487,0.3900581855501281,0.3875542900506555,0.7026411281084084,1023
1,21,11,R3,0.6658774594376372,0.8016312638564118,0.0613089780793309,0.5118672727327086,1023
1,42,12,R3,0.6320177531501063,0.6497557154943232,0.1120024104174164,0.8692433382747469,1023
1,60,13,R3,0.5582956172500678,0.5775457912630761,0.0850528918093591,0.7802066874401195,1023
1,108,15,R3,0.6445446975831053,0.6959468456927007,0.0843718152801536,0.3964051710707023,1023
1,1,16,R3,0.6996275557856686,0.7356758935628809,0.0924006016766616,0.4461660642652253,1023
1,31,17,R3,0.775121967286361,0.9941704048299208,0.0569930084599392,0.674449040261649,1023
1,37,21,R3,0.690650208703733,0.6477566192424119,0.2043688801696704,0.80802594556907,1023
1,83,22,R3,0.5434584120614635,0.451538992494255,0.3038672011089421,0.3892920636775577,1023
1,9,27,R3,0.6514382852133439,0.7929801417881824,0.1126423138108739,0.5276670947384104,1023
1,26,29,R3,0.5410154116791204,0.6302477690327122,0.2837147488270397,0.4893073543186543,1023
2,2,1,R3,0.4625325529194592,0.4768262671138518,0.1741236696545241,0.2459112010646958,1023
2,19,2,R3,0.4957143218323977,0.4807597204200853,0.1072934520499733,0.2079271199020607,1023
2,15,4,R3,0.5409386912893249,0.6169928851709996,0.3069302979189086,0.3496372306116289,1023
2,95,8,R3,0.5486555243211325,0.6987517465786262,0.3370041765182744,0.7185764474423397,1023
2,61,13,R3,0.5307420940157125,0.5611794922745523,0.092737496932659,0.7072360038830442,1023
2,76,14,R3,0.5955752921228303,0.4681892268862645,0.0562091181400645,0.8474411164328065,1023
2,104,16,R3,0.7562023061591916,0.8329359647873341,0.0947010008205536,0.548751876533359,1023
2,62,17,R3,0.5342790478130508,0.4711399761165395,0.0858002893695236,0.6086358759101957,1023
2,8,19,R3,0.5272876952243803,0.5115178341653324,0.2020697236129654,0.6394855326187328,1023
2,56,22,R3,0.5121981462357105,0.5009812506141836,0.284395257232275,0.4983036341927866,1023
2,50,23,R3,0.5411590907250746,0.5550595452040895,0.2214371101852562,0.5800732899835686,1023
2,49,25,R3,0.7709826778898732,0.9482978052901216,0.0998684469745721,0.291607351143261,1023
2,33,26,R3,0.7039770135518367,0.8128797159190113,0.1999111869308975,0.771902113948115,1023
2,45,27,R3,0.4844689972874494,0.4636282021082957,0.1359534385312059,0.508292012441889,1023
3,58,0,R3,0.459780957710474,0.6596870312979899,0.1039791826898732,0.217725734842259,1023
3,97,7,R3,0.4038077341038799,0.1916546818511423,0.3815616354517341,0.6138740523827166,1023
3,65,10,R3,0.6058489254533211,0.6847027077826586,0.1847837777304695,0.6843822366077157,1023
3,78,11,R3,0.4072733963412639,0.4049619623540211,0.0765954641650134,0.8734032295084064,1023
3,77,12,R3,0.5652479875730578,0.4561167627973072,0.1269162593040441,0.5606460218532469,1023
3,70,20,R3,0.4369607236184984,0.4447378247351148,0.0770089367177078,0.4835420492651532,1023
3,112,21,R3,0.4368936109827254,0.4551657498630683,0.2904945998127948,0.6046526735438935,1023
3,114,25,R3,0.6556815190033721,0.6639813443481579,0.1081325876315841,0.6858085528476294,1023
3,24,26,R3,0.6807935618298314,0.7439172594144823,0.2441507560499277,0.5853766060050549,1023
3,13,28,R3,0.5407138924552567,0.4513773692469796,0.1026476073634557,0.7564995160481701,1023
4,92,5,R3,0.478304198032856,0.4699775034055896,0.0754806050583477,0.3167484838104066,1023
4,36,9,R3,0.5991997127112855,0.4721040412838604,0.3613549265546331,0.6807637434038337,1023
4,30,10,R3,0.4925955902689665,0.4990572444832654,0.2043227903727513,0.6943850452826009,1023
4,35,19,R3,0.4899703499508369,0.505993945222377,0.2028637607655214,0.5458361188369479,1023
5,46,14,R3,0.557123656931011,0.5423237482004654,0.0538528643633639,0.6927170165852973,1023
5,63,28,R3,0.5508170438937442,0.5994994827148041,0.0834288538376695,0.9353691678834644,1023
6,119,23,R3,0.4792465878302552,0.5912338053569577,0.2483307324479158,0.0919189509396515,1023
6,88,24,R3,0.4508620927795851,0.4485059407914535,0.0240385509265654,0.7536420206601607,1023
6,93,29,R3,0.4115367491834593,0.5143405943217092,0.2942901456704235,0.635955863053135,1023
1,82,0,R0,0.6383162933868525,0.7016784820999348,0.0867082608055171,0.9356749038459272,1024
1,46,1,R0,0.7728041811108303,0.6794522599056729,0.2060793874351058,0.7713166500687044,1024
1,56,2,R0,0.737785663434622,0.8905459291656765,0.1184565746259915,0.5458613302882013,1024
1,107,3,R0,0.6554485485521305,0.8701034475948558,0.2859676543000495,0.5117790710807895,1024
1,35,7,R0,0.6845183458270845,0.5524733375824928,0.1347720407459055,0.2640869031129131,1024
1,90,8,R0,0.8157102209164624,0.8213840932081433,0.0560695095906903,0.7223337801302998,1024
1,44,9,R0,0.8169650716304646,0.7089492277271026,0.0615624571773409,0.4955615220405924,1024
1,37,10,R0,0.6306439051032374,0.7277676819921011,0.1401882996611478,0.2472956151639736,1024
1,84,11,R0,0.7125048699832628,0.7919268055241484,0.0686631051586296,0.3990025048293881,1024
1,94,12,R0,0.6693188853061893,0.7273768306746232,0.167286407831097,0.4394606324188972,1024
1,65,13,R0,0.5710574854262969,0.5448138542398104,0.3919148193352202,0.6665952507762644,1024
1,4,16,R0,0.5178095825456717,0.3427870581044172,0.1489665407694292,0.7262683882930611,1024
1,30,18,R0,0.4115622926793176,0.2397064663641447,0.2272574731650766,0.488711444563923,1024
1,80,19,R0,0.6660315481330215,0.5497054981070808,0.1938788825636802,0.861916751549918,1024
1,88,22,R0,0.8146163965922295,0.6297155300710515,0.2164536934139077,0.79559025454687,1024
1,17,23,R0,0.5823553199757423,0.5443649044005128,0.3004731410437686,0.1886259403402857,1024
1,83,24,R0,0.5221426655478141,0.432998093229289,0.3303465710779016,0.6087152872286841,1024
1,23,25,R0,0.6315883490494162,0.530202539193293,0.1872241485145737,0.2735728771614881,1024
1,15,26,R0,0.4621765229641902,0.2443095478635835,0.1289856649412027,0.829020721170833,1024
1,53,27,R0,0.7408185874175114,0.701782258562055,0.2656344665194851,0.6318476941602701,1024
1,106,28,R0,0.7113929496364698,0.7689699180815619,0.3018625998295362,0.5194783631892242,1024
1,11,29,R0,0.6193454587963021,0.74056672514293,0.3693854920610329,0.5248011339354619,1024
2,12,1,R0,0.4994165556677412,0.4525892347151673,0.216248796697947,0.7740346541872438,1024
2,59,2,R0,0.5944056436518178,0.6013609326042781,0.1268884755527757,0.8449454870530461,1024
2,109,6,R0,0.6140853875129724,0.4851332571638306,0.2945705787341421,0.7000590834247449,1024
2,58,7,R0,0.5153450356253637,0.3910825615036333,0.1418911203321251,0.875986871966326,1024
2,81,8,R0,0.854127860382357,0.798143830673605,0.0547101079966773,0.5565649802049354,1024
2,104,9,R0,0.4902829811960947,0.6134367827858019,0.0636589126363613,0.1471837138749158,1024
2,22,11,R0,0.7154217697575509,0.6751990741735271,0.0714613435961224,0.5439011021679807,1024
2,51,12,R0,0.6571029831355516,0.7166165086022735,0.1669737918436689,0.2107313100722315,1024
2,6,15,R0,0.6429903297678943,0.6741518893230638,0.3069436053865239,0.629511079127607,1024
2,66,16,R0,0.5400196558501879,0.5389653410735515,0.1374055844051924,0.3327335686938085,1024
2,21,17,R0,0.5101603358005827,0.3705343505759615,0.1930969212384381,0.341619738312937,1024
2,54,19,R0,0.6678660927243222,0.7851466330649615,0.1819378160616306,0.1596764578785979,1024
2,63,22,R0,0.5642837426480565,0.50550326797695,0.2253953580386554,0.601747884457139,1024
2,98,24,R0,0.5583755809458112,0.6437055133778065,0.3080809110412035,0.6522072483298234,1024
2,74,25,R0,0.6115210922370506,0.714884812566331,0.1793340609831381,0.8233559707166223,1024
2,96,27,R0,0.5599143310532286,0.6820397873951161,0.2721146228001742,0.6110751314979818,1024
2,95,28,R0,0.6302378735360655,0.6411376750642552,0.3157851291809997,0.4530987467736138,1024
2,101,29,R0,0.5921448218564617,0.6823735647687701,0.3759754126604623,0.4905535824540435,1024
3,108,0,R0,0.5788981094282403,0.432275602090168,0.0914296687814292,0.7771027358038719,1024
3,100,5,R0,0.4652683141461923,0.643519649052789,0.0428228773457977,0.5124408657631789,1024
3,60,6,R0,0.598653053817144,0.6364013758573778,0.2779231587567025,0.7247205429116492,1024
3,103,10,R0,0.6253174848850084,0.425906575876055,0.1545200134422776,0.4504350037003579,1024
3,31,14,R0,0.6383630530991217,0.594794771077154,0.2127510342084997,0.8220156869448978,1024
4,114,4,R0,0.4119098517077207,0.3527753363667258,0.0485836095874091,0.4431843340728209,1024
4,75,5,R0,0.5157757678242771,0.2973870894100048,0.0483731342876655,0.5493442886187643,1024
4,29,15,R0,0.507659272590432,0.4696005793762304,0.3282250988068019,0.066398597830591,1024
4,33,18,R0,0.3135854940023017,0.3996745297713441,0.2139430417136745,0.4836888596121378,1024
4,105,21,R0,0.3911562731116201,0.4425162798140181,0.287917870382615,0.5352270947185489,1024
4,38,23,R0,0.476860563840414,0.339877286235658,0.3191430400645257,0.8632869337590139,1024
1,46,1,R1,0.6692521996271215,0.6794522599056729,0.1550815258683343,0.7713166500687044,1024
1,56,2,R1,0.813843166294737,0.8905459291656765,0.0842400532574528,0.5458613302882013,1024
1,107,3,R1,0.6300822695044205,0.8701034475948558,0.2384762273264349,0.5117790710807895,1024
1,60,6,R1,0.5716408496868114,0.6364013758573778,0.207493192279709,0.7247205429116492,1024
1,81,8,R1,0.7340754609043822,0.798143830673605,0.0433964600778291,0.5565649802049354,1024
1,44,9,R1,0.635409157966979,0.7089492277271026,0.0537657481464609,0.4955615220405924,1024
1,37,10,R1,0.5682996725767112,0.7277676819921011,0.1213826832703708,0.2472956151639736,1024
1,84,11,R1,0.685803340395319,0.7919268055241484,0.0585319909225849,0.3990025048293881,1024
1,94,12,R1,0.5802794257186014,0.7273768306746232,0.1489910888742039,0.4394606324188972,1024
1,65,13,R1,0.4863035883116041,0.5448138542398104,0.3676274996792784,0.6665952507762644,1024
1,31,14,R1,0.6632026930107283,0.594794771077154,0.156238501804192,0.8220156869448978,1024
1,6,15,R1,0.6675684305916566,0.6741518893230638,0.2331633632661496,0.629511079127607,1024
1,21,17,R1,0.430685371195158,0.3705343505759615,0.1751562664314978,0.341619738312937,1024
1,75,18,R1,0.3927052598762718,0.2696829022276795,0.2180363208823309,0.5493442886187643,1024
1,54,19,R1,0.5938888919333516,0.7822770773346943,0.1628926276539922,0.1596764578785979,1024
1,66,21,R1,0.571784559266425,0.6975787161771839,0.2336225409674164,0.3327335686938085,1024
1,88,22,R1,0.6402190992539333,0.6297155300710515,0.1736644638776703,0.79559025454687,1024
1,17,23,R1,0.510440907845663,0.5443649044005128,0.2777094882760546,0.1886259403402857,1024
1,74,25,R1,0.6459993149612453,0.714884812566331,0.1509335639688669,0.8233559707166223,1024
1,53,27,R1,0.6996626409250409,0.701782258562055,0.2041729865328281,0.6318476941602701,1024
1,95,28,R1,0.558313268044028,0.6403212994489342,0.2454252472336981,0.4530987467736138,1024
2,82,0,R1,0.6160900032468127,0.7016784820999348,0.062999770946697,0.9356749038459272,1024
2,59,2,R1,0.6351699382629129,0.6013609326042781,0.1019386425356081,0.8449454870530461,1024
2,100,5,R1,0.5091587420469774,0.643519649052789,0.0369508402468364,0.5124408657631789,1024
2,109,6,R1,0.6110497717012635,0.4851332571638306,0.2415211807285809,0.7000590834247449,1024
2,98,8,R1,0.7812566171545737,0.8278540261257197,0.0452857053247531,0.6522072483298234,1024
2,104,9,R1,0.5969507877996176,0.6134367827858019,0.0674601351068501,0.1471837138749158,1024
2,71,10,R1,0.4398717155776438,0.4133609415487318,0.142771980845754,0.7494135674949387,1024
2,22,11,R1,0.5808731358377375,0.6751990741735271,0.0623055351378972,0.5439011021679807,1024
2,52,12,R1,0.5841777214898867,0.6390427997395568,0.1473844143457804,0.4846626255863705,1024
2,92,16,R1,0.4028869105767145,0.3873767961890372,0.1199726640732477,0.7957413575888331,1024
2,80,19,R1,0.5700478562943048,0.5507308454194502,0.1515688784382013,0.861916751549918,1024
2,90,24,R1,0.6407351218931379,0.8013322338526342,0.2423647594297242,0.7223337801302998,1024
2,15,26,R1,0.3600216457585234,0.2485926250758755,0.1233240146932268,0.829020721170833,1024
2,96,27,R1,0.5913622025347951,0.683792957428456,0.2229797912002424,0.6110751314979818,1024
2,106,28,R1,0.5212744015286653,0.7689699180815619,0.280823022766318,0.5194783631892242,1024
2,11,29,R1,0.609391235404467,0.7420967428222156,0.2831682783602667,0.5248011339354619,1024
3,39,17,R1,0.3752750530697336,0.2738354420011053,0.1965343383405972,0.2889769174742052,1024
3,4,21,R1,0.5428909544897734,0.610498666904426,0.2128641057014252,0.7262683882930611,1024
3,63,22,R1,0.5435447933655312,0.50550326797695,0.1871351248225179,0.601747884457139,1024
3,51,23,R1,0.5329421170754052,0.6615610042087641,0.2716453089894314,0.2107313100722315,1024
3,117,25,R1,0.4605338524278359,0.5859812526096138,0.1526323800946627,0.5536198205153657,1024
4,108,0,R1,0.5328976467454927,0.4303360464227628,0.072921661665557,0.7771027358038719,1024
4,105,15,R1,0.4354399001049551,0.4581703810481989,0.2877656225887261,0.5352270947185489,1024
4,12,18,R1,0.5389021904242105,0.6520466533261499,0.1621094825970561,0.7740346541872438,1024
4,50,24,R1,0.4669534860628934,0.4074896168601739,0.3040616439474311,0.5235705616069991,1024
4,101,29,R1,0.5329648996752686,0.6867208489351706,0.3209879105978547,0.4905535824540435,1024
5,114,4,R1,0.4261841546270512,0.3527753363667258,0.0471660756981154,0.4431843340728209,1024
5,57,16,R1,0.4533723084508069,0.4255634945814172,0.1268620925558994,0.601598599252156,1024
6,77,3,R1,0.4692907317885388,0.4751986152313078,0.2817881115022023,0.59459799621301,1024
6,58,7,R1,0.5962330895034171,0.3974060418757998,0.118197802887046,0.875986871966326,1024
6,93,14,R1,0.351706081407564,0.2826155506635486,0.2279606998091502,0.8402056519665938,1024
1,108,0,R2,0.6139860693877455,0.4303360464227628,0.072921661665557,0.7771027358038719,1024
1,56,2,R2,0.7121777871774768,0.8905459291656765,0.0842400532574528,0.5458613302882013,1024
1,107,3,R2,0.6238749210856552,0.8701034475948558,0.2384762273264349,0.5117790710807895,1024
1,90,8,R2,0.7426965683314972,0.8213840932081433,0.0433835786370269,0.7223337801302998,1024
1,31,9,R2,0.6881631864539779,0.6949285550024193,0.0474546421385532,0.8220156869448978,1024
1,37,10,R2,0.5418138393746518,0.7277676819921011,0.1213826832703708,0.2472956151639736,1024
1,22,11,R2,0.6417398534551939,0.6751990741735271,0.0623055351378972,0.5439011021679807,1024
1,51,12,R2,0.637921606153994,0.7166165086022735,0.1600823044012255,0.2107313100722315,1024
1,65,13,R2,0.4835282410466526,0.5448138542398104,0.3676274996792784,0.6665952507762644,1024
1,109,14,R2,0.4754047585157046,0.5144597971357778,0.1855922404238466,0.7000590834247449,1024
1,6,15,R2,0.6059987637435152,0.6741518893230638,0.2331633632661496,0.629511079127607,1024
1,21,17,R2,0.4205713099857254,0.3705343505759615,0.1751562664314978,0.341619738312937,1024
1,80,19,R2,0.5838514747924043,0.5497054981070808,0.1517240755158722,0.861916751549918,1024
1,53,20,R2,0.4984253575030176,0.4813303373950419,0.1837087418535761,0.6318476941602701,1024
1,88,22,R2,0.5605175634342916,0.6297155300710515,0.1736644638776703,0.79559025454687,1024
1,98,24,R2,0.5885655198819886,0.6437055133778065,0.2693294177638507,0.6522072483298234,1024
1,74,25,R2,0.5178050240064005,0.714884812566331,0.1509335639688669,0.8233559707166223,1024
1,96,27,R2,0.6043331372390205,0.6820397873951161,0.2239956771444311,0.6110751314979818,1024
1,95,28,R2,0.5624968465061149,0.6403212994489342,0.2454252472336981,0.4530987467736138,1024
1,11,29,R2,0.5538837730413808,0.74056672514293,0.2837261504583613,0.5248011339354619,1024
2,82,0,R2,0.57135005793909,0.7078477327300903,0.0630594254810779,0.9356749038459272,1024
2,46,1,R2,0.6542517105676902,0.6972862001122472,0.1548939766925032,0.7713166500687044,1024
2,59,2,R2,0.6537314889990564,0.6081152654844337,0.1018034204941799,0.8449454870530461,1024
2,60,6,R2,0.6350106051399009,0.6454511257183065,0.2069814130085805,0.7247205429116492,1024
2,35,7,R2,0.5768111966743732,0.5524733375824928,0.1249377426463415,0.2640869031129131,1024
2,81,8,R2,0.7875363108708746,0.8111975681530438,0.043228105408227,0.5565649802049354,1024
2,44,9,R2,0.620351170176824,0.7112899868320752,0.0537657481464609,0.4955615220405924,1024
2,84,11,R2,0.622180625063854,0.7919268055241484,0.0585319909225849,0.3990025048293881,1024
2,17,12,R2,0.5230582638038924,0.4807545547081148,0.1645399915100166,0.1886259403402857,1024
2,12,18,R2,0.5450172788278904,0.6520466533261499,0.1621094825970561,0.7740346541872438,1024
2,66,21,R2,0.5490451452509708,0.7038234621827928,0.2336225409674164,0.3327335686938085,1024
2,63,22,R2,0.5190134462994294,0.5117330664061894,0.1868430820516589,0.601747884457139,1024
2,101,29,R2,0.5168529926386424,0.6823735647687701,0.3220513255274121,0.4905535824540435,1024
3,99,1,R2,0.406458304248434,0.4161344113764406,0.2119879844973225,0.1507958190777412,1024
3,100,5,R2,0.5838197679060502,0.6513297197910538,0.0369021029763034,0.5124408657631789,1024
3,4,21,R2,0.5448962688034183,0.6140586271415581,0.2129945759072462,0.7262683882930611,1024
3,33,24,R2,0.4241525569701339,0.5106887031504624,0.3020226288907496,0.4836888596121378,1024
3,117,25,R2,0.4812492230747316,0.6003646494731721,0.1521153018218089,0.5536198205153657,1024
3,106,28,R2,0.563270068833901,0.7689699180815619,0.280823022766318,0.5194783631892242,1024
4,58,7,R2,0.5330042265240114,0.3979443069356068,0.1184000512990158,0.875986871966326,1024
4,92,16,R2,0.4816888639574656,0.4092301034192213,0.1193947511055294,0.7957413575888331,1024
4,54,19,R2,0.4823903626678649,0.7917649743231594,0.1621153096498296,0.1596764578785979,1024
4,0,26,R2,0.403208029947409,0.3005120677885831,0.1182051033104743,0.6017125386817873,1024
5,94,6,R2,0.5235333510197164,0.7286602622217337,0.2333172338864411,0.4394606324188972,1024
6,15,20,R2,0.4275948554755912,0.4680153480908032,0.2066909605072936,0.829020721170833,1024
1,46,1,R3,0.5971314789029801,0.6794522599056729,0.1550815258683343,0.7713166500687044,1024
1,56,2,R3,0.7574556123135844,0.8905459291656765,0.0842400532574528,0.5458613302882013,1024
1,107,3,R3,0.6062788755249394,0.8701034475948558,0.2384762273264349,0.5117790710807895,1024
1,100,5,R3,0.4321461087516133,0.643519649052789,0.0369508402468364,0.5124408657631789,1024
1,109,6,R3,0.5959942438020576,0.4851332571638306,0.2415211807285809,0.7000590834247449,1024
1,35,7,R3,0.5832998811345451,0.5524733375824928,0.1249377426463415,0.2640869031129131,1024
1,98,8,R3,0.7580180274715044,0.8278540261257197,0.0452857053247531,0.6522072483298234,1024
1,31,9,R3,0.6318355868518456,0.6949285550024193,0.0474546421385532,0.8220156869448978,1024
1,37,10,R3,0.6165713793587964,0.7277676819921011,0.1213826832703708,0.2472956151639736,1024
1,22,11,R3,0.5593575948836976,0.6751990741735271,0.0623055351378972,0.5439011021679807,1024
1,6,15,R3,0.6795604892338827,0.6741518893230638,0.2331633632661496,0.629511079127607,1024
1,80,19,R3,0.6217044895842667,0.5497054981070808,0.1517240755158722,0.861916751549918,1024
1,66,21,R3,0.6201944814865424,0.6975787161771839,0.2336225409674164,0.3327335686938085,1024
1,63,22,R3,0.5721603102170766,0.50550326797695,0.1871351248225179,0.601747884457139,1024
1,51,23,R3,0.5330884343964076,0.6615610042087641,0.2716453089894314,0.2107313100722315,1024
1,74,25,R3,0.5199185464112539,0.714884812566331,0.1509335639688669,0.8233559707166223,1024
1,53,27,R3,0.6724526533241479,0.701782258562055,0.2041729865328281,0.6318476941602701,1024
1,95,28,R3,0.6249154957169238,0.6403212994489342,0.2454252472336981,0.4530987467736138,1024
1,11,29,R3,0.5993092145292078,0.74056672514293,0.2837261504583613,0.5248011339354619,1024
2,82,0,R3,0.6116191225485315,0.7156049326589053,0.0623199490969604,0.9356749038459272,1024
2,60,6,R3,0.5868147730001048,0.6408079411832686,0.2070152596650561,0.7247205429116492,1024
2,90,8,R3,0.690646429525783,0.8246470996790232,0.0431356320626149,0.7223337801302998,1024
2,44,9,R3,0.6023545100432736,0.7182455026674022,0.0536275868108611,0.4955615220405924,1024
2,76,10,R3,0.4156838813877954,0.4546692536629058,0.1394814379021222,0.7504878661567623,1024
2,84,11,R3,0.5975711847956993,0.8000719625532425,0.0580311594725208,0.3990025048293881,1024
2,88,12,R3,0.6750894127961704,0.7137866686023668,0.1375698079314792,0.79559025454687,1024
2,65,13,R3,0.5120922943517235,0.5638856957536093,0.3619915488802713,0.6665952507762644,1024
2,21,17,R3,0.4928659847394517,0.3705343505759615,0.1751172313877325,0.341619738312937,1024
2,12,18,R3,0.609554659564183,0.6520466533261499,0.1621094825970561,0.7740346541872438,1024
2,4,21,R3,0.6254750054846318,0.6061570977642257,0.2133955666203039,0.7262683882930611,1024
2,17,23,R3,0.5651336194641076,0.5463145577653237,0.2777094882760546,0.1886259403402857,1024
2,81,24,R3,0.6037305053862566,0.6636519679919275,0.2701368407132813,0.5565649802049354,1024
3,40,1,R3,0.4496712082310876,0.5058675472916364,0.1877851302696561,0.4466770127034118,1024
3,59,2,R3,0.6194944905658473,0.6158228219058732,0.1006865983404014,0.8449454870530461,1024
3,75,5,R3,0.3879330126890983,0.3108728506648148,0.0438827498259657,0.5493442886187643,1024
3,94,12,R3,0.6158464935190368,0.7273768306746232,0.1489910888742039,0.4394606324188972,1024
3,54,19,R3,0.6063601415582206,0.8036305041394682,0.1590308875689904,0.1596764578785979,1024
3,68,22,R3,0.4894451780815885,0.4658697386809715,0.2106736827954802,0.5041998832290341,1024
3,50,24,R3,0.4244274381053748,0.4179234481252905,0.3009698180117186,0.5235705616069991,1024
3,117,25,R3,0.4605383118639932,0.5959187695248068,0.1523092411083702,0.5536198205153657,1024
3,101,29,R3,0.5582904452725536,0.6950825754320719,0.3209431915196021,0.4905535824540435,1024
4,108,0,R3,0.4803408845795321,0.4458552319397403,0.0715720020017036,0.7771027358038719,1024
4,48,18,R3,0.4110063384341071,0.4295388537531693,0.1907631763020972,0.3571828875491417,1024
4,106,20,R3,0.4476349768655213,0.4813303373950419,0.2058106319158276,0.5194783631892242,1024
4,96,27,R3,0.5773844962823276,0.6820397873951161,0.2239956771444311,0.6110751314979818,1024
4,18,28,R3,0.4788981838116112,0.5119618479181097,0.2364568039803235,0.7028652956950476,1024
5,77,3,R3,0.4391873451630067,0.4751986152313078,0.2823939433380962,0.59459799621301,1024
5,58,7,R3,0.5392372527175953,0.3910825615036333,0.1185859115738032,0.875986871966326,1024
1,36,1,R0,0.7704724749383758,0.6855428190133928,0.2422747183233079,0.9042455031292628,1025
1,31,2,R0,0.5833963065698752,0.5858196386602562,0.2889428068423724,0.6703500519055271,1025
1,102,3,R0,0.6228222582772943,0.6789303741178014,0.2822359644959614,0.4398461799103019,1025
1,74,5,R0,0.6891913910418752,0.7241754949929372,0.2101926808043139,0.3311371315242552,1025
1,56,6,R0,0.5406780471091235,0.4647697737557412,0.119075887858133,0.6717186133416276,1025
1,109,7,R0,0.5955007466472956,0.7147120879010811,0.2437060886984759,0.2073702224134809,1025
1,108,8,R0,0.8542154531260081,0.932055761079056,0.1759518144192795,0.683027305989603,1025
1,82,9,R0,0.6843292834101116,0.5731969120514268,0.3707727270114777,0.659252990329868,1025
1,119,10,R0,0.5434137223728293,0.590075944030376,0.2813168034146809,0.7032976884675972,1025
1,39,11,R0,0.6350511792694783,0.4101457655869021,0.1352152273586656,0.7205779681922363,1025
1,1,12,R0,0.7557218845265455,0.5433893283640718,0.0312031537900457,0.7421304507786367,1025
1,107,13,R0,0.786070486834498,0.930078060482969,0.1555828742679948,0.5674935218181416,1025
1,17,14,R0,0.6419126579967166,0.7125076246950786,0.2440242508290267,0.2397980972499707,1025
1,71,15,R0,0.8613791543504972,0.9435939305293856,0.2491459247883327,0.4175970458388656,1025
1,41,17,R0,0.6026382204693612,0.6717606757050871,0.0653013520641675,0.4291090760224519,1025
1,85,19,R0,0.6912863489001753,0.6413590494437629,0.1227703143775782,0.7587336636097557,1025
1,106,20,R0,0.6765597190111522,0.5121737073701809,0.1960872934067371,0.6287104357401606,1025
1,51,22,R0,0.7240975494383296,0.5782493243311779,0.0782014236104632,0.7886053833852827,1025
1,97,24,R0,0.6625218425755325,0.4933118093961296,0.2179217088006778,0.8110010286785326,1025
1,34,25,R0,0.6931915792057858,0.7753954869278972,0.1468646674626469,0.0870580310240867,1025
1,118,26,R0,0.5345098760757966,0.5430095000684467,0.3809648406812591,0.4364784440147903,1025
1,37,27,R0,0.4982582644620977,0.4372502999845811,0.3677422496645744,0.6795535488506284,1025
1,81,28,R0,0.6271703733983075,0.6924025934641542,0.0450834780227917,0.4077856274107689,1025
1,49,29,R0,0.555076428403936,0.5283673431593354,0.1149227987717397,0.5116081920712472,1025
2,14,3,R0,0.6455139017477104,0.8037279682283853,0.274895373873869,0.2407847756037949,1025
2,94,4,R0,0.4874049808555791,0.345926251981603,0.2070010043857225,0.8124077274630614,1025
2,62,5,R0,0.6790989129399132,0.8606294652915396,0.2013692126654623,0.46702527297827,1025
2,60,7,R0,0.6437993076452178,0.4721260736662281,0.2605061526033003,0.5428953966500502,1025
2,90,8,R0,0.6056886777638976,0.5738071607552968,0.1993536951847184,0.6194292239012066,1025
2,79,9,R0,0.4150159055464388,0.454449512177135,0.3814485137054479,0.4152563739774073,1025
2,65,10,R0,0.4244335592424213,0.1417456759233148,0.32479594950921,0.8272349239895664,1025
2,4,11,R0,0.6156696920108471,0.4752126024398284,0.1319652258474212,0.6479053059272382,1025
2,104,12,R0,0.633344399202289,0.6411815427553824,0.0313431083352364,0.4793885776931901,1025
2,110,14,R0,0.5297074712513321,0.4671131202477893,0.2653682169467251,0.6356838748804388,1025
2,58,18,R0,0.586693389267309,0.396725414656903,0.3311377926950515,0.63957310166407,1025
2,114,20,R0,0.6547174864095474,0.6533743697550187,0.1883213854181461,0.3974712330553479,1025
2,11,24,R0,0.6810278288405706,0.7440927065536789,0.1983784736015703,0.6125792147783073,1025
2,6,28,R0,0.5871981190140816,0.4556051837848592,0.0486238351381575,0.5910947607005271,1025
3,112,1,R0,0.560036375736125,0.6370950615699242,0.2453281576600891,0.8949784005376951,1025
3,33,2,R0,0.5474863574892297,0.457553574786452,0.3038331868380682,0.0902142754293234,1025
3,70,15,R0,0.8090916642898898,0.983999821976374,0.2495999190367554,0.7055577809291813,1025
3,12,16,R0,0.5601363318477145,0.2845107700404208,0.2635544949962032,0.696417030431403,1025
3,0,18,R0,0.5040032423984903,0.4629606180139155,0.3190089034403527,0.605564249096542,1025
3,53,25,R0,0.5382830145391528,0.4805477498121906,0.1603808320122282,0.4957501533290782,1025
3,86,26,R0,0.5330230709738478,0.3007622488811448,0.4220292439058052,0.4752713239828123,1025
3,46,29,R0,0.469894539835728,0.4635518052712946,0.1166998611815016,0.2207074461132806,1025
4,50,0,R0,0.5500644877923964,0.3756962763445568,0.035200614944691,0.8667234007073294,1025
4,43,19,R0,0.5911846090593339,0.6128011470611607,0.1255637209961641,0.1134298811290057,1025
4,87,23,R0,0.6102261035802541,0.4185612873796787,0.3728258754187999,0.458718644193664,1025
4,24,27,R0,0.4586622311724633,0.4510477831847912,0.355242650598496,0.7103786447061488,1025
5,68,6,R0,0.4824302261827948,0.5096258834754077,0.1204261891842926,0.1301829149371424,1025
5,117,13,R0,0.5961271853977637,0.6756343785340706,0.1632201135436707,0.8053112425880707,1025
5,35,17,R0,0.3135667327508423,0.2599545436790057,0.0750910582607597,0.5035781456162269,1025
5,9,21,R0,0.4424114995561856,0.2620129582020694,0.0357777899837065,0.8263492526780335,1025
5,83,22,R0,0.5719294305844731,0.5201206604640786,0.0805709709907052,0.0857185976416324,1025
5,10,23,R0,0.4955297324831647,0.5004117367566352,0.36116311788405,0.611738946492464,1025
1,36,1,R1,0.6593752447268548,0.6855428190133928,0.1724048301697501,0.9042455031292628,1025
1,31,2,R1,0.5487736337638845,0.5858196386602562,0.2476990691294709,0.6703500519055271,1025
1,14,3,R1,0.6237090330369842,0.8037279682283853,0.2465075944862089,0.2407847756037949,1025
1,66,7,R1,0.4818695505131414,0.6491151320355115,0.227694994704013,0.3938223110281521,1025
1,108,8,R1,0.7373883426242164,0.932055761079056,0.1285985902864445,0.683027305989603,1025
1,119,10,R1,0.5388094972636057,0.590075944030376,0.2189954932703808,0.7032976884675972,1025
1,4,11,R1,0.508060301696637,0.4752126024398284,0.1140137749302971,0.6479053059272382,1025
1,1,12,R1,0.5999320417834874,0.5433893283640718,0.024365674652488,0.7421304507786367,1025
1,107,13,R1,0.7698937486454045,0.930078060482969,0.1248828181477955,0.5674935218181416,1025
1,17,14,R1,0.6046107131066862,0.7125076246950786,0.2202063038657224,0.2397980972499707,1025
1,71,15,R1,0.7975553698109802,0.9435939305293856,0.2122570728212256,0.4175970458388656,1025
1,41,17,R1,0.5379915894758984,0.6717606757050871,0.0628885549558572,0.4291090760224519,1025
1,62,18,R1,0.5763839296854829,0.7931192428075611,0.2409187038452808,0.46702527297827,1025
1,85,19,R1,0.5698283764386339,0.6413590494437629,0.094061985341245,0.7587336636097557,1025
1,114,20,R1,0.6625298958404859,0.6515003800927898,0.1625608474424451,0.3974712330553479,1025
1,57,21,R1,0.4991533308477591,0.4485469657433889,0.0290299700398043,0.7275191241174038,1025
1,51,22,R1,0.5434642054300581,0.5782493243311779,0.0641330335841542,0.7886053833852827,1025
1,87,23,R1,0.4733175487991294,0.4147454807545915,0.3325834392489289,0.458718644193664,1025
1,11,24,R1,0.6367962940358203,0.7440927065536789,0.1595729115548392,0.6125792147783073,1025
1,34,25,R1,0.5912991856301372,0.7753954869278972,0.133846562963484,0.0870580310240867,1025
1,54,26,R1,0.4377146350982099,0.6489449930786133,0.3193459499173094,0.4404531834031889,1025
1,81,28,R1,0.6457581689742476,0.6924025934641542,0.0397285871299993,0.4077856274107689,1025
1,49,29,R1,0.4806128093898615,0.5283673431593354,0.1046716152089934,0.5116081920712472,1025
2,112,1,R1,0.5496647811395476,0.6256899751911358,0.1935874572101611,0.8949784005376951,1025
2,74,5,R1,0.6602826425424762,0.7241754949929372,0.1856853446005835,0.3311371315242552,1025
2,56,6,R1,0.4908667849637976,0.4647697737557412,0.1003529891732583,0.6717186133416276,1025
2,60,7,R1,0.4853245810372923,0.4752413448552365,0.2293118769023719,0.5428953966500502,1025
2,82,8,R1,0.8284136528568246,0.9321206620470192,0.1281858992744762,0.659252990329868,1025
2,110,14,R1,0.4886599862247701,0.4671131202477893,0.2342892360552864,0.6356838748804388,1025
2,70,15,R1,0.8019962968918245,0.983999821976374,0.1817787923417042,0.7055577809291813,1025
2,3,19,R1,0.4314089370845176,0.4559764160720694,0.111960504657152,0.8772359764347315,1025
2,76,20,R1,0.6241320991281704,0.6935115289596718,0.1516693612919732,0.676389019796595,1025
2,97,24,R1,0.5015656297530203,0.4961966438326047,0.1819719811597848,0.8110010286785326,1025
2,38,28,R1,0.5150978723211097,0.5632650999695332,0.0432444234414838,0.5204945554399592,1025
3,33,2,R1,0.4652174979176851,0.457553574786452,0.3001048130569957,0.0902142754293234,1025
3,102,3,R1,0.5684307460591976,0.6789303741178014,0.2654567546004947,0.4398461799103019,1025
3,104,12,R1,0.5729426582797963,0.6427071649798028,0.026603580585032,0.4793885776931901,1025
3,117,13,R1,0.499901296831485,0.6715303308573219,0.1315325440630089,0.8053112425880707,1025
3,61,18,R1,0.4671161266842236,0.3325282200076703,0.3082356004835722,0.708257428495664,1025
3,83,22,R1,0.5168544046662349,0.5205939628981622,0.0883384154456737,0.0857185976416324,1025
3,53,25,R1,0.5168106903247673,0.4806685937307703,0.1467133151515247,0.4957501533290782,1025
3,118,26,R1,0.5050077946307616,0.5430095000684467,0.3220061332216846,0.4364784440147903,1025
4,94,4,R1,0.425131442592178,0.3463801588530755,0.1839614232967852,0.8124077274630614,1025
4,7,5,R1,0.409534297948438,0.5271734302798938,0.178197208191828,0.7522069311767454,1025
4,65,6,R1,0.4250756729971352,0.3727956574151647,0.1024054473829317,0.8272349239895664,1025
4,39,11,R1,0.4759034786387265,0.4101457655869021,0.1161090282216663,0.7205779681922363,1025
4,9,21,R1,0.4012385336503365,0.2583463574021004,0.0348970971649112,0.8263492526780335,1025
4,10,23,R1,0.442463400026921,0.4966645241815196,0.3135520832816909,0.611738946492464,1025
5,50,0,R1,0.4201527006515811,0.3737062592031707,0.0304473765695176,0.8667234007073294,1025
5,24,27,R1,0.4567773698845668,0.4510477831847912,0.3163774959743582,0.7103786447061488,1025
6,46,29,R1,0.4338713125529791,0.4671958363452236,0.1113006771462408,0.2207074461132806,1025
1,50,0,R2,0.4409975104862866,0.3732562708190362,0.0305132613800046,0.8667234007073294,1025
1,14,3,R2,0.6116956588960009,0.8037279682283853,0.2465075944862089,0.2407847756037949,1025
1,62,5,R2,0.6650580477473558,0.8606294652915396,0.1582032689535044,0.46702527297827,1025
1,66,7,R2,0.4899754207066747,0.6491151320355115,0.227694994704013,0.3938223110281521,1025
1,82,8,R2,0.8149132960261984,0.9321206620470192,0.1281858992744762,0.659252990329868,1025
1,1,12,R2,0.4966878079947512,0.5433893283640718,0.024365674652488,0.7421304507786367,1025
1,107,13,R2,0.7410991445943413,0.930078060482969,0.1248828181477955,0.5674935218181416,1025
1,17,14,R2,0.577735756373618,0.7125076246950786,0.2202063038657224,0.2397980972499707,1025
1,57,15,R2,0.7855767696234788,0.9972573443053796,0.1763725055270364,0.7275191241174038,1025
1,36,16,R2,0.6185153150147786,0.6065408481450136,0.1715915592120656,0.9042455031292628,1025
1,41,17,R2,0.593819369992201,0.6717606757050871,0.0628885549558572,0.4291090760224519,1025
1,85,19,R2,0.6128262872606738,0.6413590494437629,0.094061985341245,0.7587336636097557,1025
1,76,20,R2,0.6604788341883755,0.6935115289596718,0.1517383736431452,0.676389019796595,1025
1,51,22,R2,0.5238596546082321,0.5782493243311779,0.0641330335841542,0.7886053833852827,1025
1,87,23,R2,0.4260156862190866,0.4147454807545915,0.3325834392489289,0.458718644193664,1025
1,11,24,R2,0.6703578304313639,0.7440927065536789,0.1595729115548392,0.6125792147783073,1025
1,54,26,R2,0.4952198812975793,0.6489449930786133,0.3193459499173094,0.4404531834031889,1025
1,105,28,R2,0.5106489525322583,0.4225240730561485,0.0462330224847024,0.5367127229779192,1025
1,34,29,R2,0.6516401315479107,0.8364707555245345,0.09257528204229,0.0870580310240867,1025
2,15,0,R2,0.4547075295682942,0.3831067568084966,0.0359533842982394,0.3031710412715082,1025
2,112,1,R2,0.5254160700536585,0.6237905037294723,0.1936231099426107,0.8949784005376951,1025
2,74,5,R2,0.5520032902640015,0.7241754949929372,0.1856853446005835,0.3311371315242552,1025
2,108,8,R2,0.8429238937806289,0.9436975021248348,0.1283656496661215,0.683027305989603,1025
2,39,11,R2,0.5003247944959445,0.4101457655869021,0.1161090282216663,0.7205779681922363,1025
2,70,15,R2,0.8201992364959998,0.9890608307059412,0.181821420890542,0.7055577809291813,1025
2,28,18,R2,0.4846359392185468,0.5611226922232591,0.2744009120887508,0.8778681676747584,1025
2,43,19,R2,0.4220248711871468,0.6161518788085614,0.129003263804833,0.1134298811290057,1025
2,114,20,R2,0.5795054315385585,0.6515003800927898,0.1625608474424451,0.3974712330553479,1025
2,83,22,R2,0.4461538557635668,0.5196360083084346,0.08836972314217,0.0857185976416324,1025
2,97,24,R2,0.4807370360949233,0.5053081754185424,0.1812201793876775,0.8110010286785326,1025
2,49,25,R2,0.4901446129648971,0.486065461594059,0.1500780720804984,0.5116081920712472,1025
2,81,28,R2,0.7241653367277843,0.6924025934641542,0.0397285871299993,0.4077856274107689,1025
3,31,2,R2,0.5545251712241187,0.5922227144697937,0.2467986219843261,0.6703500519055271,1025
3,102,3,R2,0.5736983980714561,0.6842440823642617,0.2652485588404344,0.4398461799103019,1025
3,56,6,R2,0.5382766924526782,0.4734083100811216,0.1001936535984785,0.6717186133416276,1025
3,44,7,R2,0.4984526477793641,0.4681087087457409,0.2376065096791551,0.4537700389987941,1025
3,90,9,R2,0.5291182180568881,0.4119138263412703,0.3780341746220954,0.6194292239012066,1025
3,119,10,R2,0.590383942666938,0.5924151843179417,0.2187428566377462,0.7032976884675972,1025
3,104,12,R2,0.5345215431624145,0.643870579436608,0.0266217309199909,0.4793885776931901,1025
3,117,13,R2,0.6755944225308815,0.6908342962394289,0.1310258705154163,0.8053112425880707,1025
3,118,26,R2,0.4806772211043288,0.5450692670844288,0.3217771839210473,0.4364784440147903,1025
3,71,27,R2,0.5807422647947079,0.4178951830942622,0.3525895919042576,0.4175970458388656,1025
4,60,6,R2,0.350327944932523,0.2217033673027874,0.1235958923009072,0.5428953966500502,1025
4,0,9,R2,0.3995699402793199,0.4233764750386508,0.3559707467618589,0.605564249096542,1025
4,61,10,R2,0.3451978584935041,0.2305801900304961,0.3067542036243417,0.708257428495664,1025
4,110,14,R2,0.5153919942720636,0.4828335541570865,0.2331115951382872,0.6356838748804388,1025
4,58,18,R2,0.482888150891384,0.409523856428706,0.3016910361361534,0.63957310166407,1025
4,10,23,R2,0.4017160830731226,0.5149560700816669,0.3117694389739773,0.611738946492464,1025
4,53,25,R2,0.4250386296764723,0.4874542724440297,0.1467616351725403,0.4957501533290782,1025
4,46,29,R2,0.4665161248920698,0.4676038766581694,0.1113962363309045,0.2207074461132806,1025
5,4,11,R2,0.4798394372317942,0.4806914253144571,0.1137219722113311,0.6479053059272382,1025
5,16,16,R2,0.4336895803888318,0.5975218744410734,0.2491620567284299,0.2016129773913655,1025
6,2,2,R2,0.4104555969155682,0.3582267828385319,0.2869998621573179,0.6963689976135846,1025
6,106,4,R2,0.3953260347492137,0.3278257626665101,0.1918380853104622,0.6287104357401606,1025
1,36,1,R3,0.7279653831913868,0.6855428190133928,0.1724048301697501,0.9042455031292628,1025
1,31,2,R3,0.6080456174493903,0.5858196386602562,0.2476990691294709,0.6703500519055271,1025
1,74,5,R3,0.6662482340302411,0.7241754949929372,0.1856853446005835,0.3311371315242552,1025
1,60,7,R3,0.5147207046349374,0.4721260736662281,0.2296586413897212,0.5428953966500502,1025
1,82,8,R3,0.8177784584494694,0.9321206620470192,0.1281858992744762,0.659252990329868,1025
1,119,10,R3,0.5661048782610798,0.590075944030376,0.2189954932703808,0.7032976884675972,1025
1,39,11,R3,0.5114544896810247,0.4101457655869021,0.1161090282216663,0.7205779681922363,1025
1,104,12,R3,0.582750083728687,0.6398639413783274,0.0266338469323329,0.4793885776931901,1025
1,107,13,R3,0.6855511891614531,0.930078060482969,0.1248828181477955,0.5674935218181416,1025
1,17,14,R3,0.6079865657050735,0.7125076246950786,0.2202063038657224,0.2397980972499707,1025
1,70,15,R3,0.8183746216651299,0.983999821976374,0.1820131586756805,0.7055577809291813,1025
1,85,19,R3,0.6326600134199405,0.6413590494437629,0.094061985341245,0.7587336636097557,1025
1,114,20,R3,0.6239265933235312,0.6515003800927898,0.1625608474424451,0.3974712330553479,1025
1,51,22,R3,0.5303130339721763,0.5782493243311779,0.0641330335841542,0.7886053833852827,1025
1,34,25,R3,0.6062540233203051,0.7753954869278972,0.133846562963484,0.0870580310240867,1025
1,81,28,R3,0.6313535372426992,0.6924025934641542,0.0397285871299993,0.4077856274107689,1025
1,49,29,R3,0.4485500537423137,0.5283673431593354,0.1046716152089934,0.5116081920712472,1025
2,50,0,R3,0.4713106318543327,0.3805747608924195,0.0302821738714998,0.8667234007073294,1025
2,112,1,R3,0.6166384419937936,0.6229420134473527,0.1937444882172272,0.8949784005376951,1025
2,84,3,R3,0.6270663632835201,0.4947546181900041,0.2704293264881874,0.4908511047962792,1025
2,62,5,R3,0.7445068190919357,0.8706257040461287,0.1570776621231994,0.46702527297827,1025
2,56,6,R3,0.5092064396365618,0.4801913100003182,0.0989541200953982,0.6717186133416276,1025
2,44,7,R3,0.4829438472372847,0.4691841088291529,0.2372016204735215,0.4537700389987941,1025
2,108,8,R3,0.7980658591019534,0.9540525276815324,0.1263264373682436,0.683027305989603,1025
2,4,11,R3,0.4315742962276768,0.4848207257767223,0.1129932963750469,0.6479053059272382,1025
2,117,13,R3,0.5563819389234664,0.6931024724084476,0.1193926079241116,0.8053112425880707,1025
2,71,15,R3,0.7624902734672472,0.9435939305293856,0.2122570728212256,0.4175970458388656,1025
2,41,17,R3,0.5132260886400775,0.6717606757050871,0.0628885549558572,0.4291090760224519,1025
2,76,20,R3,0.5910616393965178,0.707918175052862,0.1431079487580711,0.676389019796595,1025
2,83,22,R3,0.4477760126312681,0.5221208245618743,0.08808793404351,0.0857185976416324,1025
2,97,23,R3,0.4736021971524787,0.2766956357133884,0.3859831762004078,0.8110010286785326,1025
2,11,24,R3,0.6456026903013558,0.7530079366356537,0.1595729115548392,0.6125792147783073,1025
2,53,25,R3,0.4861702990652215,0.4805477498121906,0.1468855887447452,0.4957501533290782,1025
2,21,27,R3,0.3840627629214292,0.621172877138028,0.3362251563207146,0.4099457624591947,1025
3,14,3,R3,0.607541184561358,0.8249967758315616,0.2287309470187479,0.2407847756037949,1025
3,102,17,R3,0.4321532197901545,0.4520184914323083,0.0682208919110406,0.4398461799103019,1025
3,58,18,R3,0.4687281391703659,0.3991354535220675,0.3039989037928964,0.63957310166407,1025
3,16,24,R3,0.5328056826572248,0.7680783314491443,0.1935154683766803,0.2016129773913655,1025
3,46,29,R3,0.4841291966065545,0.4724774030343019,0.1102636845628144,0.2207074461132806,1025
4,15,0,R3,0.3212573395978606,0.389608161977604,0.0359386846993466,0.3031710412715082,1025
4,1,12,R3,0.6398472409803234,0.5483811101050844,0.0243643455253065,0.7421304507786367,1025
4,45,14,R3,0.5527273897581383,0.5018341153547243,0.2272735594803052,0.6113657173930098,1025
4,25,16,R3,0.3855079706209059,0.3341738278115032,0.2465594509359917,0.6895985139119842,1025
4,28,18,R3,0.4920266428181081,0.5769500875520808,0.2714448671712076,0.8778681676747584,1025
4,3,19,R3,0.4279880949050005,0.4559764160720694,0.111960504657152,0.8772359764347315,1025
4,87,23,R3,0.4877254181830774,0.4332074312544115,0.3292041713199598,0.458718644193664,1025
4,118,26,R3,0.4419781318611503,0.5593461388282702,0.3181906174226216,0.4364784440147903,1025
4,105,28,R3,0.5155564922005742,0.436921487463402,0.0460518854061729,0.5367127229779192,1025
5,65,6,R3,0.4786138205897026,0.3843478141460652,0.1022685106609692,0.8272349239895664,1025
6,100,27,R3,0.4463016234215249,0.4625609978586845,0.3269300376952384,0.3938652632757504,1025
1,94,0,R0,0.7613959562397605,0.6785242617454175,0.244875130575971,0.2082290808811672,1026
1,113,1,R0,0.8182492913640541,0.8908444285979402,0.2156066559415137,0.1282347705601602,1026
1,91,2,R0,0.8212996190672128,0.9055321583591054,0.1946685175954975,0.3140165026458534,1026
1,107,3,R0,0.698134116852545,0.6011033109140638,0.2208968808066744,0.3813694607334043,1026
1,77,4,R0,0.7326696304706326,0.7129980074647085,0.1109301788237224,0.2860317595516994,1026
1,65,5,R0,0.5742486115647929,0.4577222508749913,0.2674128484399188,0.812769058020658,1026
1,48,7,R0,0.7982488288897422,0.7548051216355964,0.0358384954770617,0.6445284359898851,1026
1,118,8,R0,0.5992783747676925,0.6902943704884158,0.2842170935060178,0.2085512436674101,1026
1,11,9,R0,0.6037630339772617,0.5407993862582179,0.1221319247526277,0.6676611817183046,1026
1,97,10,R0,0.5895617764769684,0.4264828550497875,0.1912590616873942,0.4652841665556184,1026
1,45,11,R0,0.6999087161151373,0.5610129069437213,0.1382645955302078,0.8831400318601357,1026
1,75,13,R0,0.76568349609883,0.9054453520313712,0.0726123516712917,0.8047732004871472,1026
1,89,14,R0,0.4478642920268884,0.3301270934530919,0.2497370857707052,0.427306166214922,1026
1,3,15,R0,0.7340072346717204,1.0,0.208374599140357,0.3449978366222493,1026
1,96,16,R0,0.8452877338275032,0.6753717937925874,0.0353579787037935,0.5299865294777665,1026
1,31,18,R0,0.4958575307536289,0.4652039191717217,0.2087954129422061,0.5536260819096306,1026
1,16,20,R0,0.7428636842021672,0.5646209551067376,0.3042512384251811,0.8813558481662929,1026
1,5,21,R0,0.6519149730889138,0.5152229065087244,0.1879533369286751,0.9127702076593922,1026
1,32,22,R0,0.7339328909949604,0.796925455666993,0.2273382296203669,0.7228143871657617,1026
1,53,23,R0,0.4984374178320715,0.4278356719732756,0.108603478441691,0.2258404208788456,1026
1,42,26,R0,0.4038828034251441,0.3425162207247874,0.4050855581098396,0.4977048190162126,1026
1,116,27,R0,0.6761994075939015,0.5213654369532587,0.3091419981741081,0.4301693267415328,1026
1,93,28,R0,0.6617658635352299,0.6511676997668177,0.1904104856853461,0.6723633365737638,1026
1,9,29,R0,0.4970083734238844,0.3942051769153207,0.0687170543821584,0.2579704202454877,1026
2,110,0,R0,0.6013601524506885,0.6785242617454175,0.2461369618800102,0.6304283325565442,1026
2,39,1,R0,0.5767734984288934,0.6379193752242878,0.2368994390909998,0.1272064814174316,1026
2,2,3,R0,0.6779153204684991,0.5827579951829267,0.2243042697671438,0.8036375195703634,1026
2,56,4,R0,0.7384046742784487,0.653922531799504,0.1145430991437332,0.4117886621153264,1026
2,58,5,R0,0.4896047447870557,0.3094522616236314,0.2815870028159477,0.5424505880527952,1026
2,63,7,R0,0.6757633843240172,0.6488732482262756,0.0359398039942783,0.6360951825899673,1026
2,59,9,R0,0.6295610018477356,0.3645135402703108,0.1305585606259228,0.9138704114041508,1026
2,17,10,R0,0.446105534436258,0.4061889637552413,0.1917741346258978,0.4850700099051561,1026
2,40,11,R0,0.5952757004619925,0.4843550582267769,0.143759628420071,0.3520121078834013,1026
2,101,12,R0,0.5433898880518745,0.7473410440528712,0.3677372621951538,0.2050245682954098,1026
2,30,13,R0,0.712758548921394,0.6915484445021913,0.0779675190787641,0.6064734801895911,1026
2,98,16,R0,0.7854754353129054,0.6882521759815039,0.0358477283532878,0.6973205062200044,1026
2,8,17,R0,0.541955429421669,0.4745726203995447,0.2770904460954498,0.5185908958266541,1026
2,99,18,R0,0.7428098191376957,0.7027007970721815,0.1963400499955752,0.5190232434931331,1026
2,25,20,R0,0.6777873348873056,0.7419463363602312,0.2903509405183144,0.8250291890373987,1026
2,80,21,R0,0.6171093837219531,0.6953828217060869,0.176171738211421,0.4752542281029323,1026
2,73,23,R0,0.6673808551793702,0.5873435285636512,0.1023349691071425,0.384562838875279,1026
2,19,27,R0,0.6335252958780946,0.8124534397761337,0.290589772954317,0.2003636430293802,1026
3,108,2,R0,0.4287181369515291,0.3593137474367889,0.2290227833757835,0.5955517507441264,1026
3,20,12,R0,0.4486873156613746,0.1881732416433683,0.4300464898714213,0.6721709649487053,1026
3,37,15,R0,0.5041791017033157,0.2216291723566323,0.2629816582874568,0.6011157067027681,1026
3,102,17,R0,0.4296756571402529,0.441154873166633,0.284056608921631,0.4466056859395824,1026
3,103,19,R0,0.4504613451559316,0.5082460367807109,0.0838537665612887,0.8176348171019986,1026
3,95,24,R0,0.5147768916582578,0.5160743139460396,0.2188318374121423,0.6629935424465653,1026
3,15,25,R0,0.4530311434151292,0.4095427117181363,0.2382177859133963,0.4094086763316602,1026
3,47,28,R0,0.4523251791301794,0.4698234983114164,0.201264558217099,0.9399696887479788,1026
4,112,8,R0,0.542367620231298,0.5378310060746723,0.2957265720651861,0.4944800188697827,1026
4,82,24,R0,0.477785406448158,0.4269729832491713,0.2262194106926694,0.593490662889568,1026
5,117,6,R0,0.4592189908751297,0.4732208762407031,0.1975971595994462,0.412312003138007,1026
5,64,14,R0,0.4352120992015477,0.3463483414114983,0.2474026810312306,0.735212006432653,1026
5,86,19,R0,0.402769121352745,0.1520965518515635,0.094641968365683,0.6769353113661616,1026
5,115,25,R0,0.4556980679169746,0.2450959896417012,0.2506110016755494,0.5304165196168605,1026
1,110,0,R1,0.6514618655423938,0.6785242617454175,0.1852736086200765,0.6304283325565442,1026
1,113,1,R1,0.5842467618978985,0.8908444285979402,0.2124836325179809,0.1282347705601602,1026
1,91,2,R1,0.7426534477574049,0.9055321583591054,0.1713092751140072,0.3140165026458534,1026
1,107,3,R1,0.5797467263430612,0.6011033109140638,0.2085193013001947,0.3813694607334043,1026
1,77,4,R1,0.6292706033116233,0.7129980074647085,0.1012602494213594,0.2860317595516994,1026
1,73,5,R1,0.5329192584575863,0.6273164355881304,0.2655921417318908,0.384562838875279,1026
1,112,8,R1,0.5587978229978477,0.53243977019099,0.2695662059651583,0.4944800188697827,1026
1,45,11,R1,0.6346021785760435,0.5610129069437213,0.1053408424911854,0.8831400318601357,1026
1,101,12,R1,0.4560514634762153,0.7473410440528712,0.3624664966502479,0.2050245682954098,1026
1,75,13,R1,0.775476227214663,0.9054453520313712,0.0564810536852398,0.8047732004871472,1026
1,3,14,R1,0.4926528437339147,0.601879360314379,0.1984287731533133,0.3449978366222493,1026
1,96,16,R1,0.6066725167086333,0.6753717937925874,0.0290977709848201,0.5299865294777665,1026
1,99,18,R1,0.6169265573937085,0.7027007970721815,0.1649402770167833,0.5190232434931331,1026
1,16,20,R1,0.6265829963246927,0.5646209551067376,0.2387305398625234,0.8813558481662929,1026
1,80,21,R1,0.5688544771075162,0.6953828217060869,0.157972910419511,0.4752542281029323,1026
1,32,22,R1,0.675915216088821,0.796925455666993,0.1635176247249325,0.7228143871657617,1026
1,65,23,R1,0.368856428006824,0.3627719841234263,0.0915676223619702,0.812769058020658,1026
1,19,27,R1,0.6032591731698955,0.8124534397761337,0.2720067178268075,0.2003636430293802,1026
1,93,28,R1,0.6270019084417016,0.6511676997668177,0.1332482424207424,0.6723633365737638,1026
2,94,0,R1,0.6683114313511792,0.6785242617454175,0.22206621109914,0.2082290808811672,1026
2,0,1,R1,0.5024485116395154,0.6382603094133232,0.2208493272208321,0.2666179559682953,1026
2,2,3,R1,0.5983537468444479,0.5827579951829267,0.1753545120712447,0.8036375195703634,1026
2,117,5,R1,0.4709186352990042,0.3219291879330935,0.2685505244782712,0.412312003138007,1026
2,48,7,R1,0.5759923371763096,0.758285784422543,0.0295939079528889,0.6445284359898851,1026
2,118,8,R1,0.5304601632110536,0.6902943704884158,0.2509167977356586,0.2085512436674101,1026
2,30,13,R1,0.6280017669409272,0.6915484445021913,0.060922163051667,0.6064734801895911,1026
2,98,16,R1,0.6164931246402372,0.6882521759815039,0.0284694478612932,0.6973205062200044,1026
2,31,18,R1,0.4386588912528905,0.4652039191717217,0.1893340508661811,0.5536260819096306,1026
2,103,19,R1,0.5106008712833773,0.5043643674857052,0.0703589292727877,0.8176348171019986,1026
2,25,20,R1,0.6527255565145903,0.7419463363602312,0.2358647702642361,0.8250291890373987,1026
2,5,21,R1,0.5685658515000426,0.5152229065087244,0.1487875334531596,0.9127702076593922,1026
2,95,24,R1,0.4342588345841641,0.5075688234190173,0.1963032969120369,0.6629935424465653,1026
2,33,27,R1,0.6372847244336954,0.7703119223441086,0.2186885624034868,0.7958614873186637,1026
3,56,4,R1,0.6796161917231526,0.655558426254321,0.1134805104044811,0.4117886621153264,1026
3,40,11,R1,0.5041082922709055,0.4843550582267769,0.1331608060212557,0.3520121078834013,1026
3,8,17,R1,0.533545519037578,0.4745726203995447,0.2455644709746173,0.5185908958266541,1026
3,71,24,R1,0.3944488159787144,0.4296083575508154,0.2118616082013051,0.596726662888151,1026
3,70,26,R1,0.2659983188661128,0.130553546425015,0.4509575922006958,0.7215042744486043,1026
3,39,28,R1,0.4248096912776122,0.5599309460441847,0.210613162036503,0.1272064814174316,1026
3,9,29,R1,0.5047769033836808,0.3942051769153207,0.0630310705808855,0.2579704202454877,1026
4,11,9,R1,0.5587565954924619,0.541337411877006,0.1109176414950182,0.6676611817183046,1026
5,36,7,R1,0.5842272436015342,0.5577114167240536,0.0316119000301227,0.6316695742012145,1026
5,115,22,R1,0.3862681259148304,0.505798460706163,0.2260948977387711,0.5304165196168605,1026
5,17,29,R1,0.5355873552694287,0.5868491623774248,0.0559861769015365,0.4850700099051561,1026
6,59,9,R1,0.4532549005668833,0.3656934098640249,0.1138336499704808,0.9138704114041508,1026
6,97,10,R1,0.4070961197199792,0.4266840554757535,0.1688534379228048,0.4652841665556184,1026
1,94,0,R2,0.6053331346170339,0.6785242617454175,0.22206621109914,0.2082290808811672,1026
1,113,1,R2,0.678523283910963,0.8908444285979402,0.2124836325179809,0.1282347705601602,1026
1,91,2,R2,0.6546917164261568,0.9055321583591054,0.1713092751140072,0.3140165026458534,1026
1,2,3,R2,0.6078620659684467,0.5827579951829267,0.1755553275281841,0.8036375195703634,1026
1,77,4,R2,0.6026628299162559,0.7129980074647085,0.1012602494213594,0.2860317595516994,1026
1,73,5,R2,0.5407029240743869,0.6273164355881304,0.2655921417318908,0.384562838875279,1026
1,117,6,R2,0.4373487886494909,0.473048074514294,0.1968962643160935,0.412312003138007,1026
1,48,7,R2,0.6859412284408682,0.7548051216355964,0.0296793437561522,0.6445284359898851,1026
1,118,8,R2,0.51698910726071,0.6902943704884158,0.2509167977356586,0.2085512436674101,1026
1,45,11,R2,0.5966978899857759,0.5610129069437213,0.1053408424911854,0.8831400318601357,1026
1,101,12,R2,0.4255187349430494,0.7473410440528712,0.3624664966502479,0.2050245682954098,1026
1,30,13,R2,0.7544165977309202,0.6915484445021913,0.060922163051667,0.6064734801895911,1026
1,3,15,R2,0.6961559949505335,1.0,0.1685735595345346,0.3449978366222493,1026
1,98,16,R2,0.6820074254959164,0.6882521759815039,0.0284694478612932,0.6973205062200044,1026
1,103,19,R2,0.5857887368381091,0.5043643674857052,0.0703589292727877,0.8176348171019986,1026
1,32,22,R2,0.6784401497761562,0.796925455666993,0.1635176247249325,0.7228143871657617,1026
1,53,23,R2,0.4172843232149766,0.4278356719732756,0.1109496703818893,0.2258404208788456,1026
1,95,24,R2,0.5277991596397051,0.5075688234190173,0.197140538267747,0.6629935424465653,1026
1,17,29,R2,0.4747277536313348,0.5868491623774248,0.0559861769015365,0.4850700099051561,1026
2,110,0,R2,0.6395622852854157,0.6847621841735683,0.1846755505049827,0.6304283325565442,1026
2,93,1,R2,0.5545382884684664,0.4446695058854988,0.1986469214060835,0.6723633365737638,1026
2,84,3,R2,0.6050844491796461,0.5562514832608736,0.1897384213290813,0.3689308248277079,1026
2,112,8,R2,0.5123397607526246,0.53243977019099,0.2695662059651583,0.4944800188697827,1026
2,62,12,R2,0.4392085027083499,0.6172516960730905,0.3676183214935762,0.2255558248468156,1026
2,75,13,R2,0.7218352128940413,0.9054453520313712,0.0564810536852398,0.8047732004871472,1026
2,96,16,R2,0.6571637346827904,0.6801512707087523,0.0290977709848201,0.5299865294777665,1026
2,99,18,R2,0.6886659606061845,0.7029479071397473,0.164793740949188,0.5190232434931331,1026
2,16,20,R2,0.6667207360369896,0.5751831080248129,0.2377771579717788,0.8813558481662929,1026
2,80,21,R2,0.5756548571749736,0.6953828217060869,0.157972910419511,0.4752542281029323,1026
2,8,22,R2,0.6311409500130646,0.4591631464950765,0.2118474936284382,0.5185908958266541,1026
2,64,24,R2,0.505526229587203,0.4274900636222577,0.224846080058331,0.735212006432653,1026
2,33,27,R2,0.6173643428803737,0.7703119223441086,0.2186885624034868,0.7958614873186637,1026
3,56,4,R2,0.4857668289617115,0.6612652515818995,0.1138258247251274,0.4117886621153264,1026
3,65,5,R2,0.5120922871727376,0.4618167757088695,0.2162262878958321,0.812769058020658,1026
3,63,7,R2,0.5696819963110386,0.647626764273429,0.029886716050089,0.6360951825899673,1026
3,40,11,R2,0.4660222938771578,0.4977688098196224,0.1326734654953665,0.3520121078834013,1026
3,102,17,R2,0.4109376412459034,0.4522316951598153,0.2557266922072865,0.4466056859395824,1026
3,31,18,R2,0.5151684915090036,0.4652039191717217,0.1893340508661811,0.5536260819096306,1026
3,20,19,R2,0.3636639106870001,0.2137514028199408,0.0941621803071985,0.6721709649487053,1026
3,25,20,R2,0.6287926718000874,0.7533952602749214,0.2360714703698431,0.8250291890373987,1026
3,5,21,R2,0.6458586631415105,0.532073920131068,0.1478969130310322,0.9127702076593922,1026
3,19,27,R2,0.6472659766302487,0.8124534397761337,0.2720067178268075,0.2003636430293802,1026
3,47,28,R2,0.482646658024311,0.4698234983114164,0.1569620667870557,0.9399696887479788,1026
4,54,23,R2,0.412202025478931,0.4237562952916118,0.1058241459104547,0.2419760649408142,1026
5,90,28,R2,0.3584073755541336,0.5064088786512421,0.1724506558680665,0.723641069191465,1026
5,21,29,R2,0.4072123238708149,0.421661106011068,0.0610648028863251,0.5786471425528026,1026
6,85,9,R2,0.4708815344262066,0.4781855909686602,0.1157995642732583,0.646264269982462,1026
1,110,0,R3,0.6138026444432977,0.6785242617454175,0.1852736086200765,0.6304283325565442,1026
1,113,1,R3,0.6991018403309256,0.8908444285979402,0.2124836325179809,0.1282347705601602,1026
1,91,2,R3,0.7645825995147814,0.9055321583591054,0.1713092751140072,0.3140165026458534,1026
1,107,3,R3,0.6499274009240487,0.6011033109140638,0.2085193013001947,0.3813694607334043,1026
1,77,4,R3,0.6145542167392614,0.7129980074647085,0.1012602494213594,0.2860317595516994,1026
1,94,7,R3,0.7362603423486451,0.8634773993372711,0.0310978846871891,0.2082290808811672,1026
1,118,8,R3,0.5494914246068643,0.6902943704884158,0.2509167977356586,0.2085512436674101,1026
1,45,11,R3,0.5660783484877531,0.5610129069437213,0.1053408424911854,0.8831400318601357,1026
1,101,12,R3,0.5546904070011269,0.7473410440528712,0.3624664966502479,0.2050245682954098,1026
1,75,13,R3,0.7559669217696549,0.9054453520313712,0.0564810536852398,0.8047732004871472,1026
1,3,15,R3,0.7257831087174469,1.0,0.1685735595345346,0.3449978366222493,1026
1,98,16,R3,0.682478398864717,0.6882521759815039,0.0284694478612932,0.6973205062200044,1026
1,99,18,R3,0.6068150866987044,0.7027007970721815,0.1649402770167833,0.5190232434931331,1026
1,25,20,R3,0.6499749717956961,0.7419463363602312,0.2367178931036679,0.8250291890373987,1026
1,47,21,R3,0.5897829713389666,0.4646397491609667,0.1576201735776051,0.9399696887479788,1026
1,32,22,R3,0.771262514150428,0.796925455666993,0.1635176247249325,0.7228143871657617,1026
1,8,24,R3,0.5048585127815229,0.5202042571328331,0.1822527009893752,0.5185908958266541,1026
1,116,27,R3,0.5934472979323905,0.5213654369532587,0.302384001811348,0.4301693267415328,1026
1,93,28,R3,0.6352618148776487,0.6511676997668177,0.1332482424207424,0.6723633365737638,1026
2,48,0,R3,0.5449510989066301,0.6785242617454175,0.2174333919480497,0.6445284359898851,1026
2,0,1,R3,0.490898142782877,0.6382603094133232,0.2208493272208321,0.2666179559682953,1026
2,109,3,R3,0.5169578305704102,0.4647023993204801,0.1985720065250972,0.770933168999873,1026
2,44,4,R3,0.4752076456205431,0.4274740931409027,0.1097107138041038,0.3702495189356781,1026
2,112,8,R3,0.4878492756115079,0.5328672011472916,0.2687115074061285,0.4944800188697827,1026
2,31,18,R3,0.5115830482529534,0.4652039191717217,0.1893340508661811,0.5536260819096306,1026
2,16,20,R3,0.6564474602168531,0.5646209551067376,0.2387305398625234,0.8813558481662929,1026
2,80,21,R3,0.5805021016834248,0.7084346661901919,0.1553467104131508,0.4752542281029323,1026
2,15,26,R3,0.3296368384149485,0.2875224648087923,0.4123420342866767,0.4094086763316602,1026
2,76,27,R3,0.6578176310828509,0.6516243432121653,0.2838803853683014,0.2923512564720001,1026
2,2,28,R3,0.4501309914490818,0.4929517980539943,0.1544458046625587,0.8036375195703634,1026
3,102,2,R3,0.4157511269910065,0.5337117928592536,0.1917247537443078,0.4466056859395824,1026
3,65,5,R3,0.523794456462052,0.4577222508749913,0.216490686788918,0.812769058020658,1026
3,63,7,R3,0.5905016600707831,0.6611427984763085,0.0296724816114334,0.6360951825899673,1026
3,30,13,R3,0.6860059451282357,0.7338169699460989,0.0547949301439183,0.6064734801895911,1026
3,96,16,R3,0.5911648044351343,0.6866506166289852,0.0288147010547209,0.5299865294777665,1026
3,5,17,R3,0.3999422122485833,0.2836379100120023,0.2583318084994538,0.9127702076593922,1026
4,73,5,R3,0.4605887300841214,0.6273164355881304,0.2647418571326194,0.384562838875279,1026
4,62,12,R3,0.4872278349062934,0.6279843942173722,0.3625303588851731,0.2255558248468156,1026
4,103,19,R3,0.4482480030064866,0.5043643674857052,0.0703589292727877,0.8176348171019986,1026
4,58,23,R3,0.4939523948551228,0.3568650138068233,0.0964717496511593,0.5424505880527952,1026
4,17,29,R3,0.4706542306057574,0.5868491623774248,0.0559861769015365,0.4850700099051561,1026
5,11,9,R3,0.4802386294854437,0.5764640677182835,0.1038152538385936,0.6676611817183046,1026
5,95,24,R3,0.5326407759476656,0.5508335707257241,0.1910032483156801,0.6629935424465653,1026
6,105,10,R3,0.4261151621625124,0.4667115053811135,0.1703265131467073,0.7825267790787557,1026
1,26,0,R0,0.6545495105701354,0.7187443036276301,0.1726345214675178,0.503261254577299,1027
1,6,1,R0,0.6302548721852628,0.6563915396349085,0.0693026344772615,0.6257708498084371,1027
1,59,2,R0,0.7117708891718246,0.7214322963987173,0.247122641168257,0.8515535779251928,1027
1,30,3,R0,0.5222586849986711,0.5199153108949064,0.1842325695378652,0.4087787125714396,1027
1,27,4,R0,0.8018118807299047,0.8393515119846128,0.0617666575933818,0.2581418195456914,1027
1,81,5,R0,0.5596663989231644,0.4210218022368884,0.0965677757915301,0.7594090438064883,1027
1,55,6,R0,0.6136786942322136,0.4972033116060289,0.4196280271481575,0.6794257727886007,1027
1,40,7,R0,0.760727032038508,0.663764847271731,0.1428304019991791,0.3775568730008084,1027
1,51,8,R0,0.8387769261999706,0.8692882568407673,0.1704036686197843,0.745538927218957,1027
1,39,9,R0,0.8329347762912281,0.976567806319716,0.2029954000330997,0.5833073504606746,1027
1,12,11,R0,0.740748839184659,0.9242312288987828,0.1634051294544764,0.3955596694580766,1027
1,7,12,R0,0.7603776160198785,0.944923985798325,0.1844080855166761,0.7604276793074495,1027
1,22,14,R0,0.7017511473953923,0.6527090008645375,0.2963156516955457,0.8664616982555808,1027
1,49,15,R0,0.7145563119477466,0.8393706181570038,0.1747668200585058,0.4962910009575082,1027
1,13,16,R0,0.8867541171256849,0.8084291694409662,0.0276757321855712,0.4252443369547251,1027
1,70,17,R0,0.7240605113499616,0.6555376100969258,0.1543658258039656,0.2787747965951042,1027
1,89,19,R0,0.7552169842375133,0.8036979190718324,0.0857944393146185,0.7014176818285469,1027
1,8,21,R0,0.4600253254262839,0.4345368830666472,0.1754429792050226,0.8666835350132213,1027
1,73,23,R0,0.5414247993192419,0.5758332541072078,0.2821323196639447,0.407937626421946,1027
1,113,24,R0,0.5605940216331162,0.6324561368243351,0.3022439551348059,0.7875154433236532,1027
1,110,25,R0,0.5784855532028966,0.6305220953457251,0.2504638091189681,0.6641708342890248,1027
1,56,26,R0,0.5586020185749645,0.4112605010287037,0.3865383972920828,0.5291788954005351,1027
1,53,27,R0,0.6658268673844149,0.6731074848938483,0.2742190891827982,0.9663820608832232,1027
1,10,28,R0,0.6902070937503918,0.5357946240134416,0.2846789904526856,0.7039573287377328,1027
1,9,29,R0,0.8932736439129063,0.9381230058835738,0.1737122212056723,0.6287788710335921,1027
2,107,0,R0,0.5640690223299569,0.460359273064146,0.1862545833539194,0.7426263829930433,1027
2,83,1,R0,0.5559513588166094,0.4095249030710292,0.0748790647972534,0.1709428753035568,1027
2,1,2,R0,0.6577745888799398,0.7477570489700092,0.247147754009163,0.4758971261786862,1027
2,23,3,R0,0.4158354220337019,0.4800846894249162,0.1865256643939762,0.5913715991357156,1027
2,68,4,R0,0.667240186640171,0.5052491472015868,0.0678679634738069,0.6672473595267748,1027
2,45,5,R0,0.5791155821044756,0.4471340860179372,0.0982888736198481,0.6040480074055345,1027
2,96,6,R0,0.491031041982633,0.3780118366716545,0.4347111361228158,0.4693279551090806,1027
2,82,9,R0,0.6710055133204729,0.5373388474078435,0.2280201789299587,0.2492362683581797,1027
2,14,12,R0,0.7050851159791787,0.7011542015070749,0.1988850269279143,0.8392379233788471,1027
2,85,14,R0,0.5343781735511491,0.5941411678876323,0.3005736671302232,0.3915927447663722,1027
2,21,15,R0,0.6631714913922196,0.7055083034347571,0.1856446824362506,0.6315440264103044,1027
2,11,16,R0,0.7406446112235137,0.682076768388156,0.0292874723905867,0.7780492676520301,1027
2,119,18,R0,0.4505464792442852,0.3956323488438515,0.1918930966259847,0.1296171743255,1027
2,24,19,R0,0.7018141586137236,0.4094761802308877,0.0967999046819425,0.6241335682538603,1027
2,77,20,R0,0.5845677958728589,0.5123590738727879,0.3409358994977626,0.4614013485973006,1027
2,100,22,R0,0.6597254380677074,0.5073627889222481,0.1064914368040905,0.8963543611580116,1027
2,20,23,R0,0.4556406933979808,0.4683352648013479,0.2831960175259537,0.4420928036165998,1027
2,117,24,R0,0.6282827527598814,0.8258279744299641,0.2819434001750893,0.2713353473935,1027
2,114,25,R0,0.5815683163312045,0.4481090831432034,0.2636821520364879,0.5127748513953441,1027
2,50,26,R0,0.4481351761916969,0.270315114674507,0.4008753921768451,0.5517457242467484,1027
2,17,29,R0,0.7650643820230535,0.7204060288270215,0.1857093546608523,0.7050406871413818,1027
3,74,7,R0,0.6445734039574547,0.5186731943241729,0.1493770518317007,0.8083680905431868,1027
3,115,8,R0,0.6835092185369587,0.544989144953072,0.1869497010237423,0.8286671535007167,1027
3,69,13,R0,0.4355376255281635,0.2503290025762845,0.1311617709665556,0.8731237577888297,1027
3,99,17,R0,0.5372425591123378,0.5058449132396099,0.1629417168975659,0.2611208252706377,1027
3,90,21,R0,0.4900970230892691,0.3417000290656015,0.183022834155334,0.457719203685984,1027
4,101,22,R0,0.5916324044182245,0.4570802300705889,0.1084150736895151,0.5544286549505547,1027
4,75,27,R0,0.4814680083046702,0.4856002526770384,0.2863409438709009,0.7503287693809347,1027
4,28,28,R0,0.494408940996855,0.5828463789110108,0.283522427512238,0.4415727412323614,1027
5,105,18,R0,0.4648634669776368,0.1732487533574395,0.2062062256329991,0.5699562350281788,1027
5,60,20,R0,0.4276021307233479,0.4039252896579784,0.3530144211325593,0.4298354966296584,1027
6,43,13,R0,0.324809124300717,0.2764407945105342,0.1292221054832184,0.6437422629611941,1027
1,6,1,R1,0.5482629337987035,0.6563915396349085,0.0570033425015851,0.6257708498084371,1027
1,59,2,R1,0.6184627264894943,0.7214322963987173,0.2000082796300873,0.8515535779251928,1027
1,27,4,R1,0.7134089326247092,0.8393515119846128,0.0569088145113479,0.2581418195456914,1027
1,55,6,R1,0.5387291469606268,0.4972033116060289,0.3959982446163752,0.6794257727886007,1027
1,74,7,R1,0.661850077673641,0.5186731943241729,0.1115581075249436,0.8083680905431868,1027
1,51,8,R1,0.828744121825183,0.8692882568407673,0.1314080221945892,0.745538927218957,1027
1,39,9,R1,0.7784095560386446,0.976567806319716,0.1595588644111126,0.5833073504606746,1027
1,12,11,R1,0.6792322308560248,0.9242312288987828,0.1327914100541068,0.3955596694580766,1027
1,7,12,R1,0.7927637766339504,0.944923985798325,0.1282112197229071,0.7604276793074495,1027
1,49,15,R1,0.7091366791100466,0.8393706181570038,0.1471662641812841,0.4962910009575082,1027
1,13,16,R1,0.7460449947523828,0.8084291694409662,0.0264667642751789,0.4252443369547251,1027
1,26,18,R1,0.3822510101362057,0.5101411921477246,0.1715590863768437,0.503261254577299,1027
1,70,21,R1,0.4831265576034015,0.6025184951044077,0.15543520490951,0.2787747965951042,1027
1,22,22,R1,0.6176251810787811,0.7543748148905979,0.0703666223797869,0.8664616982555808,1027
1,11,23,R1,0.5121623167498722,0.459409092682718,0.2295639289796059,0.7780492676520301,1027
1,117,24,R1,0.5767383870386996,0.8258279744299641,0.2334677473541737,0.2713353473935,1027
1,110,25,R1,0.6949148810283868,0.6305220953457251,0.2041012708969264,0.6641708342890248,1027
1,53,27,R1,0.618720149804151,0.6731074848938483,0.1965688200122606,0.9663820608832232,1027
1,9,29,R1,0.8414509339722882,0.9381230058835738,0.1258349986033384,0.6287788710335921,1027
2,83,1,R1,0.3923951416371812,0.4058279698696282,0.0745140957297108,0.1709428753035568,1027
2,97,4,R1,0.5996950950479996,0.5225957808969894,0.0622233267532135,0.4198954506031015,1027
2,1,5,R1,0.5631997022744539,0.5982314120658381,0.0810790579909591,0.4758971261786862,1027
2,68,6,R1,0.5565938533349025,0.5408080352205473,0.3416350225835726,0.6672473595267748,1027
2,40,7,R1,0.5038464689500738,0.663764847271731,0.1303891057745513,0.3775568730008084,1027
2,10,8,R1,0.6916972924198441,0.7207463554923944,0.1371364071925452,0.7039573287377328,1027
2,46,9,R1,0.6522367940942394,0.8490054554588229,0.1863429232259588,0.5098874013043293,1027
2,14,12,R1,0.5903085022892635,0.7011542015070749,0.1496551537334594,0.8392379233788471,1027
2,85,14,R1,0.4550263125888593,0.5941411678876323,0.2680858151323716,0.3915927447663722,1027
2,21,15,R1,0.681194539093852,0.7088890495005787,0.1462028578025798,0.6315440264103044,1027
2,99,17,R1,0.4325752223856994,0.5058449132396099,0.1715918301828735,0.2611208252706377,1027
2,89,19,R1,0.6568714740023321,0.8036979190718324,0.0701411325305875,0.7014176818285469,1027
2,58,21,R1,0.4674254713848806,0.4391465302796461,0.1563157210871805,0.7823817058050543,1027
2,100,22,R1,0.5969651069308045,0.5073627889222481,0.0855718870235146,0.8963543611580116,1027
2,96,26,R1,0.4765781004741907,0.4362460056892994,0.347767925783287,0.4693279551090806,1027
2,115,28,R1,0.5386590429037719,0.5299421194769001,0.2343413669765355,0.8286671535007167,1027
2,17,29,R1,0.7176328611216217,0.7204060288270215,0.1375785576176176,0.7050406871413818,1027
3,107,0,R1,0.5252300747554661,0.4607014781919165,0.1555326555265238,0.7426263829930433,1027
3,75,10,R1,0.4732365908398458,0.6777731616203317,0.1616134798828258,0.7503287693809347,1027
3,102,11,R1,0.4817715768631122,0.3906512718396745,0.1772985289110697,0.6562761630333782,1027
3,118,14,R1,0.4297074703141515,0.4413091372079065,0.2882767994566996,0.5923799991396708,1027
3,86,16,R1,0.4567880905489656,0.4036888580736161,0.0313447760903304,0.335158754091547,1027
3,43,18,R1,0.3920922950219158,0.3985274211385374,0.1718035204844955,0.6437422629611941,1027
3,24,19,R1,0.4744448151962699,0.4138904324211142,0.0847488123832731,0.6241335682538603,1027
3,77,20,R1,0.5041656575360632,0.5123590738727879,0.3113293959738399,0.4614013485973006,1027
3,73,23,R1,0.4736162657551906,0.5758332541072078,0.2725511550725926,0.407937626421946,1027
4,119,0,R1,0.4708345727494876,0.529753264145773,0.1932077639153526,0.1296171743255,1027
4,47,2,R1,0.510591606687409,0.3223612822301995,0.2532455134520011,0.6797872661395753,1027
4,45,5,R1,0.5694296032659203,0.4471340860179372,0.0838218232996341,0.6040480074055345,1027
4,113,24,R1,0.5176701504792847,0.6324561368243351,0.2482063161763373,0.7875154433236532,1027
4,79,25,R1,0.5258854492752553,0.4797845042387123,0.227333460171585,0.419348774407526,1027
4,23,27,R1,0.5388755668072842,0.4448334383890705,0.2897057399995823,0.5913715991357156,1027
4,28,28,R1,0.4479678635010258,0.585247318370387,0.2566459019646462,0.4415727412323614,1027
5,30,3,R1,0.5837158697185649,0.5199153108949064,0.1647220384415073,0.4087787125714396,1027
5,60,20,R1,0.4193360220885809,0.4020981615246278,0.3231670343255404,0.4298354966296584,1027
5,56,26,R1,0.4579959709384065,0.4218513381000144,0.3406099436960078,0.5291788954005351,1027
1,26,0,R2,0.6173279825242393,0.7187443036276301,0.1533019969605441,0.503261254577299,1027
1,6,1,R2,0.5991833564520305,0.6563915396349085,0.0570033425015851,0.6257708498084371,1027
1,59,2,R2,0.683640986849464,0.7214322963987173,0.2000082796300873,0.8515535779251928,1027
1,27,4,R2,0.7092904993618125,0.8393515119846128,0.0569088145113479,0.2581418195456914,1027
1,1,5,R2,0.615026882440741,0.5982314120658381,0.0810790579909591,0.4758971261786862,1027
1,74,7,R2,0.5646369825018019,0.5186731943241729,0.1115581075249436,0.8083680905431868,1027
1,51,8,R2,0.828744121825183,0.8692882568407673,0.1314080221945892,0.745538927218957,1027
1,39,9,R2,0.7224102997276565,0.976567806319716,0.1595588644111126,0.5833073504606746,1027
1,12,11,R2,0.70563974118936,0.9242312288987828,0.1327914100541068,0.3955596694580766,1027
1,7,12,R2,0.7418070550626409,0.944923985798325,0.1282112197229071,0.7604276793074495,1027
1,22,14,R2,0.6144747106934546,0.6527090008645375,0.2187750935119683,0.8664616982555808,1027
1,49,15,R2,0.7196778597914141,0.8393706181570038,0.1471662641812841,0.4962910009575082,1027
1,13,16,R2,0.6892271781421406,0.8084291694409662,0.0264667642751789,0.4252443369547251,1027
1,89,19,R2,0.7440811326318466,0.8036979190718324,0.0701411325305875,0.7014176818285469,1027
1,77,20,R2,0.5013650361111399,0.5123590738727879,0.3118627785125503,0.4614013485973006,1027
1,58,21,R2,0.5322152634919709,0.4391465302796461,0.1563157210871805,0.7823817058050543,1027
1,113,24,R2,0.5789465492582986,0.6324561368243351,0.2486113214440266,0.7875154433236532,1027
1,110,25,R2,0.5522154765026899,0.6305220953457251,0.2041012708969264,0.6641708342890248,1027
1,55,26,R2,0.5795601054601709,0.6660073982460684,0.3202849553635988,0.6794257727886007,1027
1,53,27,R2,0.6681459056569741,0.6731074848938483,0.1965688200122606,0.9663820608832232,1027
1,9,29,R2,0.7972846964840911,0.9381230058835738,0.1258349986033384,0.6287788710335921,1027
2,115,3,R2,0.4962390379472456,0.4800846894249162,0.1541962171737708,0.8286671535007167,1027
2,97,4,R2,0.516675003458972,0.5293622001205425,0.0621260493840104,0.4198954506031015,1027
2,45,5,R2,0.5572395074667598,0.4471340860179372,0.0838218232996341,0.6040480074055345,1027
2,40,7,R2,0.5433476890659316,0.663764847271731,0.1309091980965934,0.3775568730008084,1027
2,10,8,R2,0.6458620278712676,0.7232601842086059,0.1365474011139215,0.7039573287377328,1027
2,46,9,R2,0.6279383587866577,0.853128046518489,0.1862663982213472,0.5098874013043293,1027
2,75,10,R2,0.5774169644640066,0.6777731616203317,0.1616134798828258,0.7503287693809347,1027
2,21,15,R2,0.5753887920901402,0.7155903090440869,0.1459257286121714,0.6315440264103044,1027
2,11,16,R2,0.6606653054141474,0.6832254577429963,0.0205459373899585,0.7780492676520301,1027
2,20,23,R2,0.4637765971208015,0.4693220882321762,0.2680213669394279,0.4420928036165998,1027
2,117,24,R2,0.5785961327569905,0.8292901059832712,0.2332044486253055,0.2713353473935,1027
2,79,25,R2,0.4873328724708753,0.4837888389806238,0.227333460171585,0.419348774407526,1027
2,96,26,R2,0.5336133125788792,0.4362460056892994,0.347767925783287,0.4693279551090806,1027
2,17,29,R2,0.6746678351254937,0.7208721879945614,0.1374364082050665,0.7050406871413818,1027
3,47,2,R2,0.439048202447829,0.3335752582055319,0.2523209205679509,0.6797872661395753,1027
3,68,6,R2,0.5387283983957473,0.5408080352205473,0.3416350225835726,0.6672473595267748,1027
3,14,12,R2,0.6407520234120023,0.7048064703667716,0.149096463572037,0.8392379233788471,1027
3,85,14,R2,0.5067912019370765,0.5941411678876323,0.2680858151323716,0.3915927447663722,1027
3,70,17,R2,0.5041215261480987,0.6555376100969258,0.1433205268456219,0.2787747965951042,1027
3,119,18,R2,0.4067381821993978,0.4100605590521808,0.2106177814628106,0.1296171743255,1027
3,100,22,R2,0.5993885618778869,0.5195954789497655,0.0850752002798742,0.8963543611580116,1027
3,42,23,R2,0.4004500265618456,0.5405909076371775,0.2446633355773138,0.6086955553839195,1027
3,23,27,R2,0.560715383155046,0.4448334383890705,0.2897057399995823,0.5913715991357156,1027
4,88,1,R2,0.4844171139135843,0.4142062853123229,0.0691229083110489,0.4719115425724801,1027
4,99,17,R2,0.3956650570027246,0.5158065015916848,0.1713866280527315,0.2611208252706377,1027
4,95,18,R2,0.3882105623585791,0.3510615670445983,0.1994622850782377,0.520302321385532,1027
4,80,19,R2,0.4692322241003548,0.4600535266404572,0.0859945364044874,0.5336947868224654,1027
4,31,22,R2,0.4378986720635593,0.4542307765280485,0.0971163543167328,0.4384815526057972,1027
5,107,0,R2,0.4509763150175346,0.4693029184123604,0.1557037960124404,0.7426263829930433,1027
5,30,3,R2,0.458248032157241,0.5371649528923921,0.1645150380189222,0.4087787125714396,1027
5,33,10,R2,0.3166253406633365,0.4161674430595368,0.1682367602651473,0.3633425395305546,1027
5,4,21,R2,0.4558224927998904,0.4902816612725236,0.168385077010778,0.5044379334026406,1027
5,67,28,R2,0.4427355381787376,0.529602486063858,0.2524628913123191,0.7373613669965605,1027
6,60,20,R2,0.4192457725129524,0.4130248693869014,0.3222863210463782,0.4298354966296584,1027
1,6,1,R3,0.6709813867264759,0.6563915396349085,0.0570033425015851,0.6257708498084371,1027
1,59,2,R3,0.6398853649809888,0.7214322963987173,0.2000082796300873,0.8515535779251928,1027
1,30,3,R3,0.4916933390043954,0.5199153108949064,0.1652796037351722,0.4087787125714396,1027
1,27,4,R3,0.7732755345185891,0.8393515119846128,0.0569088145113479,0.2581418195456914,1027
1,45,5,R3,0.4792772099653244,0.4471340860179372,0.0838218232996341,0.6040480074055345,1027
1,55,6,R3,0.536906797759735,0.4972033116060289,0.3959982446163752,0.6794257727886007,1027
1,51,8,R3,0.7345536461578701,0.8692882568407673,0.1314080221945892,0.745538927218957,1027
1,39,9,R3,0.7579404336674369,0.976567806319716,0.1595588644111126,0.5833073504606746,1027
1,33,10,R3,0.3717105863029943,0.4113126997433578,0.1684610913028167,0.3633425395305546,1027
1,12,11,R3,0.7435221349256999,0.9242312288987828,0.1327914100541068,0.3955596694580766,1027
1,7,12,R3,0.8062129216147542,0.944923985798325,0.1282112197229071,0.7604276793074495,1027
1,22,14,R3,0.5641084862450845,0.6527090008645375,0.2187750935119683,0.8664616982555808,1027
1,49,15,R3,0.6636870946526884,0.8393706181570038,0.1471662641812841,0.4962910009575082,1027
1,11,16,R3,0.7020389998439042,0.682076768388156,0.0205636068924925,0.7780492676520301,1027
1,70,17,R3,0.6088572179837637,0.6555376100969258,0.1433205268456219,0.2787747965951042,1027
1,89,19,R3,0.6635190301254869,0.8036979190718324,0.0701411325305875,0.7014176818285469,1027
1,4,21,R3,0.4508109182121702,0.4902816612725236,0.168385077010778,0.5044379334026406,1027
1,100,22,R3,0.5757451586398762,0.5073627889222481,0.0855718870235146,0.8963543611580116,1027
1,73,23,R3,0.4117951059945765,0.5758332541072078,0.2725511550725926,0.407937626421946,1027
1,79,25,R3,0.5454168213667127,0.478422001018982,0.227333460171585,0.419348774407526,1027
1,96,26,R3,0.4930665521609254,0.4362460056892994,0.347767925783287,0.4693279551090806,1027
1,53,27,R3,0.6545966834736756,0.6731074848938483,0.1965688200122606,0.9663820608832232,1027
1,115,28,R3,0.561135241294466,0.5268397578377912,0.2345855314033528,0.8286671535007167,1027
1,9,29,R3,0.8379407741960018,0.9381230058835738,0.1258349986033384,0.6287788710335921,1027
2,88,1,R3,0.4697857360395119,0.4081585457573159,0.0692693763117753,0.4719115425724801,1027
2,1,2,R3,0.5947380577472219,0.7477570489700092,0.2162378638527873,0.4758971261786862,1027
2,14,3,R3,0.5484528657311835,0.4620561401931762,0.1770777412178163,0.8392379233788471,1027
2,97,4,R3,0.5316035398614201,0.5225957808969894,0.0622233267532135,0.4198954506031015,1027
2,56,6,R3,0.3576040769317977,0.2261819303353327,0.443350253006794,0.5291788954005351,1027
2,74,7,R3,0.5960775846658877,0.5186731943241729,0.1115581075249436,0.8083680905431868,1027
2,10,8,R3,0.6807265983085136,0.735047208917966,0.1358084354128261,0.7039573287377328,1027
2,75,10,R3,0.4906181860269771,0.6777731616203317,0.1616134798828258,0.7503287693809347,1027
2,61,12,R3,0.5455628944823375,0.673423685000651,0.1961529255317144,0.2728159469144011,1027
2,69,13,R3,0.3668065484971353,0.2503290025762845,0.1262527737583001,0.8731237577888297,1027
2,21,15,R3,0.6119401626015699,0.7055083034347571,0.1462740759362388,0.6315440264103044,1027
2,13,16,R3,0.6965303914274003,0.8217288629687245,0.0261277142595981,0.4252443369547251,1027
2,26,18,R3,0.4068627778226197,0.5101411921477246,0.1715590863768437,0.503261254577299,1027
2,18,19,R3,0.4632857585104893,0.5163254606949743,0.0957798469004728,0.423928021005547,1027
2,117,24,R3,0.605387371593462,0.8365932074069347,0.2208266513404033,0.2713353473935,1027
2,110,25,R3,0.468876051332434,0.6322400298216989,0.2041012708969264,0.6641708342890248,1027
2,68,26,R3,0.4566808871642449,0.4551225539751335,0.3164234919178049,0.6672473595267748,1027
2,17,29,R3,0.6458745182341888,0.7204060288270215,0.1375785576176176,0.7050406871413818,1027
3,40,7,R3,0.5424799317928656,0.6671255943084435,0.1308049317050277,0.3775568730008084,1027
3,16,9,R3,0.6317941267937723,0.624498294007979,0.184632550693675,0.8068586608969833,1027
3,65,11,R3,0.4071093867447474,0.3880690182908864,0.1858228654416027,0.1801918898954108,1027
3,77,20,R3,0.5525180283713161,0.5140982570485921,0.3116168029646171,0.4614013485973006,1027
3,20,23,R3,0.4171035912458337,0.4694522374247337,0.2681744761931409,0.4420928036165998,1027
3,113,24,R3,0.5763516051719249,0.6433230416805433,0.2467008791409203,0.7875154433236532,1027
3,28,28,R3,0.4323861865403468,0.5843681175920692,0.2560286224270306,0.4415727412323614,1027
4,66,21,R3,0.4205759162741196,0.3283431370692524,0.1573188494798917,0.7631325968519388,1027
5,81,5,R3,0.5036193061459259,0.4243037439539543,0.0839233682283387,0.7594090438064883,1027
5,85,14,R3,0.4747613910447028,0.614282786674173,0.2640395933195523,0.3915927447663722,1027
5,101,22,R3,0.5140119325655196,0.4917539914300207,0.0941118965326937,0.5544286549505547,1027
6,119,0,R3,0.5036415835017471,0.5744975119368279,0.1653747468854198,0.1296171743255,1027
6,99,17,R3,0.4410692902235011,0.5722259185884663,0.142670295514055,0.2611208252706377,1027
1,0,0,R0,0.6124459924477006,0.3349105658071907,0.0854204365662191,0.6209782257386366,1028
1,66,1,R0,0.6951337527679936,0.6893362228270024,0.2615831226016686,0.6102087146873877,1028
1,1,3,R0,0.6536577195434137,0.7318477012205913,0.1137545053741938,0.2833553874325423,1028
1,53,4,R0,0.6884818319933352,0.5608745740297805,0.3982033964914547,0.7298408224274003,1028
1,90,5,R0,0.4974300161758225,0.4079404361776572,0.3155408126578656,0.414454566113936,1028
1,67,6,R0,0.7531711524303452,0.6887271247374946,0.0345956844737587,0.5092674761988207,1028
1,94,7,R0,0.6302388509670296,0.6574900707023839,0.0794555257046956,0.38106595479144,1028
1,25,8,R0,0.5741626065405389,0.4866493343710337,0.1907650522757148,0.7964139112725394,1028
1,10,9,R0,0.6598709384832557,0.9291885147727668,0.1908615298270041,0.6968607476346074,1028
1,64,10,R0,0.8133889940109001,0.900787883204976,0.1376110452383989,0.5427872048077274,1028
1,5,11,R0,0.68358806583927,0.5862763904148574,0.0725437784563947,0.6043712885131888,1028
1,76,12,R0,0.6281764330154396,0.7315839311348213,0.2700084616552186,0.3108535382734184,1028
1,19,13,R0,0.4549809006292108,0.5228807036261829,0.4231890328378354,0.6237889083910692,1028
1,115,14,R0,0.6294050186039701,0.5916605753527234,0.4595723325382237,0.265693719313034,1028
1,77,15,R0,0.7970517377530411,0.8747058826989822,0.1440214882262862,0.920623673311214,1028
1,39,16,R0,0.6696678619243355,0.7373257917004081,0.0763710458431999,0.423365843477399,1028
1,38,18,R0,0.5519596811713106,0.4755304415979806,0.1012076596747809,0.6128514344257249,1028
1,113,19,R0,0.5601964007213212,0.4581197321627004,0.052389575999263,0.2850750532529579,1028
1,55,20,R0,0.5362000417077195,0.4160473238894148,0.3532079082436453,0.7804436907369005,1028
1,119,21,R0,0.5830961300578078,0.5334654619851509,0.2659690657367895,0.4109552723417783,1028
1,99,22,R0,0.7483905704948238,0.6861256051110045,0.1108281509082965,0.7391020515266349,1028
1,65,23,R0,0.5080057357874509,0.498425243153863,0.3083977974122657,0.6078358408862814,1028
1,11,24,R0,0.4706855264050737,0.6046056031219058,0.0351735143079468,0.4264647919804294,1028
1,30,25,R0,0.6455594478496218,0.6357983637823683,0.1923043349325631,0.3095876115644572,1028
1,109,27,R0,0.6642022059262436,0.7020575505602789,0.0935486307823512,0.6635353162375497,1028
1,70,28,R0,0.695964058262973,0.6617043762642205,0.0836846801161372,0.9168083930069544,1028
1,74,29,R0,0.523191474877518,0.2079666411366582,0.5483654155790776,0.4354140111886905,1028
2,106,1,R0,0.5276565723023948,0.4845758651378639,0.2763699104237835,0.3420758824948917,1028
2,98,2,R0,0.4680154191676919,0.2440832183199558,0.3352164149591758,0.0943009448533198,1028
2,9,3,R0,0.5503994429174723,0.4744901052263471,0.1232865841356907,0.7312988229981122,1028
2,60,4,R0,0.6657056516659255,0.5116586368279357,0.4023178676771647,0.6858415737083224,1028
2,103,5,R0,0.554080196455612,0.4649320344308265,0.2989247946429379,0.0476482904910589,1028
2,72,6,R0,0.6291686492943935,0.550062857941702,0.0360153969257388,0.6438583498680824,1028
2,91,9,R0,0.5438849802598016,0.3787030930727627,0.2310415402119243,0.8825328348203566,1028
2,20,14,R0,0.5758291491636061,0.7040667606119868,0.4457003903913491,0.4169108367444669,1028
2,82,17,R0,0.6114159204831167,0.4540913927494844,0.2742135628734111,0.778296158791919,1028
2,73,19,R0,0.4855945002639484,0.3647447057286733,0.053669091745777,0.6330014652026371,1028
2,83,21,R0,0.4677641766222248,0.545155338762586,0.2720641638442558,0.7070540146921479,1028
2,93,22,R0,0.5897028708252935,0.4538314441429806,0.1190695216381834,0.8033487477126017,1028
2,86,23,R0,0.6441500436049463,0.637944285803554,0.2953014288580682,0.5518086537113411,1028
2,85,24,R0,0.5961280181259249,0.4346697171371149,0.0372102388485118,0.5099341911482179,1028
2,48,25,R0,0.5511535102458184,0.653858933433846,0.1914084521401265,0.2046678834215146,1028
2,42,27,R0,0.4550290748646907,0.376331026216941,0.1027645406526857,0.681824472259041,1028
2,43,28,R0,0.5472840391938458,0.4890143321475316,0.0897273461080608,0.6196359441202222,1028
3,105,0,R0,0.4978991982142611,0.4709530897940377,0.0816369100099361,0.7158632076466628,1028
3,50,8,R0,0.5189488488309857,0.4086702677308489,0.1940191236725635,0.5457700744739132,1028
3,110,10,R0,0.6345513387712073,0.5647807748779585,0.153757876553977,0.4833144292768558,1028
3,24,12,R0,0.410741813837939,0.2188898521518391,0.3134812607171187,0.6615743571898441,1028
3,87,16,R0,0.5671816085254755,0.6056702898823001,0.0787471005927948,0.312071666272837,1028
3,56,29,R0,0.4595715262287,0.5147937168589185,0.4959863868222937,0.7407385250428468,1028
4,88,2,R0,0.5539635222447679,0.2648263579212002,0.3321746497251621,0.2800657483775772,1028
4,92,17,R0,0.6659724745616251,0.549398691053981,0.2719357686406315,0.3448683092645652,1028
6,116,15,R0,0.4210853413918428,0.248767685685553,0.1745543107708344,0.9749300941537064,1028
6,79,18,R0,0.525195155984707,0.6852333928047474,0.0925637626417962,0.6136107997136899,1028
6,17,26,R0,0.4855345188695438,0.3522785841953926,0.080722954344148,0.4841762706566612,1028
1,109,0,R1,0.6753308495029208,0.6501597496679348,0.0649446155598053,0.6635353162375497,1028
1,66,1,R1,0.5940686883991885,0.6893362228270024,0.2398543267205077,0.6102087146873877,1028
1,1,3,R1,0.595911589411529,0.7318477012205913,0.1075508007134037,0.2833553874325423,1028
1,53,4,R1,0.5812941866473966,0.5608745740297805,0.2949026153033972,0.7298408224274003,1028
1,67,6,R1,0.6021264363383315,0.6887271247374946,0.0299322387487155,0.5092674761988207,1028
1,94,7,R1,0.5536126264607201,0.6574900707023839,0.0694200067718252,0.38106595479144,1028
1,25,8,R1,0.5345535646344608,0.4866493343710337,0.15672322060294,0.7964139112725394,1028
1,10,9,R1,0.7905609201800332,0.9291885147727668,0.1277048266841705,0.6968607476346074,1028
1,64,10,R1,0.7396879569070488,0.900787883204976,0.0996184233918266,0.5427872048077274,1028
1,115,14,R1,0.5826354496479914,0.5916605753527234,0.4548551880011451,0.265693719313034,1028
1,79,18,R1,0.5093215859670351,0.6818039760706973,0.0761806330632885,0.6136107997136899,1028
1,55,20,R1,0.4040859272483239,0.4160473238894148,0.3087952960038448,0.7804436907369005,1028
1,4,22,R1,0.6093906230372034,0.6026569812646202,0.0936348363492205,0.6780831497791748,1028
1,86,23,R1,0.4922792877292374,0.6369552431356714,0.2631741392787085,0.5518086537113411,1028
1,5,24,R1,0.6564808085320374,0.7253605923852081,0.0261033557537991,0.6043712885131888,1028
1,99,25,R1,0.7317944035624407,0.7440360938299004,0.1382944661273269,0.7391020515266349,1028
1,19,29,R1,0.4944451233134015,0.4554896142107091,0.4410151563882039,0.6237889083910692,1028
2,105,0,R1,0.4786702904085534,0.4709530897940377,0.0689426373274746,0.7158632076466628,1028
2,60,4,R1,0.5759924739831489,0.5116586368279357,0.3712560553383444,0.6858415737083224,1028
2,103,5,R1,0.4599871182392396,0.4645877921797428,0.2928304781407935,0.0476482904910589,1028
2,76,8,R1,0.5925793216135529,0.7625790471932055,0.1681579920080951,0.3108535382734184,1028
2,110,10,R1,0.5381068489761619,0.5647807748779585,0.142276156656254,0.4833144292768558,1028
2,81,12,R1,0.4673469196112811,0.3763524516150384,0.2650164385799715,0.660729185399373,1028
2,20,14,R1,0.6346473702381844,0.7025263087458824,0.3881721664615147,0.4169108367444669,1028
2,77,15,R1,0.8740904986569761,0.8747058826989822,0.0967445930150741,0.920623673311214,1028
2,39,16,R1,0.5910800349460704,0.7373257917004081,0.0627986392847039,0.423365843477399,1028
2,83,21,R1,0.5256358282425262,0.5429151467439601,0.2188587883372978,0.7070540146921479,1028
2,30,22,R1,0.5032471721622038,0.6534712625840882,0.1103403987061654,0.3095876115644572,1028
2,85,24,R1,0.6004950709913316,0.4346697171371149,0.0345684354753178,0.5099341911482179,1028
2,93,25,R1,0.5621539865923115,0.5805673059023078,0.1562403090995056,0.8033487477126017,1028
2,11,28,R1,0.6187606343325313,0.6985411706948796,0.0775436800859084,0.4264647919804294,1028
3,69,1,R1,0.5567270305020514,0.7464645315760147,0.2289116201688945,0.3395190813938981,1028
3,88,2,R1,0.4530715689674078,0.2648263579212002,0.325671572152209,0.2800657483775772,1028
3,58,6,R1,0.5976139112755776,0.5437239312409033,0.0294035226059809,0.61077923365545,1028
3,91,9,R1,0.5642789818351274,0.3798725556497688,0.1774626508557504,0.8825328348203566,1028
3,84,13,R1,0.4939490041659655,0.505814773236408,0.3873155103257648,0.6010619971815095,1028
3,82,17,R1,0.5434396314004618,0.4577413802354512,0.2390359292476102,0.778296158791919,1028
3,38,18,R1,0.5325367328734318,0.4865469343335691,0.090512598866104,0.6128514344257249,1028
3,65,23,R1,0.5003071719504502,0.4990404421981215,0.2878183135592329,0.6078358408862814,1028
3,70,28,R1,0.6025889334487181,0.6624401971198505,0.0619306657487037,0.9168083930069544,1028
3,74,29,R1,0.4522595872988137,0.2167869718022286,0.5523885790367464,0.4354140111886905,1028
4,92,17,R1,0.5424495623897311,0.549398691053981,0.2506872064934951,0.3448683092645652,1028
5,54,3,R1,0.5560657357474746,0.4803408643070423,0.0996759977893829,0.7389896008092747,1028
5,51,5,R1,0.4703408938489546,0.3753280298044068,0.2813351531929746,0.71755444217235,1028
5,18,12,R1,0.4433162450241075,0.4849182419845297,0.2880038343642456,0.4426225760752101,1028
5,87,16,R1,0.5664761973788585,0.6079467632940557,0.0829889509238816,0.312071666272837,1028
1,109,0,R2,0.646724001376329,0.6501597496679348,0.0649446155598053,0.6635353162375497,1028
1,1,3,R2,0.5983951190201098,0.7318477012205913,0.1075508007134037,0.2833553874325423,1028
1,73,6,R2,0.5264274755657593,0.5462657295538842,0.0302244914788027,0.6330014652026371,1028
1,76,8,R2,0.5467276318614367,0.7625790471932055,0.1682406700942017,0.3108535382734184,1028
1,10,9,R2,0.6968186226550391,0.9291885147727668,0.1277048266841705,0.6968607476346074,1028
1,64,10,R2,0.7718617157742502,0.900787883204976,0.0996184233918266,0.5427872048077274,1028
1,85,11,R2,0.4562420397487734,0.5685128067056058,0.0662526096989148,0.5099341911482179,1028
1,20,14,R2,0.5509438196792381,0.7025263087458824,0.3888228964759595,0.4169108367444669,1028
1,77,15,R2,0.7799127028993605,0.8747058826989822,0.0967445930150741,0.920623673311214,1028
1,87,16,R2,0.5237872522589769,0.6056702898823001,0.0832604143935825,0.312071666272837,1028
1,92,17,R2,0.5087155801628874,0.549398691053981,0.2506872064934951,0.3448683092645652,1028
1,55,20,R2,0.4417453508194303,0.4160473238894148,0.3087952960038448,0.7804436907369005,1028
1,83,21,R2,0.5407352060757378,0.5429151467439601,0.2188587883372978,0.7070540146921479,1028
1,86,23,R2,0.5809167035686814,0.6369552431356714,0.2631741392787085,0.5518086537113411,1028
1,5,24,R2,0.7232921725108887,0.7253605923852081,0.0261033557537991,0.6043712885131888,1028
1,99,25,R2,0.7400895094575767,0.7440360938299004,0.1382944661273269,0.7391020515266349,1028
1,119,27,R2,0.4119225660634169,0.4405530353922505,0.0916992672768208,0.4109552723417783,1028
1,70,28,R2,0.5809642274436838,0.6617043762642205,0.0619306657487037,0.9168083930069544,1028
2,105,0,R2,0.4685793658654191,0.4709530897940377,0.0689426373274746,0.7158632076466628,1028
2,53,2,R2,0.4882343189617683,0.4607969406123497,0.2358801015615647,0.7298408224274003,1028
2,54,3,R2,0.5109134494849255,0.479470680998274,0.099712157502407,0.7389896008092747,1028
2,60,4,R2,0.5535949474446312,0.513072749329043,0.3712560553383444,0.6858415737083224,1028
2,94,7,R2,0.6750066080421301,0.6574900707023839,0.0694200067718252,0.38106595479144,1028
2,115,14,R2,0.5088369560832801,0.5916605753527234,0.4548551880011451,0.265693719313034,1028
2,39,16,R2,0.672881570125746,0.7373257917004081,0.0627986392847039,0.423365843477399,1028
2,82,17,R2,0.5481986129359359,0.4654673801115491,0.2383196384914477,0.778296158791919,1028
2,79,18,R2,0.5699227706938452,0.6823470931472414,0.0760684565426446,0.6136107997136899,1028
2,67,19,R2,0.537471228762214,0.4890204111943924,0.0464781944273611,0.5092674761988207,1028
2,30,22,R2,0.578712260367524,0.6534712625840882,0.1105325955495111,0.3095876115644572,1028
2,44,23,R2,0.5144681621484305,0.5451116957448293,0.2623288354111943,0.7389366475096905,1028
2,4,25,R2,0.5531808122668258,0.7125397546338176,0.1563531176294318,0.6780831497791748,1028
2,45,27,R2,0.3919053506424766,0.4472227371255763,0.0857493753154787,0.8019506450837811,1028
2,43,28,R2,0.5507051699862836,0.4890143321475316,0.0780590922669564,0.6196359441202222,1028
3,66,1,R2,0.5265530476182881,0.6951010511931293,0.2398543267205077,0.6102087146873877,1028
3,72,6,R2,0.4989017855956381,0.5587315155294474,0.0316613221208324,0.6438583498680824,1028
3,91,9,R2,0.540020682590169,0.3854978209522708,0.1769933739830425,0.8825328348203566,1028
3,110,10,R2,0.5688281483524004,0.5712467818306879,0.1421912394706318,0.4833144292768558,1028
3,25,12,R2,0.5301346030141457,0.4606334866286302,0.2478931797793394,0.7964139112725394,1028
3,19,13,R2,0.5409742107044169,0.5228807036261829,0.3767529789727326,0.6237889083910692,1028
4,69,1,R2,0.5145925281066211,0.7602542792674739,0.2280490676538759,0.3395190813938981,1028
4,58,2,R2,0.4323490061405569,0.3916668792627406,0.2823731411032242,0.61077923365545,1028
4,90,5,R2,0.4447813683915754,0.4373786045899256,0.2672630733126422,0.414454566113936,1028
4,84,19,R2,0.5302445508885907,0.5061779495378778,0.0468104004095461,0.6010619971815095,1028
4,93,22,R2,0.4975546291848809,0.4568807280452007,0.0996053105621267,0.8033487477126017,1028
5,23,4,R2,0.3241826818384625,0.1744427717778931,0.4611068911335094,0.2476942566920877,1028
5,81,12,R2,0.4245840423426325,0.3921425105582287,0.2642553890516411,0.660729185399373,1028
5,38,18,R2,0.47796719852832,0.4834759373629521,0.0913239963521587,0.6128514344257249,1028
6,51,5,R2,0.4943763927753415,0.3676504050450748,0.2808679431420038,0.71755444217235,1028
1,109,0,R3,0.7182940071271204,0.6501597496679348,0.0649446155598053,0.6635353162375497,1028
1,82,1,R3,0.5886392690604143,0.4775844813536775,0.2411935374750833,0.778296158791919,1028
1,1,3,R3,0.5494027683973911,0.7318477012205913,0.1075508007134037,0.2833553874325423,1028
1,53,4,R3,0.6276231231170593,0.5608745740297805,0.2949026153033972,0.7298408224274003,1028
1,90,5,R3,0.4363233998349055,0.4079404361776572,0.2695735957662269,0.414454566113936,1028
1,73,6,R3,0.5766481291070883,0.5462657295538842,0.0302244914788027,0.6330014652026371,1028
1,76,8,R3,0.6930900263933581,0.7625790471932055,0.1682406700942017,0.3108535382734184,1028
1,91,9,R3,0.4501243875973156,0.3787030930727627,0.1774626508557504,0.8825328348203566,1028
1,64,10,R3,0.7439885716741023,0.900787883204976,0.0996184233918266,0.5427872048077274,1028
1,10,11,R3,0.7982077665355497,0.9750585466451538,0.0469841081356435,0.6968607476346074,1028
1,25,12,R3,0.4765969843947208,0.4561226602566075,0.2482471797961419,0.7964139112725394,1028
1,84,13,R3,0.4695425368996946,0.5022950928027279,0.3874947123294823,0.6010619971815095,1028
1,20,14,R3,0.5804164746187266,0.7025263087458824,0.3888228964759595,0.4169108367444669,1028
1,77,15,R3,0.6916727985359624,0.8747058826989822,0.0967445930150741,0.920623673311214,1028
1,39,16,R3,0.6448061983606724,0.7373257917004081,0.0627986392847039,0.423365843477399,1028
1,83,21,R3,0.5587388018916994,0.5429151467439601,0.2188587883372978,0.7070540146921479,1028
1,99,22,R3,0.7031776965115171,0.6861256051110045,0.0831667772306163,0.7391020515266349,1028
1,86,23,R3,0.537474550613368,0.6369552431356714,0.2631741392787085,0.5518086537113411,1028
1,5,24,R3,0.6116748701193043,0.7253605923852081,0.0261033557537991,0.6043712885131888,1028
1,4,25,R3,0.6087662108006414,0.7125397546338176,0.1563531176294318,0.6780831497791748,1028
2,66,1,R3,0.6403509290862656,0.7011755562420683,0.2393542786632867,0.6102087146873877,1028
2,97,3,R3,0.5230334060053305,0.4434762877199216,0.1089245451443948,0.8888407484230706,1028
2,58,4,R3,0.5371850601096558,0.577006816136531,0.3191589417287087,0.61077923365545,1028
2,67,6,R3,0.6561982843179281,0.6887271247374946,0.0299322387487155,0.5092674761988207,1028
2,94,7,R3,0.5656683260836968,0.6574900707023839,0.0694200067718252,0.38106595479144,1028
2,50,8,R3,0.4924358350169499,0.4203819731596414,0.163340195134057,0.5457700744739132,1028
2,69,10,R3,0.5155988093304347,0.5787523290245213,0.1320034533525037,0.3395190813938981,1028
2,85,11,R3,0.6159319126080716,0.5720325484146456,0.0662526096989148,0.5099341911482179,1028
2,115,14,R3,0.513960486480749,0.5916605753527234,0.4548551880011451,0.265693719313034,1028
2,87,16,R3,0.4950102647454352,0.6056702898823001,0.0832604143935825,0.312071666272837,1028
2,92,17,R3,0.5939386955056677,0.549398691053981,0.2506872064934951,0.3448683092645652,1028
2,79,18,R3,0.5395679206941969,0.6818039760706973,0.0761806330632885,0.6136107997136899,1028
2,30,22,R3,0.5307029162605564,0.659946244326049,0.1097989577219501,0.3095876115644572,1028
2,11,24,R3,0.5333352827323866,0.6046056031219058,0.0308663858623861,0.4264647919804294,1028
2,93,25,R3,0.5931876472683845,0.5868065970099089,0.1562403090995056,0.8033487477126017,1028
2,45,27,R3,0.4698012814076194,0.4370613696417559,0.0861125304489389,0.8019506450837811,1028
2,70,28,R3,0.6356133970674162,0.6673812832626328,0.0618994264889364,0.9168083930069544,1028
2,56,29,R3,0.3950657807050227,0.5147937168589185,0.4386384803591565,0.7407385250428468,1028
3,105,0,R3,0.4462767801323135,0.4709530897940377,0.0689426373274746,0.7158632076466628,1028
3,12,17,R3,0.3738510539802335,0.4119355160368367,0.2757391204457562,0.3776975713130856,1028
3,65,23,R3,0.4609529205312771,0.5035730974116785,0.2864710053801658,0.6078358408862814,1028
3,89,28,R3,0.4913961175382846,0.4709271933048832,0.0773173856814482,0.860359817963078,1028
4,51,5,R3,0.4723280587765239,0.371593841487152,0.2801150772337873,0.71755444217235,1028
4,47,9,R3,0.3757757398231061,0.5803345386105714,0.2024187952944685,0.245551197386996,1028
4,68,19,R3,0.5432257781564483,0.5526243218921856,0.0524947487845182,0.2253208188346944,1028
4,55,20,R3,0.4216596820113533,0.4209584982176855,0.3082629136445569,0.7804436907369005,1028
4,119,21,R3,0.4842502799746831,0.5374453373752441,0.242826745192788,0.4109552723417783,1028
4,42,27,R3,0.4216854414660637,0.3818990251919406,0.0880259836144433,0.681824472259041,1028
5,19,13,R3,0.5121320875501337,0.5370661336418998,0.3725108855166941,0.6237889083910692,1028
5,38,18,R3,0.5002440155807478,0.532224707627257,0.079938959323483,0.6128514344257249,1028
5,113,19,R3,0.4741205615625976,0.463997058421024,0.0495506787919535,0.2850750532529579,1028
5,17,26,R3,0.4012163901312507,0.3510003602556775,0.0807944300080811,0.4841762706566612,1028
6,88,2,R3,0.5042029893515793,0.2696147626588828,0.3230704927139555,0.2800657483775772,1028
6,63,29,R3,0.3326999497701012,0.3558185618131454,0.4337966806212259,0.5825181724217093,1028
1,15,0,R0,0.6363152591670632,0.6454901553030867,0.1036698393601031,0.5130175856124848,1029
1,113,1,R0,0.5940057649089987,0.7007777649102915,0.1942130837638531,0.2632716507313171,1029
1,94,3,R0,0.8492553895068765,0.95886211642668,0.1900273534257152,0.732601818192032,1029
1,48,4,R0,0.8531047553851602,0.7849602051394129,0.2021741354742625,0.7837048588279644,1029
1,110,5,R0,0.6007338005275604,0.2428116511563548,0.4486810364517883,0.8389769127790522,1029
1,114,6,R0,0.4918867045492846,0.3492129297075181,0.05273712838452,0.5480395001816767,1029
1,107,7,R0,0.5985468174034889,0.5741965704507244,0.1343807788990568,0.2188610721532944,1029
1,102,9,R0,0.6799081879720331,0.536292757471156,0.0530569584296857,0.4057218501187451,1029
1,83,10,R0,0.8278045493706778,0.7784697653131915,0.0533847490085547,0.3994108822183004,1029
1,46,11,R0,0.7383621821705709,0.7130430142715423,0.0796511471906884,0.7040500564021146,1029
1,43,12,R0,0.6696744222701028,0.6819859663515824,0.1800751177848889,0.7971942722425083,1029
1,58,13,R0,0.6999014683509764,0.7289893442497961,0.2169460425522723,0.4286698316387024,1029
1,42,14,R0,0.658047744257761,0.7649718571595561,0.2733458066965158,0.5115041311883145,1029
1,56,16,R0,0.7209852211881658,0.8060159648575733,0.2182596761232891,0.7745397625607814,1029
1,32,18,R0,0.6032619654985957,0.518092064482339,0.1595482010600505,0.4963554118032996,1029
1,5,19,R0,0.7725495478900734,0.9016865601576064,0.1224986754215954,0.2549805598007149,1029
1,96,20,R0,0.5161990398697406,0.4662096408799883,0.3225932249960979,0.866530844165159,1029
1,14,21,R0,0.5370829213010431,0.4478524810267058,0.4723541667336433,0.6396257219982251,1029
1,115,24,R0,0.5602240952189329,0.6195374215070787,0.0854924236332843,0.6743886090509735,1029
1,68,26,R0,0.7261738274374457,0.934344033897455,0.2185524792945021,0.5541410412175861,1029
1,86,27,R0,0.8256234176336742,0.8156633621761679,0.0428848386915236,0.2662854705458459,1029
1,72,28,R0,0.5151116487940537,0.4111903279512006,0.2125296592159392,0.541888362715412,1029
2,17,0,R0,0.5986917189482369,0.5084653522672852,0.1089525379053715,0.4140471413263691,1029
2,76,2,R0,0.7578502872777267,0.7682382831407253,0.1459738451050541,0.7972981537934868,1029
2,87,3,R0,0.6851612911755265,0.7077978147801043,0.2016733476747691,0.4644390238549786,1029
2,105,4,R0,0.6651971123058048,0.7004659359935692,0.2062796099772892,0.594747202663443,1029
2,9,5,R0,0.5904762287786705,0.6946585142920577,0.3941467192061933,0.2527839508308295,1029
2,119,6,R0,0.3714621531493015,0.2673377988109822,0.0545842872418304,0.3668634672814412,1029
2,100,8,R0,0.5073668103256443,0.2718750095462056,0.2201805047581457,0.7246351173443725,1029
2,106,10,R0,0.6911833341018333,0.6777558978884288,0.0553609119799099,0.3387660570332821,1029
2,97,13,R0,0.6058205380508838,0.4867002548885808,0.2398673837511392,0.7779047005244771,1029
2,51,14,R0,0.4468714266881547,0.2792208616888575,0.3180573546293359,0.7437619567689555,1029
2,40,16,R0,0.4641567809936732,0.4107954043134146,0.2470701724730139,0.3783477511391342,1029
2,117,18,R0,0.5778586359423096,0.2649445107518564,0.1706323614061191,0.9108245900050138,1029
2,108,19,R0,0.6542127939608096,0.4838326137793602,0.1380053567291109,0.34911418010156,1029
2,95,21,R0,0.4916371704313667,0.3856506183681969,0.475935371148281,0.6333286277150958,1029
2,70,22,R0,0.6035166326272114,0.6797139763998163,0.2249566956457427,0.582150288196034,1029
2,37,23,R0,0.4225089667130711,0.2658916169356415,0.3395548450355782,0.5660349050919612,1029
2,53,25,R0,0.5733962309362847,0.5114638637806863,0.248932998094128,0.3177943972332421,1029
2,22,26,R0,0.6153065395336104,0.6923511940334106,0.2334256344585915,0.4846521763459001,1029
2,60,27,R0,0.6726517104957972,0.7392396534604573,0.0443344381564422,0.6953634390437338,1029
2,36,28,R0,0.4908846280921572,0.4950882593647658,0.2027963766073765,0.2918027888242464,1029
2,82,29,R0,0.5981138769495729,0.4507080055196407,0.4316739849985639,0.6477746168311794,1029
3,31,2,R0,0.673300854322176,0.7584019205913551,0.1461857538067587,0.2940566428497637,1029
3,13,11,R0,0.7842064784581694,0.6807691798683742,0.0791944063573555,0.0971989111296329,1029
3,18,12,R0,0.4889677997198826,0.4747586924548768,0.1918250841427943,0.449752715633221,1029
3,69,20,R0,0.4967567117538773,0.4875286341287995,0.3216056575676762,0.9611243993702584,1029
3,24,24,R0,0.5635287724968002,0.5303057985738897,0.0883464943751788,0.3877192638140411,1029
4,12,1,R0,0.5487839121599543,0.2281221034009173,0.2250304497941904,0.6924183955305379,1029
4,103,7,R0,0.5288373054828344,0.3904680924192872,0.1418066179708513,0.6783593487808935,1029
4,67,8,R0,0.4753157066024051,0.4432048505440218,0.2098420059229135,0.6071976911298378,1029
4,75,9,R0,0.518202276165112,0.2963123917807494,0.0577062633106658,0.4955676930119403,1029
4,7,17,R0,0.569265164682664,0.4758188920062507,0.1392247647338042,0.5803601005752983,1029
4,4,22,R0,0.5838982976590322,0.4709420564058367,0.240234889047862,0.2518651403081748,1029
4,2,29,R0,0.6544375404691603,0.6938822508037528,0.4121056402764702,0.6680970247788032,1029
5,33,17,R0,0.4387754103508779,0.3382826959678343,0.1458910780257225,0.2347975936992935,1029
5,116,23,R0,0.4449657880456888,0.4090082305432146,0.325030098257417,0.5153160267143557,1029
6,6,15,R0,0.4485394076389474,0.4703171909232269,0.2458703639259747,0.6207259846981977,1029
1,15,0,R1,0.6372367107274045,0.6454901553030867,0.0860432834636978,0.5130175856124848,1029
1,115,1,R1,0.5403010207857952,0.4263751648948314,0.1812418094795268,0.6743886090509735,1029
1,76,2,R1,0.7634792155147997,0.7682382831407253,0.1100536808820062,0.7972981537934868,1029
1,94,3,R1,0.8808340031724938,0.95886211642668,0.1337544439711844,0.732601818192032,1029
1,48,4,R1,0.788144328065574,0.7849602051394129,0.1500671802569831,0.7837048588279644,1029
1,105,8,R1,0.4928755624975344,0.5874328867181383,0.1840756841776008,0.594747202663443,1029
1,83,10,R1,0.7002109927075176,0.7784697653131915,0.0436952033984099,0.3994108822183004,1029
1,46,11,R1,0.653259575137385,0.7130430142715423,0.0680275051939638,0.7040500564021146,1029
1,43,12,R1,0.6307529605361263,0.6819859663515824,0.1346915762763246,0.7971942722425083,1029
1,58,13,R1,0.7068185726609996,0.7289893442497961,0.1832681309515774,0.4286698316387024,1029
1,42,14,R1,0.5794062129941644,0.7649718571595561,0.224383727354094,0.5115041311883145,1029
1,56,16,R1,0.7930111963348944,0.8060159648575733,0.1577450187109504,0.7745397625607814,1029
1,7,17,R1,0.4661624023372652,0.4719458762456802,0.1401794188122113,0.5803601005752983,1029
1,117,18,R1,0.4324021246992335,0.2649445107518564,0.1607853799291911,0.9108245900050138,1029
1,5,19,R1,0.7017906478998961,0.9016865601576064,0.1110581106025206,0.2549805598007149,1029
1,24,24,R1,0.4090177322146119,0.5303057985738897,0.0850239705835627,0.3877192638140411,1029
1,68,26,R1,0.7186815470046024,0.934344033897455,0.1724510696892735,0.5541410412175861,1029
1,86,27,R1,0.6539883669130352,0.8156633621761679,0.0397214943278478,0.2662854705458459,1029
1,72,28,R1,0.4558401225965473,0.4111903279512006,0.187199572119291,0.541888362715412,1029
2,79,0,R1,0.532099934083082,0.3992431467294814,0.0990452495740639,0.5621790871417951,1029
2,31,2,R1,0.6194442446214903,0.7584019205913551,0.12720601821965,0.2940566428497637,1029
2,3,3,R1,0.6562625965096569,0.8399770120558077,0.1548728017263806,0.5888750792884894,1029
2,22,4,R1,0.4758225678038319,0.6340389561014402,0.191065090524055,0.4846521763459001,1029
2,110,6,R1,0.3742065034241937,0.2641444282363416,0.0490681554517648,0.8389769127790522,1029
2,67,8,R1,0.4938849771079677,0.4398171850652695,0.1961649306895238,0.6071976911298378,1029
2,102,9,R1,0.5621232376090214,0.536292757471156,0.0492449607131242,0.4057218501187451,1029
2,106,10,R1,0.6084149780950874,0.681374599259287,0.0484032754044341,0.3387660570332821,1029
2,13,11,R1,0.5965045381096254,0.6807691798683742,0.0817285486578691,0.0971989111296329,1029
2,18,12,R1,0.4771755996664235,0.4733432765618255,0.1778904837235522,0.449752715633221,1029
2,97,13,R1,0.4957355215045571,0.4859934401080453,0.2047058584897716,0.7779047005244771,1029
2,60,17,R1,0.5521023869164644,0.5874814130556163,0.1119743147316914,0.6953634390437338,1029
2,108,19,R1,0.4903906956418336,0.4838326137793602,0.1230852671663054,0.34911418010156,1029
2,26,26,R1,0.3411853961223833,0.2022610989323433,0.2490377754190592,0.7601106347120465,1029
3,113,1,R1,0.536296312884179,0.704516044785672,0.2290109664531734,0.2632716507313171,1029
3,9,5,R1,0.5667687458000353,0.6946585142920577,0.3352650693713704,0.2527839508308295,1029
3,103,7,R1,0.4510864986667623,0.3877669878959886,0.1211029875305024,0.6783593487808935,1029
3,35,9,R1,0.3904149770624965,0.402211732601457,0.053730127923853,0.526020924891078,1029
3,4,15,R1,0.4287668750227071,0.5041636324424079,0.2322344472291237,0.2518651403081748,1029
3,70,22,R1,0.5585299945413948,0.6797139763998163,0.1995041579642294,0.582150288196034,1029
3,91,28,R1,0.4762708361042618,0.4402489283563074,0.2039877833592127,0.5053151036274752,1029
3,2,29,R1,0.5579177332194651,0.6938822508037528,0.3299450471354182,0.6680970247788032,1029
4,17,14,R1,0.4798778719180096,0.6562215737157975,0.2556130383198038,0.4140471413263691,1029
4,69,20,R1,0.5178010051675919,0.4875286341287995,0.2687799177912345,0.9611243993702584,1029
4,88,22,R1,0.4699847549313541,0.5314652244368122,0.1899553081497569,0.6251630338656823,1029
4,32,24,R1,0.3832722600619966,0.4967191535954073,0.0777363514836381,0.4963554118032996,1029
4,82,29,R1,0.5642411904360152,0.4507080055196407,0.3501839876558926,0.6477746168311794,1029
5,107,7,R1,0.5868111657271099,0.5793578211550119,0.1307104735391975,0.2188610721532944,1029
5,6,15,R1,0.3052071250465766,0.4708526450169213,0.2552127640888062,0.6207259846981977,1029
5,40,16,R1,0.4819880807830843,0.4093872577526273,0.2520044931072406,0.3783477511391342,1029
5,96,20,R1,0.5368383560741025,0.4662096408799883,0.2634802537718831,0.866530844165159,1029
5,14,21,R1,0.4628579863544319,0.4634763696910697,0.4134786451807768,0.6396257219982251,1029
6,81,5,R1,0.4278387859142025,0.4558794351088846,0.3684888906321136,0.3223126305828784,1029
6,41,21,R1,0.427205874095468,0.4661803310766068,0.3819954538169591,0.6341527670764404,1029
6,84,23,R1,0.3910299063961542,0.2753859295258685,0.3123115704620879,0.5634441451041972,1029
6,53,25,R1,0.563438404544152,0.5149958118895119,0.2795698056171417,0.3177943972332421,1029
1,15,0,R2,0.6375500449088696,0.6454901553030867,0.0860432834636978,0.5130175856124848,1029
1,115,1,R2,0.5012218930100257,0.4263751648948314,0.1812418094795268,0.6743886090509735,1029
1,76,2,R2,0.7141321101541326,0.7682382831407253,0.1100536808820062,0.7972981537934868,1029
1,94,3,R2,0.8312057556821003,0.95886211642668,0.1337544439711844,0.732601818192032,1029
1,48,4,R2,0.6502041331582812,0.7849602051394129,0.1500671802569831,0.7837048588279644,1029
1,9,5,R2,0.6120807551166922,0.6946585142920577,0.3367759577167817,0.2527839508308295,1029
1,105,8,R2,0.5671895278096992,0.5874328867181383,0.1840756841776008,0.594747202663443,1029
1,83,10,R2,0.668692787480878,0.7784697653131915,0.0436952033984099,0.3994108822183004,1029
1,46,11,R2,0.6372233352379943,0.7130430142715423,0.0680275051939638,0.7040500564021146,1029
1,43,12,R2,0.630365046408473,0.6819859663515824,0.1346915762763246,0.7971942722425083,1029
1,58,13,R2,0.5813366531657445,0.7289893442497961,0.1832681309515774,0.4286698316387024,1029
1,42,14,R2,0.6292072060153494,0.7649718571595561,0.224383727354094,0.5115041311883145,1029
1,56,16,R2,0.8120452746574998,0.8060159648575733,0.1577450187109504,0.7745397625607814,1029
1,60,17,R2,0.5542854023927056,0.5874814130556163,0.1119743147316914,0.6953634390437338,1029
1,32,18,R2,0.4748188731964439,0.518092064482339,0.1427909583056913,0.4963554118032996,1029
1,5,19,R2,0.6773695782279827,0.9016865601576064,0.1110581106025206,0.2549805598007149,1029
1,14,21,R2,0.5853559000833558,0.4478524810267058,0.4159260736151281,0.6396257219982251,1029
1,70,22,R2,0.5604868149209135,0.6797139763998163,0.1995041579642294,0.582150288196034,1029
1,68,26,R2,0.7336678510042038,0.934344033897455,0.1724510696892735,0.5541410412175861,1029
1,86,27,R2,0.5468097119657676,0.8156633621761679,0.0397214943278478,0.2662854705458459,1029
1,82,29,R2,0.5592392178485994,0.4507080055196407,0.3501839876558926,0.6477746168311794,1029
2,31,2,R2,0.6772873490089679,0.7584019205913551,0.12720601821965,0.2940566428497637,1029
2,3,3,R2,0.6939327856402717,0.8437271141798983,0.1550207179389883,0.5888750792884894,1029
2,107,7,R2,0.4285262514981462,0.5750217628712622,0.1310746823382358,0.2188610721532944,1029
2,67,8,R2,0.4074785772252977,0.4470395590779852,0.195799604160184,0.6071976911298378,1029
2,106,10,R2,0.6907022006597406,0.6777558978884288,0.0484980489226966,0.3387660570332821,1029
2,69,11,R2,0.5409964396935006,0.4069452778278243,0.0693413314760321,0.9611243993702584,1029
2,97,13,R2,0.575296886574616,0.4859934401080453,0.2047058584897716,0.7779047005244771,1029
2,7,17,R2,0.4480799408243132,0.4719458762456802,0.1401794188122113,0.5803601005752983,1029
2,95,21,R2,0.4670239275824427,0.3856506183681969,0.4745368079792024,0.6333286277150958,1029
2,4,22,R2,0.5863387077973058,0.4708153118491048,0.2186045462404191,0.2518651403081748,1029
2,37,25,R2,0.5225439429742305,0.5242214852252898,0.2197847024009146,0.5660349050919612,1029
2,22,26,R2,0.624678414387938,0.6985993226961624,0.211354812437076,0.4846521763459001,1029
2,2,29,R2,0.5979791663333759,0.6938822508037528,0.3299450471354182,0.6680970247788032,1029
3,17,0,R2,0.5176524406580889,0.5129873887805123,0.0991859570442794,0.4140471413263691,1029
3,113,1,R2,0.5382279947425084,0.7059321739492074,0.2295305956006226,0.2632716507313171,1029
3,81,4,R2,0.4814802442171709,0.4229318755899161,0.207272494986023,0.3223126305828784,1029
3,103,7,R2,0.4517264555685963,0.3917074594794023,0.1212860441711062,0.6783593487808935,1029
3,19,12,R2,0.438913177752518,0.4838057393260512,0.1641142618055328,0.8011713733011827,1029
3,108,19,R2,0.5511548125676979,0.4855231499940627,0.122897098484676,0.34911418010156,1029
3,111,20,R2,0.5440013622856589,0.5182654567122769,0.2706170149145138,0.6307414877612837,1029
3,61,27,R2,0.4467412516264817,0.4036581686896744,0.0469711246408357,0.4391624176834343,1029
3,112,28,R2,0.497214401878323,0.4111765577331145,0.1904769961106065,0.4139403190355278,1029
4,110,5,R2,0.4774330777979582,0.2428116511563548,0.4033412043380669,0.8389769127790522,1029
4,65,15,R2,0.4536655411783682,0.2518230194469445,0.2523767195918784,0.8825778596190499,1029
4,24,24,R2,0.5822164850933008,0.5470578866529636,0.0846128592473716,0.3877192638140411,1029
4,53,25,R2,0.4591845944955269,0.5319455893635907,0.2794609573361338,0.3177943972332421,1029
5,59,14,R2,0.434423849650179,0.4232895564040662,0.2880382895609301,0.6992298216901314,1029
6,114,6,R2,0.4596043939575522,0.3633609367857763,0.0494073849549053,0.5480395001816767,1029
6,40,16,R2,0.4156493296447784,0.4139867891105357,0.251391002618102,0.3783477511391342,1029
6,117,18,R2,0.4410982169435089,0.284118731710979,0.1598171861070446,0.9108245900050138,1029
6,11,20,R2,0.4842141921144973,0.6746710320083075,0.2383460991607981,0.4865910984565609,1029
6,91,28,R2,0.4422500187431984,0.4402489283563074,0.2039877833592127,0.5053151036274752,1029
1,15,0,R3,0.5500297904787714,0.6454901553030867,0.0860432834636978,0.5130175856124848,1029
1,113,1,R3,0.5668216553481519,0.7007777649102915,0.2297524734434673,0.2632716507313171,1029
1,76,2,R3,0.7019883160657042,0.7682382831407253,0.1100536808820062,0.7972981537934868,1029
1,94,3,R3,0.846747304693212,0.95886211642668,0.1337544439711844,0.732601818192032,1029
1,48,4,R3,0.7238455563591676,0.7849602051394129,0.1500671802569831,0.7837048588279644,1029
1,56,8,R3,0.5100456909346849,0.6138771156531588,0.1493167750986105,0.7745397625607814,1029
1,106,10,R3,0.6803501442024458,0.6777558978884288,0.0484980489226966,0.3387660570332821,1029
1,46,11,R3,0.5289801334338186,0.7130430142715423,0.0680275051939638,0.7040500564021146,1029
1,43,12,R3,0.7079685694046269,0.6819859663515824,0.1346915762763246,0.7971942722425083,1029
1,58,13,R3,0.7010370995839732,0.7289893442497961,0.1832681309515774,0.4286698316387024,1029
1,42,14,R3,0.6476661029336178,0.7649718571595561,0.224383727354094,0.5115041311883145,1029
1,60,17,R3,0.6360105863033673,0.5874814130556163,0.1119743147316914,0.6953634390437338,1029
1,5,19,R3,0.6512849681581148,0.9016865601576064,0.1110581106025206,0.2549805598007149,1029
1,14,21,R3,0.465961777134817,0.4478524810267058,0.4159260736151281,0.6396257219982251,1029
1,70,22,R3,0.5502044599055508,0.6797139763998163,0.1995041579642294,0.582150288196034,1029
1,68,26,R3,0.754045265097452,0.934344033897455,0.1724510696892735,0.5541410412175861,1029
1,86,27,R3,0.6843475322564273,0.8156633621761679,0.0397214943278478,0.2662854705458459,1029
1,72,28,R3,0.4936515733726416,0.4111903279512006,0.187199572119291,0.541888362715412,1029
1,2,29,R3,0.5694573335564773,0.6938822508037528,0.3299450471354182,0.6680970247788032,1029
2,79,0,R3,0.5396326392630991,0.4005719844447343,0.0991869871440365,0.5621790871417951,1029
2,31,2,R3,0.644393439729628,0.7584019205913551,0.12720601821965,0.2940566428497637,1029
2,3,3,R3,0.6850441144248353,0.8368875054186645,0.1553656999170444,0.5888750792884894,1029
2,105,4,R3,0.7200388827696109,0.7075954649154705,0.1725940243445553,0.594747202663443,1029
2,9,5,R3,0.5705398913481786,0.7028175321310197,0.3367759577167817,0.2527839508308295,1029
2,102,9,R3,0.4889551895168597,0.5391552087438459,0.0490802253916285,0.4057218501187451,1029
2,83,10,R3,0.6082813142931789,0.7784697653131915,0.0436952033984099,0.3994108822183004,1029
2,13,11,R3,0.5480928000158206,0.6807691798683742,0.0817285486578691,0.0971989111296329,1029
2,18,12,R3,0.4244825245034148,0.4839318670428949,0.1747632415605771,0.449752715633221,1029
2,97,13,R3,0.4798339669283532,0.488479331397713,0.2041176212173467,0.7779047005244771,1029
2,4,15,R3,0.4899711190630663,0.5041636324424079,0.2322344472291237,0.2518651403081748,1029
2,108,19,R3,0.5517752318106784,0.4838326137793602,0.1230852671663054,0.34911418010156,1029
2,69,20,R3,0.4648354540608932,0.4875286341287995,0.2687799177912345,0.9611243993702584,1029
2,37,25,R3,0.5662914295337002,0.5180263290818186,0.2191763446711808,0.5660349050919612,1029
2,22,26,R3,0.4835080228699135,0.6923511940334106,0.2117642503354008,0.4846521763459001,1029
3,32,1,R3,0.5932195478105586,0.618308189633805,0.174264533420847,0.4963554118032996,1029
3,110,6,R3,0.337888020507297,0.2641444282363416,0.0490681554517648,0.8389769127790522,1029
3,91,9,R3,0.414647720820627,0.4077650476221812,0.053959990628555,0.5053151036274752,1029
3,115,18,R3,0.4379214806041963,0.2720386806919731,0.1516575612658596,0.6743886090509735,1029
3,96,20,R3,0.524162455945899,0.4662096408799883,0.2634802537718831,0.866530844165159,1029
3,24,24,R3,0.5162864636834235,0.5444305404288594,0.0773337072996913,0.3877192638140411,1029
3,112,28,R3,0.4648839284461416,0.4227321176724233,0.1884500572957919,0.4139403190355278,1029
3,82,29,R3,0.4655089225141076,0.4647710109989752,0.3468599858139621,0.6477746168311794,1029
4,81,5,R3,0.4413803586381273,0.4638903475606134,0.3677966981951964,0.3223126305828784,1029
4,103,7,R3,0.4657272531716785,0.3858227035959253,0.1207440620014125,0.6783593487808935,1029
4,100,8,R3,0.4305540207071662,0.2768908646724275,0.2126421660662911,0.7246351173443725,1029
4,116,23,R3,0.4427691295644576,0.4228165470066979,0.2789799051061796,0.5153160267143557,1029
4,88,24,R3,0.288359097518135,0.3203155659444427,0.0897105614071909,0.6251630338656823,1029
5,26,17,R3,0.5110551958755964,0.3070788342554872,0.1367183036511639,0.7601106347120465,1029
6,107,7,R3,0.4872008208814957,0.5837600100808504,0.1295703340581578,0.2188610721532944,1029
6,17,14,R3,0.4998099768657217,0.6562215737157975,0.2556130383198038,0.4140471413263691,1029
6,16,22,R3,0.4548946380009405,0.4375648754129561,0.1888980494134259,0.8310803569773392,1029
6,7,27,R3,0.4631368426375014,0.5471996921321043,0.0435068563515906,0.5803601005752983,1029
1,43,0,R0,0.5888068291739758,0.7709082564491545,0.2103307013637543,0.2742099872270504,1030
1,89,3,R0,0.608146212026717,0.5802809802468032,0.2022123364901988,0.3873596025107305,1030
1,100,4,R0,0.8403460179112046,0.8688237633287231,0.1488086817906594,0.4974405097279817,1030
1,19,6,R0,0.5028411598905199,0.4846267471236366,0.2924084236167186,0.3630091539087632,1030
1,24,8,R0,0.8051018322214302,0.7557080207022429,0.145072612232333,0.7005237071834935,1030
1,98,9,R0,0.5889317624788251,0.7197718713006342,0.1402861582652292,0.6930373852566554,1030
1,74,10,R0,0.5426387719331329,0.7383882230499058,0.2723066165428092,0.2466702642730536,1030
1,22,11,R0,0.506207255389415,0.4676712631850601,0.1914154135754498,0.5530845691046534,1030
1,17,12,R0,0.6663263120703243,0.6840278927433994,0.1676411655850258,0.8084364360042614,1030
1,81,13,R0,0.5720735249954897,0.5225039317690754,0.1608592128342905,0.6033646508664916,1030
1,86,15,R0,0.7845895819794304,0.8619938465339636,0.26748134889097,0.5538750361490646,1030
1,68,16,R0,0.533482634013199,0.6230584891257078,0.2539798334349545,0.6840531858656764,1030
1,71,17,R0,0.6617166271598788,0.7261618464588022,0.0837649168188934,0.7888549903190463,1030
1,21,18,R0,0.6843358402634245,0.7239934239406183,0.2771406306879684,0.5196698249875538,1030
1,51,19,R0,0.69172364532157,0.8614642566088542,0.2766924362543599,0.8623091446932738,1030
1,26,20,R0,0.6817959163843663,0.7186134704747226,0.1240428427252969,0.3962472060538518,1030
1,64,21,R0,0.9018049783211488,0.9986008271332696,0.0840170018323313,0.8054557299840848,1030
1,116,23,R0,0.606485787454664,0.4752195898341586,0.1759798006780066,0.7587568967354196,1030
1,95,24,R0,0.695907510488902,0.7153159397335791,0.1857138653589283,0.7454535025007795,1030
1,103,26,R0,0.7219342714356461,0.6977223776264079,0.1010431182854729,0.131466691928741,1030
1,16,27,R0,0.6573337986571917,0.5461535177628112,0.2786171347447796,0.2699422357808227,1030
1,82,28,R0,0.6277444613190691,0.6252928586987885,0.1713682487680217,0.5536271880187128,1030
2,38,0,R0,0.5521974144791085,0.3510913312359333,0.2373209812140971,0.8838126023396102,1030
2,47,2,R0,0.6533068418141048,0.6233473254503906,0.0509015175739138,0.4386519566605006,1030
2,115,4,R0,0.5590604242627973,0.6092416795017687,0.1585491423883099,0.496127557428989,1030
2,70,7,R0,0.6820386705516127,0.5274552260904246,0.0719755818982995,0.4328595252286172,1030
2,44,8,R0,0.7618832547588971,0.7557080207022429,0.145072612232333,0.596376019614233,1030
2,48,12,R0,0.6587403789490276,0.704362524842745,0.1665930072647745,0.7219389796853706,1030
2,8,15,R0,0.7250837238820703,0.6689892023896873,0.2790783735006252,0.2378512100770718,1030
2,101,16,R0,0.4855377338784817,0.4814993824827293,0.2669513022613441,0.4360555352978156,1030
2,94,17,R0,0.6352123416567176,0.4800023996683265,0.0903786805306972,0.5163159242193492,1030
2,78,18,R0,0.522555398831174,0.5080773381099368,0.3053723024171504,0.3243297551633431,1030
2,76,19,R0,0.6250737929508898,0.6568370038731862,0.2922522442872285,0.6776735556121857,1030
2,5,20,R0,0.5387771172020994,0.5699104153715664,0.127777281714754,0.5155754233570167,1030
2,97,21,R0,0.7990325402875552,0.7083480765503631,0.0911643858325131,0.478442345588197,1030
2,105,23,R0,0.5528738930620737,0.3262018497216615,0.1794366878003896,0.5884607310796757,1030
2,99,24,R0,0.6008990355420348,0.5822156224956505,0.1936068958226691,0.3579941237924642,1030
2,45,29,R0,0.5785183756656307,0.3165568793922527,0.4124998910512568,0.7489576384405683,1030
3,39,1,R0,0.5725072065794776,0.7871913785528627,0.3464007117088335,0.1491079992400947,1030
3,77,2,R0,0.5592304644559274,0.4191655014448912,0.0535940137837234,0.8061339485414162,1030
3,91,7,R0,0.6586884139247275,0.5078728825379297,0.0730921202663261,0.7968268294589784,1030
3,112,11,R0,0.5844765255878838,0.626198271260554,0.1857466224733199,0.4174645107820307,1030
3,59,14,R0,0.6938459841336658,0.578993643573812,0.0283588992688391,0.4794445114098816,1030
3,54,22,R0,0.5202660466883274,0.534745133602609,0.2321860227858735,0.5164397410771586,1030
3,111,27,R0,0.6066055337968456,0.4428320379064286,0.2896673533693799,0.5732568698303944,1030
3,73,28,R0,0.4404192358080628,0.3462035391800422,0.1868359783023148,0.2666985811540339,1030
3,96,29,R0,0.5060343458173542,0.5904446851173591,0.3734697520050258,0.4844594159041885,1030
4,6,1,R0,0.4379822771878894,0.4586361659110669,0.3812867731783386,0.7425502708486483,1030
4,1,5,R0,0.432570662442105,0.3832201329028083,0.3149432854284365,0.22167572406129,1030
4,7,9,R0,0.4860886687679035,0.5121356917350782,0.1482603742753258,0.3162503944962648,1030
6,29,5,R0,0.4187908928735243,0.5863162755985325,0.2945688287426812,0.2494363127608931,1030
6,67,13,R0,0.3803372886338863,0.2238411469457557,0.1710820282960905,0.831805321289153,1030
1,7,1,R1,0.5680992738935712,0.4938802076781766,0.380210196796401,0.3162503944962648,1030
1,47,2,R1,0.509279985523473,0.6233473254503906,0.043265767745437,0.4386519566605006,1030
1,89,3,R1,0.4863521901836054,0.5802809802468032,0.1776526610764442,0.3873596025107305,1030
1,100,4,R1,0.7337043656488839,0.8688237633287231,0.1266227667050878,0.4974405097279817,1030
1,19,6,R1,0.4304918911511365,0.4846267471236366,0.3218134017733334,0.3630091539087632,1030
1,44,8,R1,0.7157096894625232,0.7557080207022429,0.1193810461173918,0.596376019614233,1030
1,98,9,R1,0.7023031092871412,0.7197718713006342,0.1084004398023866,0.6930373852566554,1030
1,74,10,R1,0.5117570097261462,0.7383882230499058,0.2632866771818652,0.2466702642730536,1030
1,48,12,R1,0.6778981820225575,0.704362524842745,0.1314496069118726,0.7219389796853706,1030
1,86,15,R1,0.6748831111078301,0.8619938465339636,0.2233543654135806,0.5538750361490646,1030
1,82,16,R1,0.4921305059652758,0.7178210406092307,0.2295290025960951,0.5536271880187128,1030
1,71,17,R1,0.6967243834083197,0.7261618464588022,0.0689816945596515,0.7888549903190463,1030
1,21,18,R1,0.6090171993692706,0.7239934239406183,0.2498661388797872,0.5196698249875538,1030
1,51,19,R1,0.71889568726266,0.8614642566088542,0.2016102076018099,0.8623091446932738,1030
1,26,20,R1,0.6024101678555122,0.7186134704747226,0.112772857603106,0.3962472060538518,1030
1,64,21,R1,0.942222117638467,0.9986008271332696,0.0543488712654808,0.8054557299840848,1030
1,41,23,R1,0.5400645186810465,0.5576948635142132,0.1658472857639604,0.1331446136536759,1030
1,95,24,R1,0.702423373812772,0.7153159397335791,0.1462241646569269,0.7454535025007795,1030
1,43,26,R1,0.5693269770284615,0.7023042975702073,0.1028089505799964,0.2742099872270504,1030
1,68,28,R1,0.4572161169523845,0.4953181903982199,0.1391228627383355,0.6840531858656764,1030
2,103,0,R1,0.6670459809344343,0.8882705049172795,0.200475659132026,0.131466691928741,1030
2,39,1,R1,0.6290267240294684,0.7787570343525039,0.310137107844368,0.1491079992400947,1030
2,115,4,R1,0.5242182521973622,0.611984082898138,0.1313662140381976,0.496127557428989,1030
2,24,8,R1,0.7049173262604956,0.7557080207022429,0.1160073443786252,0.7005237071834935,1030
2,83,9,R1,0.4594562932803507,0.4434647364763215,0.1305508270737801,0.8086240407906509,1030
2,22,11,R1,0.5455508863523447,0.4676712631850601,0.1669977241074452,0.5530845691046534,1030
2,17,12,R1,0.619711131759275,0.6895197383434266,0.1245830512474426,0.8084364360042614,1030
2,8,15,R1,0.5309056170376847,0.6689892023896873,0.2586897953452778,0.2378512100770718,1030
2,94,17,R1,0.5160481675386256,0.4800023996683265,0.0805313289706905,0.5163159242193492,1030
2,76,19,R1,0.542768987082441,0.6568370038731862,0.2409291137152776,0.6776735556121857,1030
2,5,20,R1,0.513810020271972,0.567263940542126,0.1157329553956321,0.5155754233570167,1030
2,97,21,R1,0.6152915230514197,0.7083480765503631,0.076665168652348,0.478442345588197,1030
2,49,23,R1,0.6642480683277651,0.5918362771333037,0.1464927602112269,0.4260659650910977,1030
2,99,24,R1,0.5017103708070061,0.5792710119293151,0.204463248505071,0.3579941237924642,1030
2,111,27,R1,0.5504639048422856,0.4428320379064286,0.2567396680633726,0.5732568698303944,1030
3,56,0,R1,0.4265914504039206,0.4976132108600567,0.2109359964517432,0.6059623395927778,1030
3,23,2,R1,0.5004427595955864,0.4673611486359919,0.046723637986356,0.4891749761234228,1030
3,66,7,R1,0.5473884059172525,0.6148344491767179,0.0650582227048389,0.1229667115916383,1030
3,112,11,R1,0.5309899292800282,0.6283668193707527,0.1672596681849566,0.4174645107820307,1030
3,59,14,R1,0.5330902964465646,0.5825795923109056,0.0247814938718153,0.4794445114098816,1030
3,88,16,R1,0.4661264146698169,0.4261003715589871,0.2316270455446195,0.6812663344244863,1030
3,52,27,R1,0.4916060084677917,0.6457272951873241,0.2423128478363198,0.3494299865351741,1030
4,101,6,R1,0.4113364292381546,0.447419498350594,0.2707697920160043,0.4360555352978156,1030
4,104,18,R1,0.4931007247381804,0.5461480200901663,0.2837268043758366,0.383073815565916,1030
5,96,10,R1,0.3765789743216661,0.4960131183443893,0.2634942757605145,0.4844594159041885,1030
6,34,7,R1,0.5167213818430949,0.5250705308985909,0.0772718533765155,0.3284814699675803,1030
6,81,13,R1,0.561791634480007,0.5332004392141285,0.1497054533040205,0.6033646508664916,1030
6,87,14,R1,0.4558969706619654,0.4191503241947837,0.0279386768059058,0.5776092948619027,1030
6,45,29,R1,0.4760886763268921,0.319930862555407,0.3770584399752231,0.7489576384405683,1030
1,103,0,R2,0.6033287529476046,0.8882705049172795,0.200475659132026,0.131466691928741,1030
1,39,1,R2,0.6360400564324757,0.7787570343525039,0.310137107844368,0.1491079992400947,1030
1,109,2,R2,0.5353006253476831,0.5231565815861601,0.0545968521714462,0.2922588236988926,1030
1,100,4,R2,0.7162447928800297,0.8688237633287231,0.1266227667050878,0.4974405097279817,1030
1,91,7,R2,0.5129005404852774,0.5065737200234444,0.0610639071759644,0.7968268294589784,1030
1,24,8,R2,0.720174842717427,0.7557080207022429,0.1160073443786252,0.7005237071834935,1030
1,83,9,R2,0.4979115329171796,0.4434647364763215,0.1305508270737801,0.8086240407906509,1030
1,74,10,R2,0.5366262112585048,0.7383882230499058,0.2632866771818652,0.2466702642730536,1030
1,112,11,R2,0.4915865371372181,0.626198271260554,0.1677704325919833,0.4174645107820307,1030
1,48,12,R2,0.646963784215797,0.704362524842745,0.1314496069118726,0.7219389796853706,1030
1,86,15,R2,0.6574143427578935,0.8619938465339636,0.2233543654135806,0.5538750361490646,1030
1,17,17,R2,0.6062439948526093,0.4940852006069278,0.0743454739261516,0.8084364360042614,1030
1,51,19,R2,0.7405156538743882,0.8614642566088542,0.2016102076018099,0.8623091446932738,1030
1,26,20,R2,0.6770709513059834,0.7186134704747226,0.112772857603106,0.3962472060538518,1030
1,64,21,R2,0.942222117638467,0.9986008271332696,0.0543488712654808,0.8054557299840848,1030
1,49,23,R2,0.5501633056499402,0.5918362771333037,0.1464927602112269,0.4260659650910977,1030
1,95,24,R2,0.7112749006863555,0.7153159397335791,0.1462241646569269,0.7454535025007795,1030
1,43,26,R2,0.6036719873994202,0.7023042975702073,0.1028089505799964,0.2742099872270504,1030
1,16,27,R2,0.5070282936688185,0.5461535177628112,0.2565401848017016,0.2699422357808227,1030
1,68,28,R2,0.6159063381055802,0.4953181903982199,0.1391228627383355,0.6840531858656764,1030
1,45,29,R2,0.4896959874477754,0.3165568793922527,0.3785101324123291,0.7489576384405683,1030
2,89,3,R2,0.5171767305418373,0.5802809802468032,0.1776526610764442,0.3873596025107305,1030
2,115,4,R2,0.5464879251170774,0.6110923142926922,0.1313681816328891,0.496127557428989,1030
2,44,8,R2,0.7695213315426354,0.7694092655148411,0.1188288835717616,0.596376019614233,1030
2,98,9,R2,0.5863960463558153,0.7197718713006342,0.1084004398023866,0.6930373852566554,1030
2,22,11,R2,0.5312414581547121,0.4714916815414456,0.1668500821649138,0.5530845691046534,1030
2,71,12,R2,0.5560783223836582,0.5895586062480471,0.1438289775251799,0.7888549903190463,1030
2,81,13,R2,0.4778705836966842,0.5269126793803129,0.1506528612985385,0.6033646508664916,1030
2,8,15,R2,0.616768689525217,0.6747997290150491,0.2591270200595165,0.2378512100770718,1030
2,82,16,R2,0.4541720766235983,0.7212602199056123,0.229258554134629,0.5536271880187128,1030
2,21,18,R2,0.5194973075412386,0.7239934239406183,0.2498661388797872,0.5196698249875538,1030
2,76,19,R2,0.5444188135302819,0.6595844885412454,0.2403099538544419,0.6776735556121857,1030
2,5,20,R2,0.5175128767499797,0.567263940542126,0.1157329553956321,0.5155754233570167,1030
2,97,21,R2,0.6770507015200885,0.7109846842074801,0.0765522852809062,0.478442345588197,1030
2,35,27,R2,0.5136966116456999,0.5542116756218679,0.2575107042070267,0.3002140697176017,1030
3,7,1,R2,0.513306951873676,0.4952031747795575,0.380210196796401,0.3162503944962648,1030
3,47,2,R2,0.5820722838762604,0.627598272953245,0.043220012491287,0.4386519566605006,1030
3,66,7,R2,0.5561760892672498,0.6236311353315107,0.064899748975084,0.1229667115916383,1030
3,59,14,R2,0.5714448083961577,0.5822468153702497,0.0248042976020411,0.4794445114098816,1030
3,94,17,R2,0.4992615530394435,0.4912730071529736,0.0805205518244569,0.5163159242193492,1030
3,56,26,R2,0.3464834321618232,0.4560796547821355,0.0995146100833666,0.6059623395927778,1030
4,101,10,R2,0.4770952448994065,0.5051341893753123,0.2791708482077278,0.4360555352978156,1030
4,88,16,R2,0.4913467142891508,0.4261003715589871,0.2316270455446195,0.6812663344244863,1030
4,41,23,R2,0.5235496610542253,0.5600688906983584,0.165692021700534,0.1331446136536759,1030
4,37,24,R2,0.4694253703560508,0.5543012912807903,0.1556587375751391,0.6967146878409205,1030
5,38,0,R2,0.457660070355517,0.3569078232906894,0.2008768805845336,0.8838126023396102,1030
5,87,14,R2,0.4079634296904503,0.4317731623295087,0.0278793081919671,0.5776092948619027,1030
5,104,18,R2,0.4669564297159755,0.5507863623248275,0.2858374269176396,0.383073815565916,1030
5,106,22,R2,0.4019185342810344,0.3518423817663793,0.2418212933851509,0.6840680562985813,1030
6,54,22,R2,0.4269141410683365,0.534745133602609,0.2047366808428757,0.5164397410771586,1030
1,103,0,R3,0.6148144714024756,0.8882705049172795,0.200475659132026,0.131466691928741,1030
1,47,2,R3,0.5580950652916625,0.6233473254503906,0.043265767745437,0.4386519566605006,1030
1,100,4,R3,0.738504113552549,0.8688237633287231,0.1266227667050878,0.4974405097279817,1030
1,29,5,R3,0.4152809516094409,0.5857371635308828,0.2696632289061484,0.2494363127608931,1030
1,19,6,R3,0.3882436429675834,0.4846267471236366,0.3218134017733334,0.3630091539087632,1030
1,44,8,R3,0.7614931556211489,0.7557080207022429,0.1193810461173918,0.596376019614233,1030
1,20,9,R3,0.4574803542742846,0.3920329254193229,0.134784190674287,0.6721569719981223,1030
1,74,10,R3,0.5712598286796251,0.7383882230499058,0.2632866771818652,0.2466702642730536,1030
1,17,12,R3,0.6172397154879642,0.6840278927433994,0.1247165026998151,0.8084364360042614,1030
1,59,14,R3,0.5689411626171654,0.578993643573812,0.0248191307879889,0.4794445114098816,1030
1,86,15,R3,0.7195299129897771,0.8619938465339636,0.2233543654135806,0.5538750361490646,1030
1,95,16,R3,0.5070752748719093,0.4839360180210136,0.2418683760843133,0.7454535025007795,1030
1,71,17,R3,0.6310771788331294,0.7261618464588022,0.0689816945596515,0.7888549903190463,1030
1,21,18,R3,0.5727691379678469,0.7239934239406183,0.2498661388797872,0.5196698249875538,1030
1,51,19,R3,0.7858955217415432,0.8614642566088542,0.2016102076018099,0.8623091446932738,1030
1,26,20,R3,0.5535105606144782,0.7186134704747226,0.112772857603106,0.3962472060538518,1030
1,64,21,R3,0.942222117638467,0.9986008271332696,0.0543488712654808,0.8054557299840848,1030
1,49,23,R3,0.5356115375029726,0.5918362771333037,0.1464927602112269,0.4260659650910977,1030
1,98,28,R3,0.6028484944541601,0.5998781048563933,0.1470621776885101,0.6930373852566554,1030
1,96,29,R3,0.568725514775167,0.5888782334713833,0.3210874505524292,0.4844594159041885,1030
2,39,1,R3,0.555095292186534,0.7787570343525039,0.3100924180817602,0.1491079992400947,1030
2,23,2,R3,0.514198308769612,0.4664030542578258,0.0467534134088837,0.4891749761234228,1030
2,89,3,R3,0.5391137834803337,0.5802809802468032,0.1776017822249619,0.3873596025107305,1030
2,115,4,R3,0.5214705487352727,0.6092416795017687,0.1314616717540137,0.496127557428989,1030
2,66,7,R3,0.4996251036695213,0.6149481339120006,0.0650291778677403,0.1229667115916383,1030
2,24,8,R3,0.7173016649141123,0.7809275296488433,0.1055702252639539,0.7005237071834935,1030
2,83,9,R3,0.3787254284657336,0.451220144836419,0.1290791308045901,0.8086240407906509,1030
2,112,11,R3,0.5272120620405069,0.626198271260554,0.1677704325919833,0.4174645107820307,1030
2,48,12,R3,0.5130638221227568,0.704362524842745,0.1314496069118726,0.7219389796853706,1030
2,68,13,R3,0.5695967686143626,0.4851923568783249,0.1282760384681402,0.6840531858656764,1030
2,8,15,R3,0.5892907590157601,0.6723415700341349,0.2592982272558978,0.2378512100770718,1030
2,31,18,R3,0.4119456895848962,0.5521955281304984,0.2758801287029126,0.5521820375081041,1030
2,76,19,R3,0.513872544897367,0.6639396484438238,0.2391269962083944,0.6776735556121857,1030
2,5,20,R3,0.4747941978007022,0.583636675633707,0.1035600345134737,0.5155754233570167,1030
2,97,21,R3,0.6154400411004115,0.7146202519399625,0.076610123999259,0.478442345588197,1030
2,116,23,R3,0.5061260581883837,0.4752195898341586,0.1408136930073713,0.7587568967354196,1030
2,22,25,R3,0.38964992406683,0.4469389008615182,0.2430375023976396,0.5530845691046534,1030
2,111,27,R3,0.5473174797105445,0.464058784526662,0.2522557453150229,0.5732568698303944,1030
3,43,0,R3,0.5215460120725425,0.7746192523477733,0.213871488004137,0.2742099872270504,1030
3,7,1,R3,0.5130132995489152,0.4986749240271237,0.379197170916789,0.3162503944962648,1030
3,70,7,R3,0.6266539494768752,0.5342354424131339,0.0679778949480161,0.4328595252286172,1030
3,81,13,R3,0.4321220232999248,0.5266451488620162,0.1497214954843987,0.6033646508664916,1030
3,57,17,R3,0.546717686493585,0.4537022136241846,0.0818215714658609,0.2149034963600195,1030
3,99,24,R3,0.471846535685767,0.5984514077305914,0.1799254681147078,0.3579941237924642,1030
3,16,27,R3,0.537258628349511,0.5461535177628112,0.2565401848017016,0.2699422357808227,1030
4,46,5,R3,0.3305939004518178,0.3905444504964369,0.3088219879031743,0.4240423844216321,1030
4,82,16,R3,0.5494306481499825,0.7359268595960187,0.2268657131660575,0.5536271880187128,1030
4,45,29,R3,0.4338489987159482,0.3220041702025418,0.3781487317673493,0.7489576384405683,1030
5,87,14,R3,0.4401784997540859,0.4312746103228939,0.0260560533801428,0.5776092948619027,1030
5,37,24,R3,0.4223452240316849,0.5598663411593929,0.1410369311405032,0.6967146878409205,1030
6,10,11,R3,0.429888151994714,0.4891187346161756,0.1569613583105865,0.5238942967012937,1030
1,73,1,R0,0.5490095230684955,0.4006342231137053,0.183034698957032,0.8584656366781401,1031
1,104,2,R0,0.797975148557649,0.8508863301373143,0.2664793747755357,0.6918816411603991,1031
1,33,3,R0,0.6431946317026963,0.6798078584466758,0.1515036509095116,0.8077472579496029,1031
1,66,4,R0,0.6815133616248423,0.6595038538288684,0.0410366319565433,0.2164461106855583,1031
1,95,5,R0,0.596357468926865,0.4068782762046735,0.0765671105760262,0.875749524276345,1031
1,1,6,R0,0.6019559535857898,0.7350134052486784,0.2777549907611641,0.4031777614072156,1031
1,100,7,R0,0.6864450233755379,0.4744000533512782,0.2748300557230508,0.4292681119910625,1031
1,44,8,R0,0.6978546364383778,0.8375095698010544,0.2100366547854587,0.4344275057058031,1031
1,47,10,R0,0.7872823872158276,0.760443720617876,0.0954542424259356,0.4879491321421957,1031
1,27,11,R0,0.7143195262439197,0.7779480102378559,0.2971077828370093,0.8290084739378548,1031
1,62,12,R0,0.6946523511765328,0.6754126346875127,0.2344077043552795,0.5697275686985588,1031
1,35,13,R0,0.7084269150300303,0.6977267719435281,0.2899119327729139,0.5551358054557154,1031
1,67,14,R0,0.7314749147817461,0.8409687320838958,0.368298526865111,0.1831444515080809,1031
1,12,16,R0,0.6022142277917594,0.4849527674676112,0.1828509358848352,0.4567736858981723,1031
1,59,17,R0,0.5777136969151655,0.7431660459775361,0.4440062962656418,0.6316382711490611,1031
1,52,18,R0,0.881745526639678,0.865648126413847,0.0871300199875088,0.1989099892680244,1031
1,36,19,R0,0.6270381239638508,0.6278353288107337,0.0323058869025188,0.3678862896920618,1031
1,108,20,R0,0.5911376996311986,0.7658396918024523,0.2307616130778327,0.4908677163521696,1031
1,8,21,R0,0.7846226538529755,0.7170415641294348,0.0469412470680028,0.3829221669174665,1031
1,34,22,R0,0.6802446580164025,0.7302863038165486,0.1543478724056603,0.6987187321857693,1031
1,90,23,R0,0.6435261539186374,0.637274929601076,0.1668098754527896,0.271883392608285,1031
1,30,26,R0,0.5957642177233543,0.4982584770072381,0.0354399819826506,0.8621014235453678,1031
1,0,27,R0,0.610700112450371,0.4295769185543315,0.2985717974205508,0.665442160838209,1031
1,50,28,R0,0.8512099090685448,0.9734772926097648,0.1504914791785625,0.8774177083894037,1031
1,70,29,R0,0.7784174884031481,0.9302065981479432,0.2997825378390761,0.5669077426125775,1031
2,83,2,R0,0.5596378318775809,0.7224139069672874,0.2786426181267947,0.5506001774524935,1031
2,38,3,R0,0.6920657507532701,0.6727902683623228,0.1491032483387539,0.6311626442554402,1031
2,107,6,R0,0.6115296331791932,0.6329231564496867,0.2838268499065262,0.2922762588322022,1031
2,10,8,R0,0.6333163836512432,0.6777076454142932,0.2154780273677079,0.2494995049534032,1031
2,25,10,R0,0.667705436132053,0.7319711444051946,0.0964229050527452,0.3225104634987308,1031
2,14,11,R0,0.7377241427175485,0.8723710043218694,0.2809288181166772,0.7604490573702517,1031
2,81,12,R0,0.6047086092086189,0.6878702770881627,0.2335737291235553,0.6493888502796588,1031
2,55,14,R0,0.6272487575206073,0.6629108754880497,0.3861747054627055,0.399943288049926,1031
2,118,15,R0,0.5560025939962201,0.7250746669318652,0.2548481864356754,0.7572219880441534,1031
2,119,17,R0,0.5657441657732952,0.626298469435489,0.4477984543337177,0.6266357833427836,1031
2,89,18,R0,0.6868746279567514,0.6609800592864921,0.0917049163685741,0.5395438261703166,1031
2,4,19,R0,0.5244090412993674,0.5553276729537155,0.0337464398059269,0.7753282194478085,1031
2,42,20,R0,0.5748602814324445,0.4655647345046416,0.2527077679944121,0.7530659046041833,1031
2,7,21,R0,0.6422399323067385,0.5506433824657548,0.0487144802527196,0.8037348855991202,1031
2,60,22,R0,0.5917026470073825,0.602364769433907,0.1597609284709528,0.3308085962921224,1031
2,43,26,R0,0.7058405989701839,0.6308299565182371,0.033871884221542,0.768957564553031,1031
2,77,27,R0,0.5182081233469485,0.4098449298778642,0.3006492250409691,0.3813903431988621,1031
2,11,28,R0,0.8303564187018185,0.9732483623805356,0.1516565962323844,0.7226221249294884,1031
2,15,29,R0,0.5352931120458809,0.5694133896587984,0.3240202700138761,0.1509601786777917,1031
3,84,0,R0,0.3941732244669171,0.3508898208955997,0.3433126817362477,0.1274163953488041,1031
3,13,4,R0,0.619966533313477,0.6658175077203489,0.0403344907134501,0.4434397420288962,1031
3,19,5,R0,0.516178999985336,0.3562288246079309,0.0744065140970691,0.8296350465961353,1031
3,16,13,R0,0.6103878634680132,0.6272400753061887,0.2916818309284057,0.3995171726276781,1031
3,87,15,R0,0.5238637395264962,0.6666714926461783,0.2557214079961836,0.4929180221588445,1031
3,58,16,R0,0.5345720803709475,0.7324892745037253,0.169008329041908,0.0506566268073151,1031
4,92,1,R0,0.4649707937930028,0.5023084029482234,0.1760832363023244,0.6569750994152469,1031
4,71,7,R0,0.4510757644945116,0.2620672089106313,0.2885817821359579,0.2535985569607784,1031
4,115,23,R0,0.4597995181760745,0.2755155859017848,0.1857244965501249,0.3834328716775621,1031
5,31,24,R0,0.3827925910853955,0.1964450353877509,0.2170775897442142,0.7291070047340718,1031
6,37,0,R0,0.3920799837093878,0.5231506294588693,0.3230371844601798,0.1907418135710561,1031
6,6,9,R0,0.4620688170067482,0.2310203871920905,0.1626386186126899,0.6881770892526246,1031
1,104,2,R1,0.702763452892955,0.8508863301373143,0.1877834225367754,0.6918816411603991,1031
1,38,3,R1,0.6520517423601896,0.6727902683623228,0.1206739288317511,0.6311626442554402,1031
1,66,4,R1,0.5793156879379681,0.6595038538288684,0.0428749291394235,0.2164461106855583,1031
1,100,7,R1,0.6301604715474795,0.4744000533512782,0.2490555356677088,0.4292681119910625,1031
1,44,8,R1,0.6227269546452215,0.8375095698010544,0.16761123371514,0.4344275057058031,1031
1,47,10,R1,0.7316265317744152,0.760443720617876,0.0807049750075566,0.4879491321421957,1031
1,14,11,R1,0.6969582102461269,0.8723710043218694,0.2134069589772156,0.7604490573702517,1031
1,62,12,R1,0.6445250065789414,0.6754126346875127,0.2018746353551237,0.5697275686985588,1031
1,35,13,R1,0.6591963790911998,0.6977267719435281,0.2211043601205875,0.5551358054557154,1031
1,67,14,R1,0.6562904335843298,0.8409687320838958,0.3170897382368879,0.1831444515080809,1031
1,87,15,R1,0.5102786445964954,0.6661610518803249,0.2259699833335224,0.4929180221588445,1031
1,72,16,R1,0.5306880170676231,0.4523231226048381,0.180012391284058,0.2839726606093293,1031
1,36,19,R1,0.5373071883926649,0.6278353288107337,0.0307772569882602,0.3678862896920618,1031
1,108,20,R1,0.5857180573836945,0.7658396918024523,0.1942062211678185,0.4908677163521696,1031
1,43,22,R1,0.5663154199695876,0.6200684797981852,0.1257723781167687,0.768957564553031,1031
1,90,23,R1,0.4641463029444948,0.637274929601076,0.1594051807028303,0.271883392608285,1031
1,0,25,R1,0.4015494571959881,0.5201258564743874,0.0389322362686473,0.665442160838209,1031
1,60,26,R1,0.5247075699543051,0.5632217446145928,0.0333135022981983,0.3308085962921224,1031
1,42,27,R1,0.510278327043247,0.4273824918414114,0.270893303830346,0.7530659046041833,1031
1,50,28,R1,0.814584861285041,0.9734772926097648,0.099625400824707,0.8774177083894037,1031
1,70,29,R1,0.7489914013561725,0.9302065981479432,0.2461011046095519,0.5669077426125775,1031
2,33,3,R1,0.5847978989723119,0.6798078584466758,0.1139232850512372,0.8077472579496029,1031
2,13,4,R1,0.5599373266130682,0.6675022890561091,0.0337119863709269,0.4434397420288962,1031
2,1,6,R1,0.5619033236676502,0.7350134052486784,0.2481998506353614,0.4031777614072156,1031
2,74,8,R1,0.4958967875767878,0.5726167523788421,0.2094622411841945,0.2949865631119984,1031
2,25,10,R1,0.6908695647767257,0.7344594094590742,0.0916865208855815,0.3225104634987308,1031
2,27,11,R1,0.6132294341187178,0.7779480102378559,0.2248052468272719,0.8290084739378548,1031
2,16,13,R1,0.5870487122374821,0.6272400753061887,0.2449059862351716,0.3995171726276781,1031
2,11,14,R1,0.6509575026672852,0.7797366244065923,0.2832176459915286,0.7226221249294884,1031
2,118,15,R1,0.6312770758852827,0.7250746669318652,0.1841154089753506,0.7572219880441534,1031
2,59,17,R1,0.5982369396899619,0.7431660459775361,0.3761769578754544,0.6316382711490611,1031
2,52,18,R1,0.6847599589486305,0.865648126413847,0.0823430114977513,0.1989099892680244,1031
2,76,20,R1,0.5632305079658237,0.6593240268335421,0.1839714098255289,0.8688625732700536,1031
2,8,21,R1,0.6162174800219483,0.7192865360298915,0.0415951664117653,0.3829221669174665,1031
2,34,22,R1,0.6446790080077339,0.7302863038165486,0.1242130256436735,0.6987187321857693,1031
2,95,25,R1,0.3274059764502813,0.3867029926905679,0.0408832876929164,0.875749524276345,1031
2,55,28,R1,0.624372452385707,0.7169773242666395,0.1380447711151853,0.399943288049926,1031
3,89,0,R1,0.4422451642555947,0.3701082107310584,0.3003156678280692,0.5395438261703166,1031
3,73,1,R1,0.4661701128856737,0.404275062838733,0.153536399020501,0.8584656366781401,1031
3,83,2,R1,0.5632296771213233,0.7224139069672874,0.2504346337797139,0.5506001774524935,1031
3,107,6,R1,0.5093657187682746,0.6329231564496867,0.2476775951787875,0.2922762588322022,1031
3,20,16,R1,0.5870845258852552,0.4973721300234964,0.1472320167138605,0.7561308894276387,1031
3,119,17,R1,0.5324030999629533,0.626298469435489,0.3700983946912827,0.6266357833427836,1031
3,4,19,R1,0.6051936365165885,0.5606721306965463,0.0258413053991313,0.7753282194478085,1031
4,92,1,R1,0.5168433634924806,0.4971758454992939,0.1410927351308817,0.6569750994152469,1031
4,30,7,R1,0.3692081815757222,0.3949740748422045,0.2522844927515089,0.8621014235453678,1031
4,15,29,R1,0.4863349159845808,0.5694133896587984,0.3353243433228995,0.1509601786777917,1031
5,7,21,R1,0.5691067057972181,0.5637411511450519,0.0388521757357801,0.8037348855991202,1031
6,81,12,R1,0.5779251175222935,0.6878702770881627,0.1914902059780418,0.6493888502796588,1031
6,113,18,R1,0.4754745838416087,0.4072159352645873,0.0886720746762809,0.756890873433423,1031
1,33,0,R2,0.5548266359548868,0.5819273386855869,0.2448752152115831,0.8077472579496029,1031
1,104,2,R2,0.7970476531301247,0.8508863301373143,0.1877834225367754,0.6918816411603991,1031
1,38,3,R2,0.5453212370310172,0.6727902683623228,0.1206739288317511,0.6311626442554402,1031
1,66,4,R2,0.6197631433961291,0.6595038538288684,0.0428749291394235,0.2164461106855583,1031
1,95,5,R2,0.4813073061103139,0.4068782762046735,0.0609586968449903,0.875749524276345,1031
1,44,8,R2,0.6288413684446759,0.8375095698010544,0.16761123371514,0.4344275057058031,1031
1,25,10,R2,0.6474311343832587,0.7319711444051946,0.091690342639704,0.3225104634987308,1031
1,27,11,R2,0.6733215755225394,0.7779480102378559,0.2248052468272719,0.8290084739378548,1031
1,62,12,R2,0.6507937577927532,0.6754126346875127,0.2018746353551237,0.5697275686985588,1031
1,35,13,R2,0.6348568847248041,0.6977267719435281,0.2211043601205875,0.5551358054557154,1031
1,67,14,R2,0.6356334572397445,0.8409687320838958,0.3170897382368879,0.1831444515080809,1031
1,118,15,R2,0.5961833403876738,0.7250746669318652,0.1841154089753506,0.7572219880441534,1031
1,20,16,R2,0.5323484322657416,0.4973721300234964,0.1472320167138605,0.7561308894276387,1031
1,52,18,R2,0.7286568923088254,0.865648126413847,0.0823949878562948,0.1989099892680244,1031
1,4,19,R2,0.5794129552159181,0.5553276729537155,0.0259191203298814,0.7753282194478085,1031
1,108,20,R2,0.6116069321902767,0.7658396918024523,0.1942062211678185,0.4908677163521696,1031
1,8,21,R2,0.6628682468737104,0.7170415641294348,0.0416468312004033,0.3829221669174665,1031
1,34,22,R2,0.7533608197990578,0.7302863038165486,0.1242130256436735,0.6987187321857693,1031
1,0,25,R2,0.4339367900226204,0.5201258564743874,0.0389322362686473,0.665442160838209,1031
1,60,26,R2,0.5238396894219928,0.5632217446145928,0.0333135022981983,0.3308085962921224,1031
1,42,27,R2,0.5502316346167448,0.4273824918414114,0.270893303830346,0.7530659046041833,1031
1,50,28,R2,0.8816513567138149,0.9734772926097648,0.099625400824707,0.8774177083894037,1031
1,70,29,R2,0.6266833247021252,0.9302065981479432,0.2461011046095519,0.5669077426125775,1031
2,28,3,R2,0.5702367275571925,0.4703130096233741,0.1497142022124412,0.3700852039854896,1031
2,13,4,R2,0.6283569573865481,0.6669322639039533,0.0337119863709269,0.4434397420288962,1031
2,10,8,R2,0.4778354421196051,0.6837740313541527,0.2199978813168355,0.2494995049534032,1031
2,47,10,R2,0.6886544673731906,0.760443720617876,0.0807049750075566,0.4879491321421957,1031
2,14,11,R2,0.7133825706026216,0.8801083112757822,0.2129222207529832,0.7604490573702517,1031
2,81,12,R2,0.5955970098872002,0.6878702770881627,0.1915849278758799,0.6493888502796588,1031
2,16,13,R2,0.5968662210264386,0.6272400753061887,0.2449515658315407,0.3995171726276781,1031
2,87,15,R2,0.4959686160454442,0.676967358269564,0.2257117620409931,0.4929180221588445,1031
2,89,18,R2,0.6491586744645281,0.6655097488689565,0.0790607845429612,0.5395438261703166,1031
2,36,19,R2,0.5180858125867707,0.6322672940070049,0.0307655058123801,0.3678862896920618,1031
2,23,20,R2,0.5848041895912433,0.6263132962393083,0.2279161307359055,0.3249764560597178,1031
2,7,21,R2,0.5030838189745446,0.5506433824657548,0.0390704107809281,0.8037348855991202,1031
2,43,22,R2,0.5840061838177404,0.6200684797981852,0.1257723781167687,0.768957564553031,1031
2,11,28,R2,0.8333283854142435,0.9806069958111356,0.1088303384767374,0.7226221249294884,1031
3,92,1,R2,0.4790666539299055,0.4971758454992939,0.1410927351308817,0.6569750994152469,1031
3,1,6,R2,0.5821565365012886,0.7367592474076107,0.2479419056760003,0.4031777614072156,1031
3,59,17,R2,0.5914378798705467,0.7519566462077494,0.3746020773667912,0.6316382711490611,1031
3,90,23,R2,0.5582959957282665,0.6424216681574166,0.1592343067307293,0.271883392608285,1031
3,30,26,R2,0.4250650085776882,0.4982584770072381,0.0288280799953635,0.8621014235453678,1031
3,110,29,R2,0.5368036648804523,0.4276973951615865,0.3103755282311334,0.6412512175575474,1031
4,19,5,R2,0.4660558067062516,0.3645205632243848,0.0683337088369341,0.8296350465961353,1031
4,107,6,R2,0.588247641651648,0.6462924679588142,0.2468498693966683,0.2922762588322022,1031
4,6,9,R2,0.3812605314105009,0.2399383497411957,0.1582397849149943,0.6881770892526246,1031
5,83,2,R2,0.541089340596882,0.7277914346167829,0.2503444482237003,0.5506001774524935,1031
5,100,7,R2,0.4371568511511599,0.4861993699508411,0.2485640422649377,0.4292681119910625,1031
5,55,14,R2,0.5548234856761928,0.673622393072746,0.3359570314799683,0.399943288049926,1031
5,119,17,R2,0.5515687752937016,0.6348051367981109,0.3687879811038667,0.6266357833427836,1031
6,73,1,R2,0.4117839246379524,0.4297983564080198,0.1523384803329411,0.8584656366781401,1031
1,67,0,R3,0.5333299487309897,0.7436464029090609,0.2688908666641047,0.1831444515080809,1031
1,104,2,R3,0.7525208947259668,0.8508863301373143,0.1877834225367754,0.6918816411603991,1031
1,33,3,R3,0.6745627026830562,0.6798078584466758,0.1139232850512372,0.8077472579496029,1031
1,13,4,R3,0.5590085773421098,0.6658175077203489,0.0337119863709269,0.4434397420288962,1031
1,1,6,R3,0.5661419035352714,0.7350134052486784,0.2481998506353614,0.4031777614072156,1031
1,100,7,R3,0.5892408923950493,0.4744000533512782,0.2490555356677088,0.4292681119910625,1031
1,44,8,R3,0.6201550060557487,0.8375095698010544,0.16761123371514,0.4344275057058031,1031
1,47,10,R3,0.5937974128173997,0.760443720617876,0.0807049750075566,0.4879491321421957,1031
1,14,11,R3,0.6586749262257431,0.8723710043218694,0.2134069589772156,0.7604490573702517,1031
1,81,12,R3,0.5609227603999134,0.6878702770881627,0.1915849278758799,0.6493888502796588,1031
1,16,13,R3,0.5559722247982779,0.6272400753061887,0.2449515658315407,0.3995171726276781,1031
1,11,14,R3,0.7208784668096081,0.7797366244065923,0.2832176459915286,0.7226221249294884,1031
1,59,17,R3,0.5626682183116968,0.7431660459775361,0.3761769578754544,0.6316382711490611,1031
1,52,18,R3,0.7028397803569704,0.865648126413847,0.0823949878562948,0.1989099892680244,1031
1,36,19,R3,0.5570770951555046,0.6278353288107337,0.0307772569882602,0.3678862896920618,1031
1,76,20,R3,0.6276356020244926,0.6593240268335421,0.1839714098255289,0.8688625732700536,1031
1,8,21,R3,0.5914706633397736,0.7170415641294348,0.0416468312004033,0.3829221669174665,1031
1,34,22,R3,0.7572979801070756,0.7302863038165486,0.1242130256436735,0.6987187321857693,1031
1,90,23,R3,0.4857300924012332,0.637274929601076,0.1594051807028303,0.271883392608285,1031
1,95,25,R3,0.4318167725206309,0.3867029926905679,0.0408832876929164,0.875749524276345,1031
1,43,26,R3,0.6387857077646216,0.6308299565182371,0.0276924579310276,0.768957564553031,1031
1,42,27,R3,0.5436272748171963,0.4273824918414114,0.270893303830346,0.7530659046041833,1031
1,50,28,R3,0.7855495439997976,0.9734772926097648,0.099625400824707,0.8774177083894037,1031
1,70,29,R3,0.7004846591640548,0.9302065981479432,0.2461011046095519,0.5669077426125775,1031
2,89,1,R3,0.4693058502176144,0.528984786361942,0.1528222684947678,0.5395438261703166,1031
2,107,6,R3,0.5009954040848099,0.6431301752270313,0.2333631273322312,0.2922762588322022,1031
2,10,8,R3,0.5354593052466274,0.6833142535285519,0.2181474525424593,0.2494995049534032,1031
2,25,10,R3,0.7025513405555542,0.750607857890142,0.0856197631685874,0.3225104634987308,1031
2,27,11,R3,0.612094034569376,0.7779480102378559,0.2248052468272719,0.8290084739378548,1031
2,62,12,R3,0.5712844163354476,0.6778272770424424,0.2014117740695505,0.5697275686985588,1031
2,35,13,R3,0.6216182412369312,0.7020562295278298,0.2211043601205875,0.5551358054557154,1031
2,55,14,R3,0.5772980743699672,0.6629108754880497,0.3370339707995166,0.399943288049926,1031
2,118,15,R3,0.6471688561339634,0.7250746669318652,0.1841154089753506,0.7572219880441534,1031
2,113,18,R3,0.4508363529933311,0.4120653046375724,0.0882649727073977,0.756890873433423,1031
2,4,19,R3,0.5919849546227691,0.5553276729537155,0.0259191203298814,0.7753282194478085,1031
2,108,20,R3,0.6064613213602926,0.7786873233366961,0.1918887913661082,0.4908677163521696,1031
2,60,22,R3,0.5179059136319004,0.602364769433907,0.1505286242892294,0.3308085962921224,1031
3,73,1,R3,0.435192614477302,0.4167430517282368,0.1519033981887796,0.8584656366781401,1031
3,83,2,R3,0.5270477192208647,0.7224139069672874,0.2504346337797139,0.5506001774524935,1031
3,38,3,R3,0.7091297250029307,0.6977775389035711,0.1097891671781678,0.6311626442554402,1031
3,66,4,R3,0.5688086444440635,0.6710353508460024,0.0425577057709412,0.2164461106855583,1031
3,109,7,R3,0.3430554351030626,0.4614900876962057,0.2585239654007952,0.4107790650198179,1031
3,87,15,R3,0.4995252116473181,0.6831565150614293,0.2229179379797671,0.4929180221588445,1031
3,119,17,R3,0.5000983875885496,0.626298469435489,0.3700983946912827,0.6266357833427836,1031
3,7,21,R3,0.5570575876497573,0.578634753628555,0.0353806895803135,0.8037348855991202,1031
4,12,16,R3,0.5795299767269497,0.4934872994942396,0.15708710590262,0.4567736858981723,1031
4,115,23,R3,0.4060677301295635,0.2876524878688773,0.1841821983527953,0.3834328716775621,1031
4,111,25,R3,0.4595848926697659,0.5541230059211617,0.0401564196048115,0.5620684421801556,1031
4,30,26,R3,0.4529719582955566,0.4982584770072381,0.0288280799953635,0.8621014235453678,1031
4,0,27,R3,0.4814086779337513,0.432628469566747,0.2829848590684692,0.665442160838209,1031
4,110,29,R3,0.4396539596934146,0.4284058604469009,0.3080459798673651,0.6412512175575474,1031
6,20,16,R3,0.5313977399810815,0.5018469271514059,0.1470071471261555,0.7561308894276387,1031
1,61,0,R0,0.6120378630087502,0.503419613326006,0.0328097635968744,0.5670881467993332,1032
1,11,1,R0,0.483782179528601,0.3990690642342946,0.2216208218578788,0.131524414243218,1032
1,73,2,R0,0.6187351740538447,0.6663453034482671,0.3321689891685531,0.3768084900388702,1032
1,66,3,R0,0.7559387050484109,0.6085346040850064,0.3526681511652809,0.9242583093572622,1032
1,14,4,R0,0.6019604214009298,0.6624081350219069,0.2534850551501942,0.5534462446690769,1032
1,82,5,R0,0.8018432181226728,0.7539162701705555,0.0307742754265983,0.834540944054335,1032
1,15,6,R0,0.7771637616557141,0.6057188875828323,0.1700234236050963,0.7944584220227718,1032
1,102,7,R0,0.8483592740203759,0.9222257926176984,0.1431320611664907,0.5696449007250336,1032
1,108,8,R0,0.4503076082608245,0.4608620571511863,0.1102704492484253,0.6625146592219352,1032
1,96,9,R0,0.7029089340994299,0.7736163557336772,0.152929760438008,0.4197614772600988,1032
1,70,10,R0,0.5640903998628969,0.7325377439076963,0.3242947406437486,0.14379791275674,1032
1,23,11,R0,0.8400157843702413,0.919125735400893,0.0725528144623837,0.5826040225812431,1032
1,56,12,R0,0.5337256082520331,0.5489076573746843,0.1767511711141217,0.5444546188366262,1032
1,18,13,R0,0.7416564502427543,0.68546926513713,0.0812933794176389,0.4843856945035751,1032
1,99,15,R0,0.7126704288623265,0.7273046354828282,0.4001524642471338,0.7318483385112489,1032
1,40,16,R0,0.7258956293157933,0.7398294393869156,0.1191154721388014,0.5965323472486835,1032
1,26,17,R0,0.695748288040099,0.8895269407476833,0.2396933620091619,0.3460822835670596,1032
1,116,20,R0,0.6758984900163153,0.7194320696107874,0.0540234882223037,0.5354333971358526,1032
1,85,22,R0,0.7604708955092366,0.9012006836487184,0.1909804192874254,0.508866819234237,1032
1,50,24,R0,0.8041824656102432,0.988665804685876,0.1329610378099644,0.5530670598441619,1032
1,3,25,R0,0.7262152067799105,0.742626144350464,0.2718368224481586,0.587127243123765,1032
1,105,26,R0,0.6903126379209599,0.7928622355353329,0.1723522109137789,0.6874410544212824,1032
1,118,28,R0,0.45200576310188,0.294624037235945,0.2964858857717807,0.8730425600390352,1032
1,7,29,R0,0.6864219620257583,0.6803658451127568,0.1272062921752293,0.6284220266743417,1032
2,100,0,R0,0.5967564349759606,0.4828108836136002,0.0327891140259855,0.5407005335782751,1032
2,37,2,R0,0.5079446824877556,0.5904190707878746,0.337879003513128,0.2069899487067027,1032
2,46,3,R0,0.6882549844472671,0.5350201711331157,0.3649214273388185,0.6783681141663673,1032
2,68,4,R0,0.5160891912294042,0.3612381104712758,0.2757412750840193,0.6982399069787705,1032
2,45,5,R0,0.7112162529703804,0.7538474610662667,0.0310572121774754,0.8225219300665093,1032
2,12,6,R0,0.6746802746582795,0.555781918184352,0.1728898568263501,0.8219126452657325,1032
2,117,7,R0,0.8229164537699322,0.8399765442678587,0.1480607344083005,0.6832857634171664,1032
2,17,11,R0,0.5358013935684941,0.4430870271215236,0.0812811789095781,0.6820961581923126,1032
2,28,13,R0,0.7149371891896384,0.6893901777089919,0.0792484559041627,0.3466981886568419,1032
2,39,15,R0,0.6988851438995163,0.5101055595875588,0.4309597516382901,0.330424023975374,1032
2,20,18,R0,0.4915351795723566,0.6131159193406538,0.2606447528255216,0.2823875298198079,1032
2,58,19,R0,0.6692569640930991,0.5610719257335512,0.2918314869649672,0.5205370720249348,1032
2,0,20,R0,0.5948133664221834,0.4587752938808845,0.0595638560776659,0.5661488246731933,1032
2,55,22,R0,0.4805375595538698,0.3720270444398831,0.2163851837208382,0.8080012859776838,1032
2,4,23,R0,0.6297335667714523,0.6369506687533318,0.2831255718687551,0.5987515930552486,1032
2,111,24,R0,0.7193753770716261,0.7173802944982484,0.143297776936435,0.7866948216289711,1032
2,80,25,R0,0.6205122013830514,0.6867109624643143,0.2774260236367802,0.6570815580631563,1032
2,69,29,R0,0.363243584862533,0.3371490761356923,0.1421634297641858,0.8467873555670296,1032
3,34,21,R0,0.5576420752911628,0.6028906872544018,0.2657754252935393,0.1373176746515778,1032
3,21,23,R0,0.4596474612097185,0.3976278657870353,0.298969429100584,0.6459419413357912,1032
3,114,26,R0,0.3793432506884083,2.6384516793598323e-10,0.2202499377970251,0.6303053523154251,1032
3,88,27,R0,0.5226032527705124,0.3348188819317879,0.1933482647838302,0.4769570948340023,1032
4,22,12,R0,0.4081521825236593,0.391217470014694,0.1896195583744794,0.4055653118207789,1032
4,92,16,R0,0.4377621496304451,0.4639556306705369,0.1310698964856894,0.9323265316347646,1032
4,42,17,R0,0.5503091653645704,0.2402889924527346,0.2932012554579795,0.8737160108865659,1032
4,29,18,R0,0.4738035185239818,0.5921103690751001,0.2632457641741231,0.4740842991433048,1032
4,90,27,R0,0.428286148157929,0.3743792282743087,0.195076513388432,0.3071342281080668,1032
5,113,8,R0,0.3945487512696101,0.2584218226989438,0.1179876923040241,0.2250572325996265,1032
5,62,19,R0,0.4516386624528231,0.2590427654292462,0.3204591682247428,0.7040781937805053,1032
6,33,9,R0,0.3995595328964565,0.1948770851781287,0.1842931749591224,0.7871773434272372,1032
6,1,10,R0,0.4875351465825155,0.4700183693790559,0.3461888563302465,0.5415034187573388,1032
1,100,0,R1,0.517273303820742,0.4824353113578151,0.0282827303886426,0.5407005335782751,1032
1,73,2,R1,0.5894973928907463,0.6663453034482671,0.2994715765222057,0.3768084900388702,1032
1,66,3,R1,0.7528016296959678,0.6085346040850064,0.272412786585491,0.9242583093572622,1032
1,14,4,R1,0.622720509144629,0.6624081350219069,0.1947807891399029,0.5534462446690769,1032
1,107,5,R1,0.812283429781097,0.727522024910079,0.0250347385248494,0.6413827187897749,1032
1,15,6,R1,0.69820382936011,0.6057188875828323,0.1365028720294714,0.7944584220227718,1032
1,102,7,R1,0.7587904789850479,0.9222257926176984,0.1222433688468326,0.5696449007250336,1032
1,96,9,R1,0.6264226258264409,0.7736163557336772,0.1282197532646015,0.4197614772600988,1032
1,40,10,R1,0.649885480959648,0.7128382646797542,0.2521399675107966,0.5965323472486835,1032
1,23,11,R1,0.7428315617019362,0.919125735400893,0.0557569885476767,0.5826040225812431,1032
1,18,13,R1,0.7256814972124165,0.68546926513713,0.0653175072244471,0.4843856945035751,1032
1,99,15,R1,0.6328228328599491,0.7273046354828282,0.3395561911785346,0.7318483385112489,1032
1,70,16,R1,0.7252533510241657,0.9369180058776624,0.1057830754894508,0.14379791275674,1032
1,26,17,R1,0.6187306922000008,0.8895269407476833,0.2216835798919837,0.3460822835670596,1032
1,58,19,R1,0.5721512388154837,0.5610719257335512,0.2654628849462893,0.5205370720249348,1032
1,116,20,R1,0.71226491446287,0.7194320696107874,0.0467028120566766,0.5354333971358526,1032
1,106,21,R1,0.4860173087099618,0.4116674542841985,0.2814935422703258,0.6202582189812151,1032
1,85,22,R1,0.6716959319890113,0.9012006836487184,0.1737046081333566,0.508866819234237,1032
1,50,24,R1,0.8035595313418177,0.988665804685876,0.0994776561791885,0.5530670598441619,1032
1,80,25,R1,0.6051835312839555,0.681455515046621,0.2234482618190563,0.6570815580631563,1032
1,105,26,R1,0.6042510203944594,0.7928622355353329,0.1486801522611123,0.6874410544212824,1032
1,118,28,R1,0.4702264237630031,0.294624037235945,0.2706712294799721,0.8730425600390352,1032
1,7,29,R1,0.7368229487525245,0.6803658451127568,0.1025699142215684,0.6284220266743417,1032
2,61,0,R1,0.6013926142791575,0.5050894110307873,0.0301520638084388,0.5670881467993332,1032
2,84,4,R1,0.4012714842095418,0.3798027656036301,0.2779713156114664,0.5120494698089242,1032
2,82,5,R1,0.7598006582697607,0.7539162701705555,0.0216282675309492,0.834540944054335,1032
2,75,6,R1,0.4393668187258915,0.5442204940575671,0.1450131554673733,0.747995798455534,1032
2,117,7,R1,0.6797635039375545,0.8384190775402298,0.1170183983114039,0.6832857634171664,1032
2,1,10,R1,0.4042115865375382,0.4604720197617465,0.3722484753584451,0.5415034187573388,1032
2,17,11,R1,0.475030038569115,0.4430870271215236,0.068903388581537,0.6820961581923126,1032
2,28,13,R1,0.7153536883803302,0.6905960919465453,0.0661484702683763,0.3466981886568419,1032
2,6,17,R1,0.4498259282949363,0.4762437620264008,0.2500715816498062,0.4774929236777717,1032
2,45,20,R1,0.4981821930425844,0.4627334201961146,0.0478297732135066,0.8225219300665093,1032
2,4,23,R1,0.5772892495847175,0.6369506687533318,0.2287009937960957,0.5987515930552486,1032
2,111,24,R1,0.7470609269065582,0.7173802944982484,0.1033929940195707,0.7866948216289711,1032
3,11,1,R1,0.4208900525259508,0.4031920584156166,0.2331838899608841,0.131524414243218,1032
3,115,2,R1,0.5200981869655849,0.5128953462254928,0.3204427960640066,0.5353396521945005,1032
3,16,3,R1,0.616727371867777,0.547366924859169,0.3044444093136044,0.5590008384978421,1032
3,108,8,R1,0.4171795915420601,0.4608620571511863,0.0997242547661752,0.6625146592219352,1032
3,56,12,R1,0.4795141770987567,0.5515081814868603,0.1653105309872692,0.5444546188366262,1032
3,55,22,R1,0.4629574573896523,0.3720270444398831,0.1774975946022876,0.8080012859776838,1032
3,104,28,R1,0.3779102628636507,0.3893419684206165,0.3092040396611862,0.4357297739106594,1032
4,110,15,R1,0.5205000989327596,0.6955215037107347,0.351560802178203,0.2747431397324801,1032
4,29,18,R1,0.4804454014502056,0.5893595234265783,0.223143616804469,0.4740842991433048,1032
4,36,19,R1,0.4145405785176104,0.2903129723785618,0.2872501020706022,0.5607142353374207,1032
4,3,25,R1,0.6254482550299845,0.742626144350464,0.2113034306226833,0.587127243123765,1032
5,93,1,R1,0.3464307768464881,0.3966489866972078,0.2200535142245569,0.6915919549192457,1032
5,109,18,R1,0.4295510370574563,0.4381141027591522,0.2687161000919731,0.5468009800853232,1032
5,34,21,R1,0.4689920761135224,0.602060507465461,0.2630620838160517,0.1373176746515778,1032
6,12,12,R1,0.3498287469673359,0.3117299256792549,0.1723134628779292,0.8219126452657325,1032
6,13,16,R1,0.5231514651608489,0.4654795541710136,0.1189011870694131,0.520607954548222,1032
1,11,1,R2,0.4241044788278173,0.3990690642342946,0.2331938349256535,0.131524414243218,1032
1,73,2,R2,0.6078150661392233,0.6663453034482671,0.2994715765222057,0.3768084900388702,1032
1,66,3,R2,0.7010918640849545,0.6085346040850064,0.272412786585491,0.9242583093572622,1032
1,14,4,R2,0.5873701688117977,0.6624081350219069,0.1947807891399029,0.5534462446690769,1032
1,45,5,R2,0.7588960474825902,0.7538474610662667,0.0219170359353499,0.8225219300665093,1032
1,12,6,R2,0.5908249892583894,0.5525361745224726,0.1328235379254958,0.8219126452657325,1032
1,102,7,R2,0.7546168868746528,0.9222257926176984,0.1222433688468326,0.5696449007250336,1032
1,108,8,R2,0.5159248337613875,0.4608620571511863,0.0997242547661752,0.6625146592219352,1032
1,96,9,R2,0.6877374152383576,0.7736163557336772,0.1282197532646015,0.4197614772600988,1032
1,40,10,R2,0.5567231557392207,0.7128382646797542,0.2521399675107966,0.5965323472486835,1032
1,23,11,R2,0.7930030606024472,0.919125735400893,0.0557569885476767,0.5826040225812431,1032
1,81,13,R2,0.7098463918657003,0.6500774317795988,0.0612862882097179,0.6278193979729427,1032
1,99,15,R2,0.655874449299345,0.7273046354828282,0.3395561911785346,0.7318483385112489,1032
1,70,16,R2,0.6979821978393846,0.9369180058776624,0.1057830754894508,0.14379791275674,1032
1,26,17,R2,0.6977899601703,0.8895269407476833,0.2216835798919837,0.3460822835670596,1032
1,58,19,R2,0.4897494040161272,0.5610719257335512,0.2654628849462893,0.5205370720249348,1032
1,116,20,R2,0.5948690669001311,0.7194320696107874,0.0467028120566766,0.5354333971358526,1032
1,34,21,R2,0.5181174311089253,0.602060507465461,0.2633556929244436,0.1373176746515778,1032
1,85,22,R2,0.6711857209520206,0.9012006836487184,0.1737046081333566,0.508866819234237,1032
1,4,23,R2,0.5041672802621121,0.6369506687533318,0.2293050097171481,0.5987515930552486,1032
1,50,24,R2,0.7761867985694858,0.988665804685876,0.0994776561791885,0.5530670598441619,1032
1,80,25,R2,0.5885616097201147,0.681455515046621,0.2234482618190563,0.6570815580631563,1032
1,105,26,R2,0.6963838541875361,0.7928622355353329,0.1486801522611123,0.6874410544212824,1032
1,118,28,R2,0.4351330894742307,0.294624037235945,0.2706712294799721,0.8730425600390352,1032
1,7,29,R2,0.7721458544156357,0.6803658451127568,0.1025699142215684,0.6284220266743417,1032
2,61,0,R2,0.571472138074062,0.503419613326006,0.0301955799428309,0.5670881467993332,1032
2,112,2,R2,0.4974407756010588,0.3131869130448146,0.3207393567610183,0.8971163911517351,1032
2,16,3,R2,0.6384426332480774,0.547366924859169,0.3044444093136044,0.5590008384978421,1032
2,82,5,R2,0.6558909039895909,0.7601688190865453,0.0215935341463859,0.834540944054335,1032
2,15,6,R2,0.5609928196467497,0.6057188875828323,0.1365028720294714,0.7944584220227718,1032
2,117,7,R2,0.7121737788720085,0.8485688537570234,0.1163167534264728,0.6832857634171664,1032
2,100,8,R2,0.4138893911053586,0.4533734999860696,0.098624488453771,0.5407005335782751,1032
2,56,12,R2,0.4799117820692116,0.5525111441125095,0.1651842883352391,0.5444546188366262,1032
2,28,13,R2,0.5807262150444316,0.6893901777089919,0.066226640662748,0.3466981886568419,1032
2,9,15,R2,0.4996868955967791,0.7168330894395951,0.3555271877455447,0.2424900489979274,1032
2,51,24,R2,0.6864533393388415,0.8592461385396041,0.1054026997017626,0.483901335375668,1032
2,3,25,R2,0.6033870033424983,0.742626144350464,0.2113034306226833,0.587127243123765,1032
2,33,26,R2,0.4133314635574464,0.2591184532497418,0.2080113275589812,0.7871773434272372,1032
3,83,0,R2,0.4802108190407392,0.4233072657499735,0.0277765440296128,0.4235572521757355,1032
3,76,10,R2,0.4531252331739894,0.5452069775615926,0.3203776088887438,0.6209776427732828,1032
3,20,18,R2,0.431560588820616,0.6117779970364305,0.2693761526689825,0.2823875298198079,1032
3,36,19,R2,0.4372629199472139,0.3007967001053736,0.2859125818478412,0.5607142353374207,1032
3,0,20,R2,0.4796095951438762,0.4587752938808845,0.0493376797764208,0.5661488246731933,1032
4,35,4,R2,0.4374393681307227,0.3716638193364845,0.214021716582079,0.7949833541257012,1032
4,55,11,R2,0.5724357763807295,0.4277608926863363,0.0703751927344014,0.8080012859776838,1032
5,92,16,R2,0.4466944428403629,0.4808329797522506,0.0999198356835939,0.9323265316347646,1032
5,5,17,R2,0.4833018713020069,0.4320088473130884,0.2844762413867578,0.2510252080089144,1032
5,29,18,R2,0.5064667425818867,0.6070717426495563,0.2212085426086452,0.4740842991433048,1032
5,17,22,R2,0.5623359840665588,0.5138518243582026,0.1669555314445583,0.6820961581923126,1032
6,75,27,R2,0.27028241824672,0.3508924058271105,0.1691256844317596,0.747995798455534,1032
6,111,29,R2,0.407026496397265,0.3366791424291722,0.1242343080536376,0.7866948216289711,1032
1,100,0,R3,0.5268330838879761,0.4824353113578151,0.0282827303886426,0.5407005335782751,1032
1,73,2,R3,0.5568424693031806,0.6663453034482671,0.2994715765222057,0.3768084900388702,1032
1,66,3,R3,0.7568398389138381,0.6085346040850064,0.272412786585491,0.9242583093572622,1032
1,14,4,R3,0.5185197182547757,0.6624081350219069,0.1947807891399029,0.5534462446690769,1032
1,45,5,R3,0.8265868078355129,0.7538474610662667,0.0219170359353499,0.8225219300665093,1032
1,15,6,R3,0.7332894078862514,0.6057188875828323,0.1365028720294714,0.7944584220227718,1032
1,117,7,R3,0.7115759187560564,0.8384190775402298,0.1170183983114039,0.6832857634171664,1032
1,108,8,R3,0.4259141723163957,0.4608620571511863,0.0997242547661752,0.6625146592219352,1032
1,96,9,R3,0.5833840722827827,0.7736163557336772,0.1282197532646015,0.4197614772600988,1032
1,40,10,R3,0.5320510839531412,0.7128382646797542,0.2521399675107966,0.5965323472486835,1032
1,23,11,R3,0.8312894789024992,0.919125735400893,0.0557569885476767,0.5826040225812431,1032
1,56,12,R3,0.4669270708868485,0.5489076573746843,0.1654398799693182,0.5444546188366262,1032
1,18,13,R3,0.7384227800508057,0.68546926513713,0.0653175072244471,0.4843856945035751,1032
1,99,15,R3,0.628914872154602,0.7273046354828282,0.3395561911785346,0.7318483385112489,1032
1,26,17,R3,0.6466579708212402,0.8895269407476833,0.2216835798919837,0.3460822835670596,1032
1,116,20,R3,0.5038477827119711,0.7194320696107874,0.0467028120566766,0.5354333971358526,1032
1,34,21,R3,0.4774164186908043,0.602060507465461,0.2633556929244436,0.1373176746515778,1032
1,85,22,R3,0.6498261949035534,0.9012006836487184,0.1737046081333566,0.508866819234237,1032
1,50,24,R3,0.8152492309764026,0.988665804685876,0.0994776561791885,0.5530670598441619,1032
1,80,25,R3,0.654742621340194,0.681455515046621,0.2234482618190563,0.6570815580631563,1032
1,105,26,R3,0.5745368580264824,0.7928622355353329,0.1486801522611123,0.6874410544212824,1032
1,7,29,R3,0.6411413596406844,0.6803658451127568,0.1025699142215684,0.6284220266743417,1032
2,82,0,R3,0.5196717829456767,0.7128284455412907,0.021929634272252,0.834540944054335,1032
2,37,2,R3,0.5378815459062039,0.5927422898335943,0.3421111500197132,0.2069899487067027,1032
2,46,3,R3,0.6138314538594795,0.5470319634632839,0.284945950392995,0.6783681141663673,1032
2,84,4,R3,0.4471008690836823,0.3798027656036301,0.2779713156114664,0.5120494698089242,1032
2,107,5,R3,0.6718364023044567,0.727522024910079,0.0250347385248494,0.6413827187897749,1032
2,12,6,R3,0.6157227197563141,0.5525361745224726,0.1328235379254958,0.8219126452657325,1032
2,102,7,R3,0.7603113195910707,0.9400289421066522,0.1199886652009045,0.5696449007250336,1032
2,70,10,R3,0.4875036218358906,0.7325377439076963,0.3082105387533216,0.14379791275674,1032
2,55,11,R3,0.4636371580532827,0.4277608926863363,0.0703751927344014,0.8080012859776838,1032
2,28,13,R3,0.6047491070804959,0.699404892414291,0.0657316121920661,0.3466981886568419,1032
2,94,15,R3,0.4841392311800689,0.411305467000908,0.3475698369407082,0.8850422727776406,1032
2,0,20,R3,0.452541407580483,0.4638041224140855,0.0492638484271493,0.5661488246731933,1032
2,106,21,R3,0.4371675227680806,0.4116674542841985,0.2814935422703258,0.6202582189812151,1032
2,17,22,R3,0.5809169128626334,0.4753211852337899,0.1691839657116516,0.6820961581923126,1032
2,4,23,R3,0.5663411456191657,0.6369506687533318,0.2293050097171481,0.5987515930552486,1032
2,111,24,R3,0.6653406800300926,0.7392243685749662,0.1019302802043303,0.7866948216289711,1032
2,3,25,R3,0.6323331002064518,0.742626144350464,0.2111851824074446,0.587127243123765,1032
2,118,28,R3,0.3878084074744879,0.294624037235945,0.2706712294799721,0.8730425600390352,1032
3,20,18,R3,0.4518967636822188,0.614314267602031,0.268965849254214,0.2823875298198079,1032
3,58,19,R3,0.499223987339762,0.60816292429217,0.2320612482106786,0.5205370720249348,1032
4,11,1,R3,0.4442939634755081,0.4156723806598068,0.21592278111154,0.131524414243218,1032
4,112,8,R3,0.3352029262908299,0.2746827401323357,0.1084348082408331,0.8971163911517351,1032
4,5,17,R3,0.4042988045974393,0.4332390024187116,0.2838356938197239,0.2510252080089144,1032
4,51,28,R3,0.4039489454186329,0.4760918861257215,0.2515950956482978,0.483901335375668,1032
5,92,16,R3,0.530107318997686,0.4639556306705369,0.100268214156931,0.9323265316347646,1032
5,29,18,R3,0.5199533396639676,0.607550916896459,0.2051784173954187,0.4740842991433048,1032
1,107,1,R0,0.8687260323687384,0.8643322050522142,0.268818910666149,0.6783196421481771,1033
1,103,2,R0,0.7790927561607632,0.7729659838719075,0.2845789176799043,0.6240617607459521,1033
1,94,3,R0,0.75675231787348,0.9575021105800176,0.2804094933850277,0.4323987181564683,1033
1,40,4,R0,0.6822485416430838,0.7391031502230798,0.1360348174386604,0.1560734394149412,1033
1,69,5,R0,0.7495515610309518,0.9279714709557344,0.0968544690020337,0.0661774863947513,1033
1,54,6,R0,0.5597033521585535,0.3062505961845372,0.0417745576233723,0.863119335034143,1033
1,119,7,R0,0.5862429579080083,0.5243900432488005,0.1491313463926387,0.6514515310077241,1033
1,90,9,R0,0.7209216279554913,0.6881698204429183,0.2761242704042142,0.6372653044068339,1033
1,35,10,R0,0.629569053284475,0.6720077491721734,0.1341742330098535,0.6212669232598279,1033
1,117,11,R0,0.583885788751243,0.2471502104665894,0.2989063323017627,0.7188202289566993,1033
1,64,14,R0,0.640928804597016,0.7084054703283957,0.4385957395917336,0.4523346948728917,1033
1,34,15,R0,0.783202178100329,0.7499243955762335,0.1053792640686522,0.5872429986162515,1033
1,101,17,R0,0.4804441947106012,0.3499876061398603,0.2249026577229014,0.7122961797685843,1033
1,26,18,R0,0.7027725037756313,0.9653590525124248,0.1875109578310309,0.4333378296286181,1033
1,60,19,R0,0.6686919895565062,0.6983735126370658,0.0739040477566447,0.7087802125692547,1033
1,27,20,R0,0.5723071510972605,0.3454981926351012,0.3735600320709353,0.3288524901718213,1033
1,47,22,R0,0.7790705684603877,0.8917568557793285,0.1134973000701378,0.4341386444889473,1033
1,85,23,R0,0.668364207775465,0.6165408679488417,0.0885071532797091,0.3187528164433032,1033
1,10,24,R0,0.6243201743618891,0.6454608090336886,0.2372288495566214,0.727131658329974,1033
1,28,25,R0,0.7130486199459437,0.6822853466536118,0.0364419217999931,0.900845098474208,1033
1,100,26,R0,0.6230396153761132,0.6175600351635697,0.282383172758563,0.7909417073992963,1033
1,3,27,R0,0.7093318922541703,0.72864185570671,0.193742542068688,0.806967644998889,1033
1,2,28,R0,0.609959575920415,0.5641137538344021,0.1560667018874277,0.7273631708740093,1033
1,78,29,R0,0.574008471689693,0.5305366638363307,0.1966083950290743,0.6053450617624668,1033
2,6,1,R0,0.6390513276210548,0.5390055632137014,0.294517582150705,0.6634835828678588,1033
2,111,2,R0,0.5379277431940175,0.6938496416262611,0.2896288452545394,0.7315436741403248,1033
2,52,3,R0,0.6535666649984381,0.8577559095057472,0.2914033821064162,0.3676250869038831,1033
2,53,5,R0,0.6508552214817869,0.6295247526617749,0.1045172149949466,0.757608505098207,1033
2,99,6,R0,0.553299906201882,0.4337215292437205,0.0400620180937233,0.6889253369435173,1033
2,62,7,R0,0.4490794156967065,0.1611419246225478,0.1698497325331822,0.2952329525438864,1033
2,93,8,R0,0.5156637318181244,0.6358615485396627,0.2500155833993941,0.4151252315609064,1033
2,116,9,R0,0.5880298121802876,0.6922792581942121,0.2766143087000755,0.0446401471319072,1033
2,106,10,R0,0.5185192472861389,0.601012384329592,0.1367139042215308,0.5677948045715744,1033
2,23,12,R0,0.6240299403334229,0.4253645242283537,0.127236874645023,0.6982216633709605,1033
2,80,14,R0,0.5505446192061488,0.726142580752082,0.4334512148807332,0.2862601334161141,1033
2,25,15,R0,0.6765062804089113,0.7318100064046508,0.1055739540813749,0.2231326341930606,1033
2,118,16,R0,0.7492949623622814,0.7562668662847059,0.2264299981169432,0.6287264808488855,1033
2,91,18,R0,0.6011383880382902,0.5292470994539745,0.2153473940901073,0.6371934740124603,1033
2,41,20,R0,0.6052200507536332,0.5227991241993897,0.3499234624798875,0.7672422437304041,1033
2,32,22,R0,0.7679406458674447,0.825881399600446,0.1181267610800243,0.3398059180484254,1033
2,67,23,R0,0.644621441855396,0.5915326609817004,0.0894684944881401,0.9192841741205016,1033
2,24,24,R0,0.6424178827105717,0.5778373948218709,0.2396557059607199,0.4160165169292332,1033
2,68,25,R0,0.620086164447361,0.6787947958362215,0.036551365083445,0.7026410480111057,1033
2,81,27,R0,0.6810388545618208,0.6819332876085676,0.1962973496666211,0.5851236452237759,1033
2,45,29,R0,0.6315764658387728,0.3878819357534891,0.2033292638452527,0.8263873446588442,1033
3,83,4,R0,0.4363512707121376,0.5172386942174473,0.1453579763475061,0.2119422213473612,1033
3,58,11,R0,0.4378790157002166,0.1949349435225821,0.3042803247898183,0.897858337202083,1033
3,20,12,R0,0.5096963503453553,0.1765868042044378,0.1375619055925856,0.5489643706759904,1033
3,88,13,R0,0.5040850554031634,0.3930286069063872,0.2118795068664827,0.6356915634723171,1033
3,72,28,R0,0.5489011263428537,0.5400870024506762,0.1561176925934441,0.4503763923590217,1033
4,42,13,R0,0.4747393087660942,0.4264274588744996,0.2084888634090294,0.1218765034643867,1033
4,39,21,R0,0.4119545810812017,0.4362604141348669,0.1975516388071801,0.5205982345305643,1033
5,98,16,R0,0.5764159883055413,0.6166716043572003,0.2424131804465036,0.4034351768756913,1033
6,33,21,R0,0.4405394205944916,0.1954748830668417,0.2167036541185342,0.6933870232736554,1033
1,119,0,R1,0.5198291886017947,0.4393867741017766,0.2243543884845003,0.6514515310077241,1033
1,107,1,R1,0.8473278920268972,0.8643322050522142,0.1976093981628419,0.6783196421481771,1033
1,103,2,R1,0.7285840387994146,0.7729659838719075,0.2407176665335146,0.6240617607459521,1033
1,94,3,R1,0.7763914542850054,0.9575021105800176,0.2225690610983897,0.4323987181564683,1033
1,69,5,R1,0.6855022099573618,0.9279714709557344,0.0992178835714078,0.0661774863947513,1033
1,91,8,R1,0.5393988915299677,0.4207564134894497,0.2390731073972862,0.6371934740124603,1033
1,90,9,R1,0.7059450951111816,0.6881698204429183,0.2130832171451844,0.6372653044068339,1033
1,35,10,R1,0.586221108928516,0.6720077491721734,0.1084487608376168,0.6212669232598279,1033
1,117,11,R1,0.4593530469928273,0.2471502104665894,0.2843670802316138,0.7188202289566993,1033
1,23,12,R1,0.5144634655776066,0.4217460273582704,0.1143137105086314,0.6982216633709605,1033
1,64,14,R1,0.5874669446749053,0.7084054703283957,0.3691795549862837,0.4523346948728917,1033
1,25,15,R1,0.6398096366745032,0.7318100064046508,0.0893378252194708,0.2231326341930606,1033
1,118,16,R1,0.6502220963770822,0.755316466152721,0.1784919599458825,0.6287264808488855,1033
1,26,18,R1,0.7626804462541819,0.9653590525124248,0.1491790393338217,0.4333378296286181,1033
1,60,19,R1,0.6394602669010246,0.6983735126370658,0.0548771397971376,0.7087802125692547,1033
1,41,20,R1,0.6198266282190206,0.5210395018618538,0.2932483645857284,0.7672422437304041,1033
1,32,22,R1,0.6981499385816486,0.825881399600446,0.1034371256437929,0.3398059180484254,1033
1,67,23,R1,0.5783805750676341,0.5884254085227474,0.0725609997221101,0.9192841741205016,1033
1,10,24,R1,0.5404231768154145,0.6454608090336886,0.1867643838866531,0.727131658329974,1033
1,28,25,R1,0.591607285907359,0.6822853466536118,0.0301489231683335,0.900845098474208,1033
1,100,26,R1,0.6202572255991203,0.6175600351635697,0.2272049101769092,0.7909417073992963,1033
1,3,27,R1,0.7616451989791467,0.72864185570671,0.1480377849001909,0.806967644998889,1033
1,53,28,R1,0.5633886723251723,0.5891808738093527,0.1282703231480297,0.757608505098207,1033
1,78,29,R1,0.6071507022945662,0.5305366638363307,0.1627789670042923,0.6053450617624668,1033
2,85,1,R1,0.6872864525258854,0.9264806170368364,0.2299402049176082,0.3187528164433032,1033
2,52,3,R1,0.6688698073559726,0.8577559095057472,0.2599744214036979,0.3676250869038831,1033
2,40,4,R1,0.5118874313487314,0.7391031502230798,0.1318840238316575,0.1560734394149412,1033
2,2,5,R1,0.6519097483698008,0.664873670296281,0.0835158142617624,0.7273631708740093,1033
2,116,9,R1,0.534059465699997,0.6869679761355759,0.2878592058701568,0.0446401471319072,1033
2,106,10,R1,0.497089957089541,0.601012384329592,0.1209569320244701,0.5677948045715744,1033
2,39,14,R1,0.5136786272643026,0.5226751702144303,0.3970193211721698,0.5205982345305643,1033
2,34,15,R1,0.6967462019852171,0.7555780208185348,0.0774128363217461,0.5872429986162515,1033
2,50,20,R1,0.3994533516913848,0.4684924792643649,0.3128750335260893,0.7561306902983325,1033
2,47,22,R1,0.7277841253800157,0.8917568557793285,0.0859904547263344,0.4341386444889473,1033
2,46,23,R1,0.433196235737567,0.3543021846816636,0.0790125088294651,0.7894772605809087,1033
2,24,24,R1,0.535045858100853,0.5778373948218709,0.220451976019987,0.4160165169292332,1033
2,68,25,R1,0.686130234524005,0.6765827090262533,0.0289970687927906,0.7026410480111057,1033
2,81,27,R1,0.6221688989689436,0.6819332876085676,0.155010434557117,0.5851236452237759,1033
3,111,2,R1,0.3952401679782865,0.6938999716021872,0.2504495722313299,0.7315436741403248,1033
3,70,6,R1,0.4910736975976459,0.4061862264617168,0.0403142238690292,0.428714223807074,1033
3,98,16,R1,0.4748597143375599,0.6118519105299562,0.2079572899769998,0.4034351768756913,1033
3,57,26,R1,0.5505529885524235,0.4758883463171827,0.2371784853829514,0.7078072073136694,1033
3,38,29,R1,0.548705916581445,0.4821340423182552,0.1786517424092867,0.5526580179858337,1033
4,93,8,R1,0.452335878086534,0.6380536934767943,0.2399959885547173,0.4151252315609064,1033
4,77,12,R1,0.5249942539536907,0.5923401966803694,0.107467744287868,0.3219963013410684,1033
4,45,19,R1,0.3553416793089466,0.2864365344144221,0.0830814727010468,0.8263873446588442,1033
4,80,21,R1,0.5073109661313132,0.546323507640832,0.1667832671644674,0.2862601334161141,1033
5,99,6,R1,0.4536965750787325,0.4337215292437205,0.0338389285445894,0.6889253369435173,1033
5,88,13,R1,0.4869582026152159,0.3932453502486339,0.1836785821883109,0.6356915634723171,1033
5,59,18,R1,0.3611139495294274,0.3767676360100479,0.1909655110304962,0.5890613537784047,1033
1,107,1,R2,0.8009264307854534,0.8643322050522142,0.1976093981628419,0.6783196421481771,1033
1,103,2,R2,0.6602382195033606,0.7729659838719075,0.2407176665335146,0.6240617607459521,1033
1,94,3,R2,0.639460360857633,0.9575021105800176,0.2225690610983897,0.4323987181564683,1033
1,69,5,R2,0.6024687311103024,0.9279714709557344,0.0992178835714078,0.0661774863947513,1033
1,99,6,R2,0.5061460940002801,0.4337215292437205,0.0338887151817954,0.6889253369435173,1033
1,119,7,R2,0.559750116751815,0.5243900432488005,0.1339979653244949,0.6514515310077241,1033
1,64,8,R2,0.4721170638409265,0.5044494359628763,0.2536248984865804,0.4523346948728917,1033
1,90,9,R2,0.6962334751423113,0.6881698204429183,0.2130832171451844,0.6372653044068339,1033
1,35,10,R2,0.6510019307064607,0.6720077491721734,0.1084487608376168,0.6212669232598279,1033
1,39,14,R2,0.5179222338115647,0.5226751702144303,0.3970193211721698,0.5205982345305643,1033
1,34,15,R2,0.6567737784471585,0.7499243955762335,0.0776693983445274,0.5872429986162515,1033
1,118,16,R2,0.7634523785534338,0.755316466152721,0.1784919599458825,0.6287264808488855,1033
1,26,18,R2,0.6776074463337192,0.9653590525124248,0.1491790393338217,0.4333378296286181,1033
1,60,19,R2,0.6072251730333105,0.6983735126370658,0.0548771397971376,0.7087802125692547,1033
1,91,21,R2,0.4677473937028782,0.430407846076278,0.1717591929219983,0.6371934740124603,1033
1,47,22,R2,0.7245133735828743,0.8917568557793285,0.0859904547263344,0.4341386444889473,1033
1,67,23,R2,0.5901851458816711,0.5884254085227474,0.0725609997221101,0.9192841741205016,1033
1,68,25,R2,0.5941128415514798,0.6765827090262533,0.0291655947214502,0.7026410480111057,1033
1,100,26,R2,0.5440474441964183,0.6175600351635697,0.2272049101769092,0.7909417073992963,1033
1,3,27,R2,0.6922134204348745,0.72864185570671,0.1480377849001909,0.806967644998889,1033
1,2,28,R2,0.5569267496728411,0.5641137538344021,0.1270289026623843,0.7273631708740093,1033
1,78,29,R2,0.5634068907929092,0.5305366638363307,0.1627789670042923,0.6053450617624668,1033
2,85,1,R2,0.6775846540237436,0.9220984320850096,0.230646008077051,0.3187528164433032,1033
2,52,3,R2,0.6191897909501766,0.8625936382190595,0.2591669474264484,0.3676250869038831,1033
2,40,4,R2,0.579856130131225,0.7444499948902545,0.1317145523118849,0.1560734394149412,1033
2,53,5,R2,0.6384472710010544,0.6295247526617749,0.085647135940018,0.757608505098207,1033
2,112,6,R2,0.43144566705921,0.4757586274152672,0.0343715089054513,0.4591929684148797,1033
2,93,8,R2,0.4717181271793508,0.6380067812790973,0.2409973467742977,0.4151252315609064,1033
2,116,9,R2,0.4988989585735229,0.6869679761355759,0.2879774876759283,0.0446401471319072,1033
2,106,10,R2,0.5016272845075137,0.601012384329592,0.1209569320244701,0.5677948045715744,1033
2,77,12,R2,0.4699439479027085,0.6004222334901238,0.1075584528366926,0.3219963013410684,1033
2,88,13,R2,0.4882386413203173,0.3958920174857507,0.1836884452990465,0.6356915634723171,1033
2,80,14,R2,0.5247098833689429,0.726142580752082,0.3803439646145374,0.2862601334161141,1033
2,25,15,R2,0.6891455352518844,0.7318100064046508,0.0893378252194708,0.2231326341930606,1033
2,41,20,R2,0.5676186861008351,0.5210395018618538,0.2932483645857284,0.7672422437304041,1033
2,32,22,R2,0.6703614026644326,0.825881399600446,0.1034371256437929,0.3398059180484254,1033
2,24,24,R2,0.6176523962296474,0.5826892214391354,0.2197137589667975,0.4160165169292332,1033
2,81,27,R2,0.6841133264361208,0.6867045930494879,0.1547996561993179,0.5851236452237759,1033
3,19,0,R2,0.3181378710042925,0.1431706821681495,0.2873382586169742,0.5438528534926049,1033
3,111,2,R2,0.5598999206078575,0.6967784964687742,0.2506681908851585,0.7315436741403248,1033
3,110,7,R2,0.3521655965146156,0.229696702596724,0.1608338562008923,0.273024928432675,1033
3,46,23,R2,0.5228618710027696,0.3617012822027434,0.0788750995388277,0.7894772605809087,1033
3,28,25,R2,0.6063592355569837,0.6892898213889137,0.0300548849394329,0.900845098474208,1033
3,57,26,R2,0.4971820414212967,0.4894976682763081,0.2363131012997991,0.7078072073136694,1033
4,82,21,R2,0.4067391470890359,0.2290778064937386,0.2089695898435073,0.5597342177843191,1033
4,10,24,R2,0.5847988593883251,0.6498470089130244,0.1863597505315409,0.727131658329974,1033
4,38,29,R2,0.4402852322550477,0.4902895986786875,0.1780469871444271,0.5526580179858337,1033
6,62,0,R2,0.3035263435718723,0.2398383024480922,0.2795707979991912,0.2952329525438864,1033
6,23,11,R2,0.5408784971982005,0.4958399488307103,0.2172106538698324,0.6982216633709605,1033
6,98,16,R2,0.518591406009686,0.628899985049493,0.2080970868564386,0.4034351768756913,1033
6,117,19,R2,0.3437514196526691,0.3003794897356412,0.0783832465715962,0.7188202289566993,1033
6,71,20,R2,0.4464814940342572,0.3552123395474437,0.3275375439233166,0.7813063400922635,1033
1,93,0,R3,0.4392609417882961,0.3817878202343107,0.2442349278927545,0.4151252315609064,1033
1,107,1,R3,0.8151095080653213,0.8643322050522142,0.1976093981628419,0.6783196421481771,1033
1,103,2,R3,0.7661861541188182,0.7729659838719075,0.2407176665335146,0.6240617607459521,1033
1,94,3,R3,0.7665085396559925,0.9575021105800176,0.2225690610983897,0.4323987181564683,1033
1,40,4,R3,0.6344277869496019,0.7391031502230798,0.1318840238316575,0.1560734394149412,1033
1,69,5,R3,0.6184055636146953,0.9279714709557344,0.0992178835714078,0.0661774863947513,1033
1,90,9,R3,0.6901724719495597,0.6881698204429183,0.2130832171451844,0.6372653044068339,1033
1,35,10,R3,0.6065960365486951,0.6720077491721734,0.1084487608376168,0.6212669232598279,1033
1,117,11,R3,0.5047949553813003,0.2471502104665894,0.2843670802316138,0.7188202289566993,1033
1,23,12,R3,0.4447676661904459,0.4217460273582704,0.1143137105086314,0.6982216633709605,1033
1,88,13,R3,0.3876577814255141,0.3903975611760293,0.1840771043281051,0.6356915634723171,1033
1,64,14,R3,0.6038318053859769,0.7084054703283957,0.3691795549862837,0.4523346948728917,1033
1,34,15,R3,0.64404805497132,0.7499243955762335,0.0776693983445274,0.5872429986162515,1033
1,101,17,R3,0.41875469854661,0.3499876061398603,0.2137789839886932,0.7122961797685843,1033
1,26,18,R3,0.7478746285639122,0.9653590525124248,0.1491790393338217,0.4333378296286181,1033
1,60,19,R3,0.621275327409527,0.6983735126370658,0.0548771397971376,0.7087802125692547,1033
1,41,20,R3,0.6447268659149682,0.5210395018618538,0.2932483645857284,0.7672422437304041,1033
1,47,22,R3,0.8182904124120423,0.8917568557793285,0.0859904547263344,0.4341386444889473,1033
1,67,23,R3,0.5766355679461753,0.5884254085227474,0.0725609997221101,0.9192841741205016,1033
1,24,24,R3,0.5455811714631502,0.5778373948218709,0.220451976019987,0.4160165169292332,1033
1,68,25,R3,0.650469828935439,0.6765827090262533,0.0291655947214502,0.7026410480111057,1033
1,100,26,R3,0.5825711436570847,0.6175600351635697,0.2272049101769092,0.7909417073992963,1033
1,3,27,R3,0.689978545568339,0.72864185570671,0.1480377849001909,0.806967644998889,1033
1,38,29,R3,0.4957253322191574,0.4821340423182552,0.1786517424092867,0.5526580179858337,1033
2,85,1,R3,0.645173936142017,0.94017082350797,0.2168437329488,0.3187528164433032,1033
2,2,5,R3,0.7324039705171212,0.6686050529127076,0.0832433841591617,0.7273631708740093,1033
2,119,7,R3,0.4990742406363024,0.5243900432488005,0.1339979653244949,0.6514515310077241,1033
2,116,9,R3,0.5587636964398345,0.6988032432948007,0.2842312100588919,0.0446401471319072,1033
2,106,10,R3,0.4822763195986312,0.601012384329592,0.1209569320244701,0.5677948045715744,1033
2,77,12,R3,0.3774802664038529,0.5964566758654627,0.1076307011782568,0.3219963013410684,1033
2,82,14,R3,0.5561778427859464,0.5733750557982442,0.381188739049786,0.5597342177843191,1033
2,25,15,R3,0.5784808737795393,0.7318100064046508,0.0893378252194708,0.2231326341930606,1033
2,118,16,R3,0.6967985259890472,0.7589198453536847,0.1784919599458825,0.6287264808488855,1033
2,39,21,R3,0.4504147860401824,0.4362604141348669,0.1670916826749936,0.5205982345305643,1033
2,32,22,R3,0.5412305841747149,0.825881399600446,0.1034371256437929,0.3398059180484254,1033
2,84,24,R3,0.5432065275503937,0.5760318255137487,0.2396293696942759,0.1579838590550585,1033
2,28,25,R3,0.704261367788881,0.6892150395520376,0.0300957382993544,0.900845098474208,1033
2,59,27,R3,0.5305066580869555,0.6139090946631593,0.1465084079681546,0.5890613537784047,1033
2,78,29,R3,0.5246732549956592,0.5464308457520166,0.1525919362380526,0.6053450617624668,1033
3,52,3,R3,0.6704149839532749,0.8644627336709731,0.2597583031418835,0.3676250869038831,1033
3,99,6,R3,0.4655030524793251,0.4392598245226934,0.0336415265810337,0.6889253369435173,1033
3,58,11,R3,0.4115120334293681,0.2019244344541514,0.2834145202525778,0.897858337202083,1033
3,89,16,R3,0.5087375388089385,0.5003213494720027,0.2341110064617392,0.5352381199777427,1033
3,80,21,R3,0.4221975539475583,0.546323507640832,0.1667832671644674,0.2862601334161141,1033
3,6,23,R3,0.4939038811346142,0.4296534021777259,0.0819451803952657,0.6634835828678588,1033
3,57,26,R3,0.480789031252057,0.4865159025082437,0.2366809839544701,0.7078072073136694,1033
3,72,28,R3,0.5049184409855673,0.5613963163947309,0.1428030933260938,0.4503763923590217,1033
4,91,18,R3,0.455772411690697,0.5370891746428053,0.185782390971225,0.6371934740124603,1033
4,53,28,R3,0.5124800740552287,0.5891808738093527,0.1282703231480297,0.757608505098207,1033
5,44,20,R3,0.4351525958188663,0.308761115880941,0.3473330146642159,0.6303430868209465,1033
1,7,0,R0,0.5944434703929519,0.6157806979214338,0.1263575573447513,0.4684133852275261,1034
1,24,1,R0,0.7847333933064577,0.7004167248458979,0.2117532798417641,0.8029560585441126,1034
1,81,2,R0,0.7917691650629393,0.8225201578457236,0.1020051593020983,0.591111086996525,1034
1,1,3,R0,0.572440348329924,0.5408046819918373,0.2135685155921949,0.3861544366471422,1034
1,27,4,R0,0.6711219795700915,0.7173904332640688,0.1975333723169472,0.4788864610430191,1034
1,94,5,R0,0.5828524372665526,0.4209638335632041,0.2461765942385941,0.5174683379190348,1034
1,40,6,R0,0.7756788895562111,0.6620912760527089,0.0323828965154012,0.6558585836431203,1034
1,118,8,R0,0.5611909554902897,0.5370310698927759,0.1827370280348567,0.6403061821708271,1034
1,85,9,R0,0.6179835462165689,0.6945478654453678,0.1919512359436271,0.5774029733719872,1034
1,44,10,R0,0.8351455894986758,0.6483376693017004,0.1068410662813398,0.8217469498487265,1034
1,113,11,R0,0.5986713692115874,0.6638998680209952,0.3056911463894861,0.6303611261890529,1034
1,41,12,R0,0.5663766692441641,0.7458140719228443,0.2027174787896984,0.3524729661265783,1034
1,64,13,R0,0.807990759856942,0.7383906481463673,0.0543903917980881,0.6559823423011845,1034
1,38,15,R0,0.5572182686196747,0.5750063742589009,0.2381695439731081,0.5132109869415046,1034
1,98,16,R0,0.5418780958327241,0.4418656037368647,0.177299594512346,0.2886120949732902,1034
1,45,17,R0,0.8360595402811953,0.908620968366816,0.1073024797711336,0.7177394892390152,1034
1,5,19,R0,0.6004372055362331,0.3898851977910722,0.4350748057377997,0.3937775820974598,1034
1,59,21,R0,0.8509848855867004,0.963326290592898,0.2041942756951501,0.8176583940128052,1034
1,91,23,R0,0.7848770945609489,0.9426700900193712,0.1760100691448436,0.1551269939552683,1034
1,12,25,R0,0.8332384507382827,0.9751136015716738,0.24760829952617,0.8437714058466622,1034
1,90,26,R0,0.6665560536497361,0.7671183450768423,0.1092316537375543,0.1811010074281059,1034
1,58,27,R0,0.7226455076498197,0.7294903383850561,0.1418514647323902,0.3653119340621558,1034
1,112,28,R0,0.7152682120017948,0.9139811001369244,0.4269608153064708,0.3841544448035358,1034
1,102,29,R0,0.6477991820125537,0.5905191431843497,0.2172311140269751,0.6353370534942179,1034
2,60,1,R0,0.6415279464968173,0.4919136124591879,0.2240256547863068,0.7125991913590038,1034
2,79,2,R0,0.6138322742676446,0.5150388774063834,0.1131543116779503,0.5196175426726621,1034
2,9,4,R0,0.7670771520376235,0.6414979465345494,0.1987844055513192,0.7969043512150116,1034
2,104,5,R0,0.5436855547548449,0.3394422748054498,0.2523212726476742,0.6451130661022544,1034
2,83,7,R0,0.6025419489979149,0.4622282157469453,0.2786886899995726,0.5116720673244517,1034
2,71,8,R0,0.4771692243522516,0.4289072820187755,0.1908901048130599,0.91449753353358,1034
2,93,9,R0,0.6942659106334309,0.6662724883267968,0.1918769891923235,0.5406051378839921,1034
2,119,10,R0,0.6111048974427915,0.4977898609250932,0.110613026470768,0.5951874502630778,1034
2,116,11,R0,0.517396903530031,0.5095379874276276,0.3175314030960378,0.7157417968445242,1034
2,105,12,R0,0.4759086663641967,0.4993639329182984,0.2179134725778957,0.1759744370607773,1034
2,4,13,R0,0.4554904225692127,0.4618889612239887,0.0581404358015035,0.9261164661983669,1034
2,32,14,R0,0.5475407033748049,0.4046423243440192,0.3502601689176784,0.5228702282694634,1034
2,95,17,R0,0.7316273038503337,0.651681572031904,0.1156847782833616,0.5414373809020291,1034
2,57,18,R0,0.4119404393642554,0.3974963230798881,0.0553159019231268,0.432365304349015,1034
2,117,19,R0,0.5872633837628656,0.7229538294283897,0.3983365063272782,0.7548778626849518,1034
2,73,20,R0,0.6097471301313494,0.6342262352453982,0.0425286187051276,0.7640818049467227,1034
2,23,21,R0,0.688379177055852,0.7409639722842132,0.2097719782616873,0.5875839225202998,1034
2,96,23,R0,0.4646732235130959,0.4490538491025898,0.2036261628480287,0.6379931584809817,1034
2,115,25,R0,0.5702990927168875,0.527985926501034,0.286703318629616,0.6224821382317338,1034
2,74,26,R0,0.6559585738616943,0.5844487737082023,0.1180346202949098,0.7155977479901945,1034
2,8,27,R0,0.622529213212095,0.4859214196757355,0.152346531715555,0.593433779049946,1034
2,37,29,R0,0.3736943440293034,0.3495725257733297,0.2294051966809794,0.526458626699658,1034
3,25,0,R0,0.5217749822266287,0.3438485289955937,0.1384443668198654,0.7360730927532941,1034
3,69,3,R0,0.4428643221123269,0.6775859856100211,0.2045841566540689,0.2290221330092484,1034
3,67,6,R0,0.675383380733435,0.7370074863000886,0.0320013169815026,0.3077918409591632,1034
3,106,7,R0,0.575423765890663,0.6146554895816103,0.2711637638985597,0.7568982505815909,1034
3,77,14,R0,0.5327505505899918,0.6947906244130739,0.3279869853108682,0.4990497206368771,1034
3,13,16,R0,0.4517555419784987,0.2266009958236282,0.1920351651771149,0.510756300281888,1034
3,10,24,R0,0.5678419511590035,0.404126634771964,0.1390345398138597,0.5813666084284259,1034
3,65,28,R0,0.4593032565354322,0.5631699999784641,0.4679523547415797,0.3643075117920058,1034
4,86,24,R0,0.4700643772973469,0.1616009581472022,0.1503793772891992,0.763399930128439,1034
5,76,18,R0,0.4529551288420775,0.272803320431877,0.057199761483307,0.2596428694363361,1034
5,42,20,R0,0.5692205846321973,0.6902469168275344,0.0420509966486535,0.1828254781584485,1034
1,7,0,R1,0.5026700122426964,0.6157806979214338,0.1093049038762832,0.4684133852275261,1034
1,24,1,R1,0.7034868361836726,0.7004167248458979,0.1551096906701743,0.8029560585441126,1034
1,81,2,R1,0.7034602681043503,0.8225201578457236,0.0792330073350944,0.591111086996525,1034
1,1,3,R1,0.4508181146927279,0.5408046819918373,0.2078252903168633,0.3861544366471422,1034
1,9,4,R1,0.7348054934654951,0.6404829931217486,0.1549860992849624,0.7969043512150116,1034
1,40,6,R1,0.7537045994740604,0.6620912760527089,0.0249591244948971,0.6558585836431203,1034
1,106,7,R1,0.4526654553275441,0.610748773614957,0.2091208372911754,0.7568982505815909,1034
1,118,8,R1,0.6020991718868594,0.5370310698927759,0.1627127830294077,0.6403061821708271,1034
1,44,10,R1,0.6957897395814441,0.6483376693017004,0.0754555901898435,0.8217469498487265,1034
1,113,11,R1,0.5859562372416355,0.6638998680209952,0.2448966906861877,0.6303611261890529,1034
1,93,13,R1,0.7265314411541766,0.7567240069694363,0.044532002414589,0.5406051378839921,1034
1,98,16,R1,0.4794476888848485,0.4418656037368647,0.1679053934010036,0.2886120949732902,1034
1,45,17,R1,0.7831331966210746,0.908620968366816,0.0747510627803508,0.7177394892390152,1034
1,117,19,R1,0.536476064368303,0.7229538294283897,0.2992118289715268,0.7548778626849518,1034
1,59,21,R1,0.8669745421786581,0.963326290592898,0.1460029108915335,0.8176583940128052,1034
1,91,23,R1,0.6835923000005468,0.9426700900193712,0.1639078945608987,0.1551269939552683,1034
1,12,25,R1,0.81517114230104,0.9751136015716738,0.1854327363615315,0.8437714058466622,1034
1,90,26,R1,0.5504391192439202,0.7671183450768423,0.1157959083176147,0.1811010074281059,1034
1,58,27,R1,0.6067819785555659,0.7294903383850561,0.1243832330748075,0.3653119340621558,1034
1,112,28,R1,0.6402790428801005,0.9139811001369244,0.3928574461459964,0.3841544448035358,1034
2,62,1,R1,0.5309572190235639,0.6288490423404773,0.1819106398220109,0.439890462831684,1034
2,69,3,R1,0.5612292524253849,0.6775859856100211,0.1901262742033103,0.2290221330092484,1034
2,27,4,R1,0.5893820142955,0.7173904332640688,0.1739218009729828,0.4788864610430191,1034
2,94,5,R1,0.4954420803770237,0.4209638335632041,0.2318434279410515,0.5174683379190348,1034
2,38,6,R1,0.6950731984180519,0.6991271323793387,0.0276481629149347,0.5132109869415046,1034
2,16,8,R1,0.4683957286763961,0.4147909062603204,0.1724925615891543,0.49065211212749,1034
2,31,9,R1,0.5469774155858179,0.6189060332928157,0.1518317291959747,0.6266354941620652,1034
2,86,10,R1,0.4894497897711504,0.4533057713663236,0.0941459858471295,0.763399930128439,1034
2,116,11,R1,0.574309897334984,0.5095379874276276,0.2666506753374247,0.7157417968445242,1034
2,41,12,R1,0.5596274324366816,0.7458140719228443,0.1949551930957404,0.3524729661265783,1034
2,64,13,R1,0.740337115506683,0.7475666253071412,0.038914794611141,0.6559823423011845,1034
2,114,16,R1,0.3941614974306924,0.2526920829283497,0.1893279580035374,0.4400680132970358,1034
2,0,17,R1,0.6219028469614492,0.6918248726307255,0.0918899824069984,0.7786405871275944,1034
2,23,21,R1,0.6595217241314841,0.7409639722842132,0.1758892974027477,0.5875839225202998,1034
2,96,23,R1,0.4588362289377332,0.4541571691422102,0.1887280042091242,0.6379931584809817,1034
2,102,25,R1,0.5498184292973183,0.6966185790252156,0.2276611812590213,0.6353370534942179,1034
2,71,28,R1,0.524977989482851,0.3583383919052124,0.428405698367763,0.91449753353358,1034
3,49,0,R1,0.4210661088464837,0.4184372703441775,0.1396545324764549,0.1961355494152199,1034
3,43,5,R1,0.5323208593626642,0.5263721235353643,0.1975328428698138,0.5822499832019747,1034
3,85,9,R1,0.7014541791868597,0.6945478654453678,0.1644133124738668,0.5774029733719872,1034
3,77,14,R1,0.4718269786407456,0.6948195551251988,0.2893256522505701,0.4990497206368771,1034
3,42,20,R1,0.5144646704019104,0.6913408925564097,0.0378333260730331,0.1828254781584485,1034
3,10,24,R1,0.4860524742580546,0.4026130599062452,0.1291048201714436,0.5813666084284259,1034
3,74,26,R1,0.6406728007709851,0.5844487737082023,0.0927604547388665,0.7155977479901945,1034
4,82,7,R1,0.4164589453783857,0.2912592519988801,0.2830551490652691,0.7281009268790472,1034
4,83,12,R1,0.4796345207093896,0.4896915144094418,0.2052116275216416,0.5116720673244517,1034
4,67,15,R1,0.4611086395585982,0.6006704524084301,0.2214890320111282,0.3077918409591632,1034
4,104,18,R1,0.5038577882885398,0.2577347613009475,0.0536576812361125,0.6451130661022544,1034
4,119,22,R1,0.4041998089867966,0.2989520879519312,0.3872836989698769,0.5951874502630778,1034
4,8,27,R1,0.4782328868552994,0.4806833612227702,0.1354964551469041,0.593433779049946,1034
4,19,29,R1,0.4892062957292785,0.5462328217900319,0.2017003640011896,0.403307343436328,1034
5,2,2,R1,0.5564356620270814,0.6517874499352692,0.0939711374742587,0.5299694863907595,1034
5,5,19,R1,0.5245420286101813,0.3935217174589099,0.4118805530971979,0.3937775820974598,1034
5,52,24,R1,0.3387720820902809,0.4131052014827776,0.1275519151157655,0.729832994876903,1034
1,7,0,R2,0.5793817233490104,0.6157806979214338,0.1093049038762832,0.4684133852275261,1034
1,24,1,R2,0.7073437943391954,0.7004167248458979,0.1551096906701743,0.8029560585441126,1034
1,81,2,R2,0.7373231303044504,0.8225201578457236,0.0792330073350944,0.591111086996525,1034
1,9,4,R2,0.6345535874807484,0.6404829931217486,0.1549860992849624,0.7969043512150116,1034
1,40,6,R2,0.6010106957953733,0.6620912760527089,0.0249591244948971,0.6558585836431203,1034
1,106,7,R2,0.5415037129439586,0.610748773614957,0.2091208372911754,0.7568982505815909,1034
1,118,8,R2,0.4800820081395331,0.5370310698927759,0.1627127830294077,0.6403061821708271,1034
1,85,9,R2,0.5968537280343235,0.6945478654453678,0.1644133124738668,0.5774029733719872,1034
1,44,10,R2,0.6576731211203346,0.6483376693017004,0.0754555901898435,0.8217469498487265,1034
1,116,11,R2,0.5673094490149124,0.5095379874276276,0.2671784620724071,0.7157417968445242,1034
1,64,13,R2,0.7447240345155498,0.7383906481463673,0.0389349808958643,0.6559823423011845,1034
1,67,15,R2,0.4405950329336962,0.6006704524084301,0.2218085293532377,0.3077918409591632,1034
1,45,17,R2,0.8044799584820158,0.908620968366816,0.0747510627803508,0.7177394892390152,1034
1,73,20,R2,0.5928120923128198,0.6342262352453982,0.0353812886234241,0.7640818049467227,1034
1,59,21,R2,0.8669745421786581,0.963326290592898,0.1460029108915335,0.8176583940128052,1034
1,91,23,R2,0.6872686876177703,0.9426700900193712,0.1639078945608987,0.1551269939552683,1034
1,12,25,R2,0.8057502250887252,0.9751136015716738,0.1854327363615315,0.8437714058466622,1034
1,74,26,R2,0.5467924984680067,0.5844487737082023,0.0927604547388665,0.7155977479901945,1034
1,58,27,R2,0.6950807727767837,0.7294903383850561,0.1243832330748075,0.3653119340621558,1034
1,112,28,R2,0.5301563100930043,0.9139811001369244,0.3928574461459964,0.3841544448035358,1034
1,19,29,R2,0.4915652594041172,0.5462328217900319,0.2017003640011896,0.403307343436328,1034
2,49,0,R2,0.4181821996431636,0.4174296646965659,0.1398864133082652,0.1961355494152199,1034
2,2,2,R2,0.5544215128617428,0.6541952884414881,0.0939034118990659,0.5299694863907595,1034
2,27,4,R2,0.6382546940835534,0.7227926025165385,0.1736683017602848,0.4788864610430191,1034
2,83,7,R2,0.4356843753592193,0.4633077195225417,0.2633491476034575,0.5116720673244517,1034
2,31,9,R2,0.5919271367108203,0.6161098072079138,0.1526282485203571,0.6266354941620652,1034
2,86,10,R2,0.4721098059501853,0.4533057713663236,0.0943390098550216,0.763399930128439,1034
2,113,11,R2,0.5585826978967635,0.6662867346046966,0.2445041264926123,0.6303611261890529,1034
2,41,12,R2,0.5793905573994937,0.7458140719228443,0.1954772592896751,0.3524729661265783,1034
2,93,13,R2,0.7859455196614205,0.7567240069694363,0.044532002414589,0.5406051378839921,1034
2,77,14,R2,0.4769637508069337,0.6963001871259424,0.2890774869993824,0.4990497206368771,1034
2,94,18,R2,0.5573674612518581,0.5569302687391622,0.0469243228184455,0.5174683379190348,1034
2,117,19,R2,0.5419850524442228,0.7343341111197648,0.2981684271190811,0.7548778626849518,1034
2,96,23,R2,0.4825125457107255,0.458678268743519,0.1885800909574739,0.6379931584809817,1034
2,10,24,R2,0.418683013015709,0.4051214392108547,0.1291048201714436,0.5813666084284259,1034
2,70,27,R2,0.465695893425896,0.4974762040973911,0.1617303665495498,0.1720481802496093,1034
2,71,28,R2,0.5021820807147397,0.3583383919052124,0.428405698367763,0.91449753353358,1034
3,62,1,R2,0.5637522619127178,0.6368961369229682,0.181441218894065,0.439890462831684,1034
3,38,6,R2,0.6451294586448479,0.6991271323793387,0.0276481629149347,0.5132109869415046,1034
3,105,12,R2,0.4654074223910552,0.5154711880310205,0.2095386432094932,0.1759744370607773,1034
3,98,16,R2,0.4632414670821086,0.4418656037368647,0.1679053934010036,0.2886120949732902,1034
3,95,17,R2,0.6078394885039021,0.6552251571163297,0.1062917677860111,0.5414373809020291,1034
3,5,19,R2,0.4944905180740745,0.3917438343100006,0.4123295778985336,0.3937775820974598,1034
3,42,20,R2,0.5614727711879617,0.7001743089417989,0.037808633424976,0.1828254781584485,1034
3,23,21,R2,0.5840049523907905,0.7482799332589178,0.1755815575478839,0.5875839225202998,1034
3,102,25,R2,0.4965866591412011,0.6931228191080445,0.227897371123405,0.6353370534942179,1034
3,90,26,R2,0.5817216352915019,0.7675178390528576,0.1157207618359244,0.1811010074281059,1034
4,69,3,R2,0.578080204676162,0.6926783193914329,0.189799665842448,0.2290221330092484,1034
4,43,5,R2,0.573929269188404,0.5397182802662404,0.1966454251418307,0.5822499832019747,1034
4,63,8,R2,0.466593183837497,0.3964209668342652,0.1670057887036097,0.4166638142956861,1034
4,115,29,R2,0.4048576836767222,0.3918577004362075,0.2122375939562953,0.6224821382317338,1034
5,1,3,R2,0.4507395997622765,0.5634807540167335,0.2064007847290937,0.3861544366471422,1034
6,111,24,R2,0.3856458656773295,0.2768085542458938,0.135547866440318,0.7856631022593078,1034
1,24,1,R3,0.671940935477745,0.7004167248458979,0.1551096906701743,0.8029560585441126,1034
1,81,2,R3,0.7000238879345231,0.8225201578457236,0.0792330073350944,0.591111086996525,1034
1,69,3,R3,0.5489403326846222,0.6775859856100211,0.1901262742033103,0.2290221330092484,1034
1,27,4,R3,0.6132187232685773,0.7173904332640688,0.1739218009729828,0.4788864610430191,1034
1,43,5,R3,0.4956935861521902,0.5263721235353643,0.1975328428698138,0.5822499832019747,1034
1,38,6,R3,0.6373413086096277,0.6991271323793387,0.0276481629149347,0.5132109869415046,1034
1,118,8,R3,0.5705219695357256,0.5370310698927759,0.1627127830294077,0.6403061821708271,1034
1,31,9,R3,0.4925024702132445,0.6106022804005966,0.1528309254520914,0.6266354941620652,1034
1,116,11,R3,0.5949456228702467,0.5095379874276276,0.2671784620724071,0.7157417968445242,1034
1,41,12,R3,0.648607124739059,0.7458140719228443,0.1954772592896751,0.3524729661265783,1034
1,93,13,R3,0.6786395995581456,0.7567240069694363,0.044532002414589,0.5406051378839921,1034
1,77,14,R3,0.4919649134143298,0.6926982405191368,0.2894663476753314,0.4990497206368771,1034
1,98,16,R3,0.5273171268964809,0.4418656037368647,0.1679053934010036,0.2886120949732902,1034
1,45,17,R3,0.8568853632992,0.908620968366816,0.0747510627803508,0.7177394892390152,1034
1,94,18,R3,0.54879610480178,0.5569302687391622,0.0469243228184455,0.5174683379190348,1034
1,42,20,R3,0.5296911373234402,0.6902469168275344,0.0378955191959041,0.1828254781584485,1034
1,59,21,R3,0.7612834914933364,0.963326290592898,0.1460029108915335,0.8176583940128052,1034
1,91,23,R3,0.6906635572675519,0.9426700900193712,0.1639078945608987,0.1551269939552683,1034
1,44,24,R3,0.5653055307172439,0.5420769329155848,0.095297927784427,0.8217469498487265,1034
1,12,25,R3,0.81517114230104,0.9751136015716738,0.1854327363615315,0.8437714058466622,1034
1,112,28,R3,0.5986027665728108,0.9139811001369244,0.3928574461459964,0.3841544448035358,1034
2,7,0,R3,0.644906725198454,0.6222617575056824,0.1090698174059865,0.4684133852275261,1034
2,62,1,R3,0.6250992228294445,0.6307562861625656,0.1817271894831924,0.439890462831684,1034
2,1,3,R3,0.453543087485433,0.5507844732864162,0.2073961204570399,0.3861544366471422,1034
2,40,6,R3,0.6034489623670858,0.6645430178668719,0.0249267833786575,0.6558585836431203,1034
2,106,7,R3,0.6230673151077936,0.62122150406402,0.1964715026780728,0.7568982505815909,1034
2,64,9,R3,0.5259866891800526,0.4635678637172846,0.1649029469646602,0.6559823423011845,1034
2,86,10,R3,0.5012767556885843,0.4695052460812955,0.0924044696920002,0.763399930128439,1034
2,23,16,R3,0.3532082475181364,0.4695678031422785,0.1584062466675229,0.5875839225202998,1034
2,95,17,R3,0.5809962298265312,0.6537794137591433,0.1066014413034044,0.5414373809020291,1034
2,117,19,R3,0.5859021850535061,0.7272062807280368,0.297364508170771,0.7548778626849518,1034
2,73,21,R3,0.549958375289147,0.4989118620682075,0.2181288107959592,0.7640818049467227,1034
2,63,23,R3,0.5061705290017686,0.4438734385185935,0.1853439701102371,0.4166638142956861,1034
2,102,25,R3,0.6308942804450733,0.6985013864657845,0.226809374347001,0.6353370534942179,1034
2,74,26,R3,0.6358067472253845,0.5844487737082023,0.0927604547388665,0.7155977479901945,1034
2,58,27,R3,0.5731551401974329,0.7294903383850561,0.1243832330748075,0.3653119340621558,1034
2,71,28,R3,0.5193256824630201,0.3583383919052124,0.428405698367763,0.91449753353358,1034
2,19,29,R3,0.4952269513031414,0.5462328217900319,0.2017003640011896,0.403307343436328,1034
3,2,2,R3,0.4750627304739482,0.6523652214711011,0.0939535752909349,0.5299694863907595,1034
3,119,10,R3,0.5284811278134349,0.4977898609250932,0.1001337645213021,0.5951874502630778,1034
3,113,11,R3,0.6341498788266896,0.6708833141538373,0.2440317242202018,0.6303611261890529,1034
3,85,13,R3,0.695278062815137,0.7025107716227168,0.0461256150677634,0.5774029733719872,1034
3,9,14,R3,0.529334089947468,0.4525229766414107,0.2875635111299086,0.7969043512150116,1034
3,67,15,R3,0.5085411853908941,0.6006704524084301,0.2218085293532377,0.3077918409591632,1034
3,5,19,R3,0.4682738791534066,0.3932117188133469,0.4095469220094652,0.3937775820974598,1034
3,68,26,R3,0.5559626373216391,0.5438067622585473,0.0991115298990309,0.7093073940684674,1034
4,39,0,R3,0.4276616513315981,0.4244890968345179,0.1212263058667728,0.4658557643624254,1034
4,36,4,R3,0.5480500976789964,0.5646847038267275,0.1634444685467546,0.7121775269198086,1034
4,10,8,R3,0.3721755882247179,0.4544629491321258,0.1766315123099287,0.5813666084284259,1034
4,105,12,R3,0.5569100797012201,0.553699481822389,0.1790444967250686,0.1759744370607773,1034
4,6,18,R3,0.4112819915666617,0.3839027840602026,0.0542878815614751,0.3738406896097445,1034
5,8,27,R3,0.4867086854886865,0.5196375352709881,0.130962954128964,0.593433779049946,1034
6,107,5,R3,0.4414338033829457,0.5561650938114764,0.2021679478979066,0.5100789030883375,1034
6,83,7,R3,0.4762911914601906,0.49164769152215,0.2400785975395915,0.5116720673244517,1034
6,52,24,R3,0.513773570582134,0.4131052014827776,0.1275519151157655,0.729832994876903,1034
1,115,0,R0,0.9521254151518298,0.8540642226078172,0.172522947641943,0.8628216930175279,1035
1,42,1,R0,0.4755178378778285,0.3738214194835098,0.2048675164442927,0.5759052310420858,1035
1,107,3,R0,0.8254069997981118,0.950013656792434,0.3342815267031897,0.6289204119989608,1035
1,80,4,R0,0.7237499705483437,0.7256432630227452,0.2068101572447987,0.3433680374504262,1035
1,68,5,R0,0.8116064704244785,0.8886705274053701,0.1049307217596707,0.4728409198352207,1035
1,87,6,R0,0.4822084032045557,0.4150296956811283,0.2166599814008002,0.4340415176994944,1035
1,10,7,R0,0.7635800489404083,0.8776771741388509,0.2073591694738155,0.3002459406522336,1035
1,92,8,R0,0.617867593695219,0.5315252217982946,0.254752932689763,0.5517022873512931,1035
1,61,10,R0,0.8520339257386853,0.9560686663739904,0.1792441741140233,0.8889546506612871,1035
1,89,11,R0,0.8020704426514285,0.8183548352557071,0.0877899793899813,0.6647115208136837,1035
1,35,13,R0,0.5858067936540882,0.4250276084479841,0.1092128755790223,0.8428202682275298,1035
1,31,14,R0,0.6285636924761221,0.6831721266991719,0.2431732248262906,0.6020357380096476,1035
1,3,15,R0,0.7544611985143648,0.6618342742984935,0.2218734981522334,0.6471978795654775,1035
1,0,17,R0,0.754139420508758,0.7953578000068907,0.1451581341554841,0.6781233833867986,1035
1,52,18,R0,0.5631287327514003,0.641824280764203,0.2320346139071453,0.5414160035939225,1035
1,2,19,R0,0.8830967227704904,0.9399757815597702,0.1107773522225025,0.8422639041433115,1035
1,100,20,R0,0.6828272137805532,0.7198798141459248,0.1970505313611096,0.6071267802042454,1035
1,60,21,R0,0.7211271621976596,0.81436615840684,0.1680652799816664,0.8407162686477406,1035
1,12,22,R0,0.6107088747849531,0.6178734614002573,0.1418437481229637,0.3323705443881507,1035
1,47,23,R0,0.5556930735896181,0.6873761048264155,0.3847354601470512,0.5401594781609657,1035
1,102,24,R0,0.5456178026879094,0.7509408740570844,0.2965579930073468,0.2515755279425684,1035
1,93,25,R0,0.5278639654091041,0.5272524775988667,0.2540263310918754,0.1253693980618564,1035
1,59,26,R0,0.4978981669268471,0.4006773016748969,0.2690942247598048,0.5799617379505563,1035
1,20,27,R0,0.6848649614593674,0.674825756379995,0.0781239444375352,0.5334854827613912,1035
1,113,28,R0,0.6966614977828439,0.7917032283117353,0.1876445978394074,0.8231441995730441,1035
2,54,1,R0,0.4777823818838034,0.3740594179733504,0.2069253384279535,0.7131681452469776,1035
2,101,3,R0,0.7185738562395488,0.8233473400324703,0.3503339466209483,0.6235530774858036,1035
2,51,4,R0,0.5889788631161235,0.4568789015974459,0.2192930667029928,0.6892040636539126,1035
2,116,5,R0,0.7345170193296598,0.7482140192660562,0.1082832392788477,0.1510651502095608,1035
2,14,6,R0,0.4814653395539238,0.4542079010280118,0.2151017098911504,0.2202026888092914,1035
2,55,8,R0,0.5280070434257627,0.5598300781028496,0.2533925244221278,0.8884233488919416,1035
2,94,9,R0,0.6535855481184678,0.53140533529428,0.1222276259546043,0.5589515070394607,1035
2,99,10,R0,0.6830721015726718,0.5077429119950079,0.2018407795991716,0.8174226909513411,1035
2,83,11,R0,0.6350988130936406,0.4891648757896347,0.0968028647066701,0.6791809310791559,1035
2,46,12,R0,0.5332857911457647,0.4394085464640105,0.070907580844228,0.265501111829859,1035
2,88,14,R0,0.6450043242790009,0.6856161311804989,0.2399954193528792,0.8055331855793436,1035
2,98,15,R0,0.8444384969361782,0.8152373968397154,0.2136545579838487,0.3183887129296704,1035
2,65,17,R0,0.66417962808908,0.6637503408621446,0.1506500969086449,0.3110651292274621,1035
2,108,18,R0,0.4701060717791982,0.4830545419263575,0.2392442413864797,0.6116361344585475,1035
2,69,19,R0,0.8321713546123894,0.963979011497593,0.1133007726980271,0.5468756326618797,1035
2,96,20,R0,0.7088957659547193,0.6845489864998029,0.197235675459679,0.6996718616513042,1035
2,64,22,R0,0.5113853996417029,0.591520936213509,0.1437456969435391,0.2522139340016191,1035
2,84,23,R0,0.6196709077273215,0.7040461611578762,0.3769164667527844,0.4915774458382407,1035
2,66,25,R0,0.5787537061642275,0.5400314070733232,0.2489636731721733,0.4697069905445447,1035
2,91,27,R0,0.5340688540396972,0.4392923767896411,0.0825236124120959,0.4303643889812478,1035
2,62,28,R0,0.678532590776164,0.5041630500633472,0.208934933675936,0.5430988791780952,1035
3,103,0,R0,0.5337025475649213,0.5062735229794253,0.1917422998117742,0.542265120834082,1035
3,75,2,R0,0.6803721175131323,0.4419756112102525,0.366976988037801,0.8702966647075088,1035
4,40,2,R0,0.4585389191229571,0.4062704258873569,0.3712512533211249,0.2234962197607958,1035
4,76,9,R0,0.5025527395350585,0.2444849890088873,0.1343955891956605,0.2431967898617114,1035
4,22,12,R0,0.4956052530058011,0.5685414975129313,0.0673503962237105,0.2308716441649304,1035
4,1,26,R0,0.5420411056304589,0.6520954084233042,0.2519680364846142,0.4217468322057205,1035
4,70,29,R0,0.3624884169039464,0.5323675224930668,0.0921022746036714,0.2136433870554653,1035
5,15,16,R0,0.5242776183040313,0.2811975181318795,0.2292251722429562,0.6105950310653575,1035
6,39,7,R0,0.416532549699007,0.2323056611540889,0.260195737528003,0.8085112366190793,1035
1,115,0,R1,0.7997299876099361,0.8540642226078172,0.121970938390338,0.8628216930175279,1035
1,107,3,R1,0.8505437591567084,0.950013656792434,0.2346432569892406,0.6289204119989608,1035
1,80,4,R1,0.588686049952928,0.7256432630227452,0.1816715266623599,0.3433680374504262,1035
1,68,5,R1,0.7630706655739525,0.8886705274053701,0.0819209642642636,0.4728409198352207,1035
1,70,6,R1,0.4163994338769188,0.4903960620774887,0.2097167252039944,0.2136433870554653,1035
1,10,7,R1,0.7071898020977965,0.8776771741388509,0.1888884201014395,0.3002459406522336,1035
1,94,9,R1,0.5353340068638016,0.5298634433117093,0.1102762042679127,0.5589515070394607,1035
1,61,10,R1,0.8666342030832053,0.9560686663739904,0.1224401307223105,0.8889546506612871,1035
1,89,11,R1,0.7797726150222306,0.8183548352557071,0.0695125257114622,0.6647115208136837,1035
1,88,14,R1,0.645519029878444,0.6842139682995741,0.1813553382312392,0.8055331855793436,1035
1,98,15,R1,0.711277794880713,0.8152373968397154,0.1917580830103427,0.3183887129296704,1035
1,92,16,R1,0.5407175860411858,0.6581636860250967,0.1545415211259249,0.5517022873512931,1035
1,0,17,R1,0.7105525384491663,0.7953578000068907,0.1023209954710654,0.6781233833867986,1035
1,2,19,R1,0.7838928342245014,0.9399757815597702,0.08350335451048,0.8422639041433115,1035
1,100,20,R1,0.626779136479059,0.7198798141459248,0.1550255846234253,0.6071267802042454,1035
1,60,21,R1,0.7680419481275026,0.81436615840684,0.120022353898008,0.8407162686477406,1035
1,12,22,R1,0.5734989385995047,0.6178734614002573,0.1301996285799784,0.3323705443881507,1035
1,47,23,R1,0.5359313150293068,0.6873761048264155,0.3505344728063044,0.5401594781609657,1035
1,102,24,R1,0.4957791059256248,0.7509408740570844,0.28122005401112,0.2515755279425684,1035
1,1,26,R1,0.5112349946176085,0.6520954084233042,0.2123913809052545,0.4217468322057205,1035
1,20,27,R1,0.5132378481146832,0.674825756379995,0.0591724055820555,0.5334854827613912,1035
1,113,28,R1,0.6501921986040801,0.7917032283117353,0.1377972165605632,0.8231441995730441,1035
2,84,0,R1,0.5194809464361774,0.6690374990661805,0.1575174454411252,0.4915774458382407,1035
2,101,3,R1,0.6860971468584919,0.8233473400324703,0.2857733746056082,0.6235530774858036,1035
2,19,5,R1,0.6671060493789716,0.7507318235354306,0.0932474177059677,0.5005625866579239,1035
2,99,10,R1,0.5651531497994746,0.5130428389316231,0.1563655740552907,0.8174226909513411,1035
2,74,11,R1,0.5146716433160745,0.5147532900219092,0.0857726094792174,0.776982026382286,1035
2,35,13,R1,0.4073366337436891,0.4250276084479841,0.0892610669229084,0.8428202682275298,1035
2,3,15,R1,0.589076115591446,0.6648162649552768,0.207244602464011,0.6471978795654775,1035
2,65,17,R1,0.4724975690087343,0.6603538941263726,0.1457498312191145,0.3110651292274621,1035
2,69,19,R1,0.8039016236236789,0.963979011497593,0.0856894667832937,0.5468756326618797,1035
2,75,21,R1,0.6298590268205674,0.5053302949574214,0.1514884361973606,0.8702966647075088,1035
2,66,25,R1,0.4858958385031791,0.5400314070733232,0.2270628913598477,0.4697069905445447,1035
2,62,28,R1,0.540581143815521,0.5041630500633472,0.179896454115196,0.5430988791780952,1035
3,40,2,R1,0.3500349670354531,0.4034246895353707,0.3966179575419807,0.2234962197607958,1035
3,87,4,R1,0.6452347019299348,0.777047686373409,0.1861064667895124,0.4340415176994944,1035
3,111,9,R1,0.3955651255193823,0.5087644388404389,0.1286461258544451,0.1220944718180465,1035
3,96,20,R1,0.6116488402662542,0.6814696026709387,0.1563643542454442,0.6996718616513042,1035
3,103,23,R1,0.4695163740216499,0.485484836531924,0.3516908365084945,0.542265120834082,1035
4,54,1,R1,0.3989408398077902,0.3759857576208891,0.1814526145568108,0.7131681452469776,1035
4,17,14,R1,0.4706358113745726,0.514269168799323,0.2028788035354206,0.7727435441846814,1035
4,52,18,R1,0.5082274815708169,0.651717054422819,0.2231724501634673,0.5414160035939225,1035
4,105,22,R1,0.5298063564086438,0.4595508554031456,0.1330015070079655,0.6345193300771245,1035
5,117,1,R1,0.400737072293901,0.3960274512312458,0.195170514590984,0.28529062701834,1035
5,46,12,R1,0.4232563023911547,0.4356159176513384,0.0731677315159993,0.265501111829859,1035
5,15,16,R1,0.4558128216024945,0.2811975181318795,0.2200129477965576,0.6105950310653575,1035
5,114,24,R1,0.3217398767193903,0.2556068171397849,0.3434652422621601,0.5348359344120314,1035
6,55,8,R1,0.5202368680718772,0.568021585113617,0.2022206868061967,0.8884233488919416,1035
6,91,27,R1,0.4145240032314086,0.4399831445523917,0.0764267432239222,0.4303643889812478,1035
1,115,0,R2,0.7614537581854517,0.8540642226078172,0.121970938390338,0.8628216930175279,1035
1,60,2,R2,0.7426421835696262,0.7473813352690779,0.2545112522158581,0.8407162686477406,1035
1,107,3,R2,0.7880733945534687,0.950013656792434,0.2346432569892406,0.6289204119989608,1035
1,80,4,R2,0.644576269662911,0.7256432630227452,0.1816715266623599,0.3433680374504262,1035
1,68,5,R2,0.8152832886665303,0.8886705274053701,0.0819209642642636,0.4728409198352207,1035
1,10,7,R2,0.6900175967980228,0.8776771741388509,0.1888884201014395,0.3002459406522336,1035
1,61,10,R2,0.8027894472328052,0.9560686663739904,0.1224401307223105,0.8889546506612871,1035
1,89,11,R2,0.8405226558947522,0.8183548352557071,0.0695125257114622,0.6647115208136837,1035
1,31,14,R2,0.6284326912549013,0.6831721266991719,0.191809174295951,0.6020357380096476,1035
1,98,15,R2,0.6977936694285453,0.8152373968397154,0.1917580830103427,0.3183887129296704,1035
1,92,16,R2,0.5464558487764883,0.6581636860250967,0.1545415211259249,0.5517022873512931,1035
1,0,17,R2,0.5978971640091056,0.7953578000068907,0.1023209954710654,0.6781233833867986,1035
1,108,18,R2,0.4200711936680571,0.4830545419263575,0.2295534998083379,0.6116361344585475,1035
1,2,19,R2,0.810810658543782,0.9399757815597702,0.08350335451048,0.8422639041433115,1035
1,75,21,R2,0.5419417602421323,0.5031699111195973,0.1515944545681889,0.8702966647075088,1035
1,47,23,R2,0.5228486660846228,0.6873761048264155,0.3505344728063044,0.5401594781609657,1035
1,66,25,R2,0.5015595911431466,0.5400314070733232,0.2270628913598477,0.4697069905445447,1035
1,20,27,R2,0.5699211120724389,0.674825756379995,0.0591724055820555,0.5334854827613912,1035
1,113,28,R2,0.6743495207824821,0.7917032283117353,0.1377972165605632,0.8231441995730441,1035
2,40,2,R2,0.41060412435209,0.4035749403239353,0.3966179575419807,0.2234962197607958,1035
2,101,3,R2,0.6971587562226231,0.8278788952725878,0.2855094103264106,0.6235530774858036,1035
2,19,5,R2,0.6530791433856304,0.7562757872307385,0.0932474177059677,0.5005625866579239,1035
2,55,8,R2,0.4946094766194704,0.5632791298063355,0.2025684834611495,0.8884233488919416,1035
2,99,10,R2,0.6154647059855,0.5173397071211419,0.1556564161640997,0.8174226909513411,1035
2,22,12,R2,0.4893977871343319,0.5685414975129313,0.0675308577880013,0.2308716441649304,1035
2,34,16,R2,0.4391815870257827,0.4778177612216703,0.2016082763651758,0.2899430853410599,1035
2,65,17,R2,0.5170241975377691,0.6680966981689216,0.145365075187217,0.3110651292274621,1035
2,52,18,R2,0.4839400740402029,0.6498167355705616,0.2236999033781986,0.5414160035939225,1035
2,69,19,R2,0.8327433481762848,0.9726985597934252,0.0852640433631379,0.5468756326618797,1035
2,100,20,R2,0.6342222365845956,0.7233315793757742,0.1547121616413235,0.6071267802042454,1035
2,12,22,R2,0.5694469133852917,0.6215496999114924,0.1301996285799784,0.3323705443881507,1035
2,97,25,R2,0.4565311007350441,0.337796526021801,0.2702696464706186,0.6192270455216968,1035
3,117,1,R2,0.466035861853007,0.39670901804499,0.1950104059664155,0.28529062701834,1035
3,15,4,R2,0.5700756494479805,0.5165455443964643,0.1893116829017826,0.6105950310653575,1035
3,38,8,R2,0.4720753439564966,0.575724818521087,0.2555485177553388,0.193817769117452,1035
3,35,13,R2,0.5313514749464181,0.4250276084479841,0.0892610669229084,0.8428202682275298,1035
3,88,14,R2,0.5834054750228732,0.685887608195962,0.1810816878835247,0.8055331855793436,1035
3,63,15,R2,0.6037561859567314,0.765918425277341,0.2075817248067407,0.1825997372971561,1035
3,96,20,R2,0.5527453790605875,0.6897132326183409,0.1559973912748731,0.6996718616513042,1035
3,84,23,R2,0.5778962205554048,0.7091943785191638,0.3281686902047919,0.4915774458382407,1035
3,1,26,R2,0.3709829296871993,0.6520954084233042,0.2123913809052545,0.4217468322057205,1035
3,62,28,R2,0.6158985197189034,0.5124780836197238,0.1792444893908069,0.5430988791780952,1035
3,24,29,R2,0.3707171168620678,0.500069878224788,0.0962708365513532,0.2970068410179918,1035
4,74,11,R2,0.4930246995965482,0.5187663609787049,0.0857368713706893,0.776982026382286,1035
5,70,6,R2,0.4005894608350314,0.4965770366205003,0.20911505052016,0.2136433870554653,1035
5,46,12,R2,0.4747178812587189,0.4384504874071987,0.0732929780143845,0.265501111829859,1035
5,102,13,R2,0.4847204104711335,0.592961108508098,0.104554369816466,0.2515755279425684,1035
5,106,21,R2,0.4758465056125962,0.4799347612893351,0.1702611790508223,0.3866433390947817,1035
5,114,24,R2,0.3304459249817381,0.2481519441397144,0.3438184614823228,0.5348359344120314,1035
6,49,24,R2,0.3848712726146109,0.2404442564171203,0.31400249172235,0.7476386525316877,1035
6,91,27,R2,0.4578583452700932,0.4507648739743821,0.0760802268612338,0.4303643889812478,1035
6,87,29,R2,0.3914861244052505,0.4527126058069163,0.0917720634076147,0.4340415176994944,1035
1,115,0,R3,0.8465445200124716,0.8540642226078172,0.121970938390338,0.8628216930175279,1035
1,60,2,R3,0.7036269114722027,0.7473813352690779,0.2545112522158581,0.8407162686477406,1035
1,107,3,R3,0.8590551359608675,0.950013656792434,0.2346432569892406,0.6289204119989608,1035
1,80,4,R3,0.677713301294682,0.7256432630227452,0.1816715266623599,0.3433680374504262,1035
1,68,5,R3,0.8062144354923629,0.8886705274053701,0.0819209642642636,0.4728409198352207,1035
1,10,7,R3,0.6734005350031316,0.8776771741388509,0.1888884201014395,0.3002459406522336,1035
1,55,8,R3,0.5454376319770564,0.5598300781028496,0.2027693027392709,0.8884233488919416,1035
1,61,10,R3,0.8805335886008139,0.9560686663739904,0.1224401307223105,0.8889546506612871,1035
1,89,11,R3,0.714414717634692,0.8183548352557071,0.0695125257114622,0.6647115208136837,1035
1,54,12,R3,0.394851886029669,0.3761051963637519,0.0621736379008426,0.7131681452469776,1035
1,102,13,R3,0.5053309028008363,0.592961108508098,0.104554369816466,0.2515755279425684,1035
1,98,15,R3,0.6611677564237702,0.8152373968397154,0.1917580830103427,0.3183887129296704,1035
1,92,16,R3,0.5683073940895583,0.6581636860250967,0.1545415211259249,0.5517022873512931,1035
1,0,17,R3,0.7308123963724272,0.7953578000068907,0.1023209954710654,0.6781233833867986,1035
1,69,19,R3,0.8282853247868798,0.963979011497593,0.0856894667832937,0.5468756326618797,1035
1,96,20,R3,0.6391677298395276,0.6814696026709387,0.1563643542454442,0.6996718616513042,1035
1,1,26,R3,0.4973155575203898,0.6520954084233042,0.2123913809052545,0.4217468322057205,1035
1,113,28,R3,0.6258176621010377,0.7917032283117353,0.1377972165605632,0.8231441995730441,1035
2,101,3,R3,0.6331214192215193,0.8233473400324703,0.2857733746056082,0.6235530774858036,1035
2,75,4,R3,0.6620781252261163,0.5165455443964643,0.1820711523580286,0.8702966647075088,1035
2,19,5,R3,0.5876879070777413,0.7518484825260174,0.0932474177059677,0.5005625866579239,1035
2,14,6,R3,0.4678825262016912,0.4542079010280118,0.2063644936984063,0.2202026888092914,1035
2,99,10,R3,0.5630906281009218,0.5077429119950079,0.1563655740552907,0.8174226909513411,1035
2,31,14,R3,0.6632485562395362,0.6831721266991719,0.191809174295951,0.6020357380096476,1035
2,34,16,R3,0.3767050713474335,0.4778177612216703,0.2016082763651758,0.2899430853410599,1035
2,108,18,R3,0.4419346007716897,0.4830545419263575,0.2295534998083379,0.6116361344585475,1035
2,2,19,R3,0.8006040805471802,0.9447539391661324,0.0833797897303105,0.8422639041433115,1035
2,100,20,R3,0.6252077951863153,0.7198798141459248,0.1550255846234253,0.6071267802042454,1035
2,12,22,R3,0.5493508537288277,0.6178734614002573,0.1301996285799784,0.3323705443881507,1035
2,47,23,R3,0.5690075819925663,0.6873761048264155,0.3505344728063044,0.5401594781609657,1035
2,35,24,R3,0.4548614209794374,0.4566911993093838,0.2667761074395544,0.8428202682275298,1035
2,59,26,R3,0.3745656262973152,0.4006773016748969,0.2630533303564336,0.5799617379505563,1035
2,62,28,R3,0.532351900845046,0.5041630500633472,0.179896454115196,0.5430988791780952,1035
3,84,0,R3,0.5539225835513212,0.6690374990661805,0.1575174454411252,0.4915774458382407,1035
3,42,1,R3,0.3454579256094344,0.3771425826391006,0.1969987795088406,0.5759052310420858,1035
3,70,6,R3,0.4784137500905112,0.5204263395186138,0.1894890801101645,0.2136433870554653,1035
3,65,7,R3,0.2973012508890945,0.2261698995755049,0.270754929685265,0.3110651292274621,1035
3,88,14,R3,0.6595556447723209,0.7132246404340479,0.1701780349268784,0.8055331855793436,1035
3,91,27,R3,0.4698668099011977,0.4495813865811368,0.0758967352209801,0.4303643889812478,1035
4,38,8,R3,0.4351627753600486,0.5886937188858719,0.2531244545423267,0.193817769117452,1035
4,74,11,R3,0.5025214087437682,0.5352187037716353,0.0848373796673736,0.776982026382286,1035
4,46,12,R3,0.3833101019480985,0.4609197861051527,0.0669133604632994,0.265501111829859,1035
4,3,15,R3,0.5426474810475835,0.6845494647799627,0.2044382401548479,0.6471978795654775,1035
4,57,22,R3,0.4666223975837286,0.4212663002539607,0.1366353200433043,0.3874550693655481,1035
4,49,23,R3,0.4794917852224561,0.417955277397445,0.312111873817514,0.7476386525316877,1035
5,94,9,R3,0.5669333470029444,0.5548486553641447,0.1086879294748307,0.5589515070394607,1035
5,52,18,R3,0.5495986599870044,0.6734470635416621,0.199134113397394,0.5414160035939225,1035
6,111,9,R3,0.4362476948048661,0.5087644388404389,0.1289042802303412,0.1220944718180465,1035
6,15,24,R3,0.2819381771242572,0.1762448667058472,0.3629431346257625,0.6105950310653575,1035
6,20,27,R3,0.6776809670331362,0.7168911383960981,0.0537063123280246,0.5334854827613912,1035
1,13,0,R0,0.6139749989505533,0.6545027388345643,0.3428802550156659,0.854087518857458,1036
1,85,1,R0,0.6353547939346975,0.5643997800760174,0.2529329410783388,0.555987533973914,1036
1,37,2,R0,0.5269866826903913,0.5055736770489337,0.2000962620025004,0.4566338489411982,1036
1,47,3,R0,0.7758659039548595,0.9237838048484834,0.2060165078217141,0.334809085464085,1036
1,87,4,R0,0.5395005212167451,0.6070753318863455,0.2175959374443835,0.3579092470617402,1036
1,77,6,R0,0.7008096030255831,0.6786918078220063,0.1847002517304572,0.9054776215566924,1036
1,16,7,R0,0.6743467504019072,0.7384898003646407,0.1130647608634386,0.4853138843682354,1036
1,54,8,R0,0.6598008211640427,0.5754508973527774,0.1201275186342258,0.5850747793943119,1036
1,17,10,R0,0.484394191974752,0.5563476761853008,0.366743744079878,0.1619287583299346,1036
1,74,11,R0,0.7079682488005621,0.6455787684652678,0.1242995506847483,0.5877079208826069,1036
1,30,12,R0,0.5603839096095184,0.4666591029238377,0.1261251153240451,0.4370407752051609,1036
1,68,13,R0,0.518170470427988,0.3861525567782914,0.0568278698917416,0.5093862051474054,1036
1,32,14,R0,0.7837489867833597,0.7070000906390033,0.2875752336652884,0.4234348947764452,1036
1,100,15,R0,0.4974061462000194,0.4911701033832889,0.2139822407738426,0.5093339518501532,1036
1,59,16,R0,0.7508023710489692,0.981966879398996,0.2987733924307073,0.106185888875585,1036
1,53,18,R0,0.8932460196501117,0.703926154861833,0.0282026789906524,0.7823285256822348,1036
1,0,19,R0,0.6840503787043362,0.4029542837766062,0.2638342902876801,0.6782910611829183,1036
1,38,20,R0,0.6044782898365008,0.6185944177372555,0.3082916382098699,0.5248245737184193,1036
1,64,22,R0,0.7301783633296913,0.6486518724870955,0.0744344721148061,0.9326136261911993,1036
1,7,23,R0,0.732573662681621,0.9066644274033132,0.3680597295845876,0.1798161143989629,1036
1,109,24,R0,0.8312806063875482,1.0,0.2021640897588172,0.2985203066985268,1036
1,11,25,R0,0.5667185427422845,0.5040358862032865,0.1889793495567691,0.7355347079912905,1036
1,116,26,R0,0.6306481770603646,0.4318977717993528,0.081730514911624,0.5821130786403382,1036
1,25,28,R0,0.6355401513906122,0.6065446044539944,0.0731363523516164,0.4072243055204578,1036
1,118,29,R0,0.7193226805549346,0.6637973548835054,0.1294896494603905,0.3982491879794518,1036
2,55,0,R0,0.5945551846483712,0.6559577027629153,0.3401786153490262,0.5345646606023781,1036
2,80,1,R0,0.5936270033335928,0.6903278838568958,0.2502974496592421,0.5777507759873821,1036
2,28,2,R0,0.4542436211380108,0.3540309045573254,0.2047152801885856,0.3829311037201243,1036
2,20,3,R0,0.7265681300705641,0.7036210151608324,0.2208051107248094,0.2553031449668261,1036
2,114,4,R0,0.5300345930444055,0.3359496936015361,0.2375614305155738,0.7499308747050971,1036
2,108,5,R0,0.4789232159027178,0.2091093392020362,0.401182380850495,0.23447809816029,1036
2,107,6,R0,0.5981175242021955,0.4825311489206901,0.1986744969061712,0.9049679444051808,1036
2,46,10,R0,0.5078094981927403,0.4033916228341172,0.3819971732732941,0.7363950338021283,1036
2,72,11,R0,0.577362706967741,0.4734353058036745,0.1309999698304749,0.2157399436130362,1036
2,14,14,R0,0.7456951097617646,0.973573459170794,0.2643906472501842,0.3260461074728663,1036
2,92,17,R0,0.6101916380584343,0.5207864617938986,0.1332937881199995,0.5385668498072084,1036
2,70,18,R0,0.4382253898998431,0.3626171097388406,0.0314505578412659,0.7795942929317347,1036
2,95,20,R0,0.6684735567249249,0.5363169500393116,0.3117967297252719,0.7202982444794866,1036
2,15,22,R0,0.5668957236807247,0.2291163694176847,0.0853246740764303,0.8709319950530804,1036
2,75,23,R0,0.7327053414005315,0.8967904375793359,0.3687633980090761,0.2747003897687727,1036
2,89,26,R0,0.5458889083520793,0.4108270612012058,0.0818540888570027,0.6767364883477992,1036
2,2,27,R0,0.4477460952967382,0.5413099370037047,0.2140600984866647,0.2879289374368201,1036
2,5,28,R0,0.7059692980436216,0.7793647365715164,0.0714229460830449,0.5653463292055166,1036
2,73,29,R0,0.6133120100980873,0.5652361240090198,0.133731762401816,0.7761785388154615,1036
3,29,5,R0,0.4608103624199731,0.4181312183752678,0.373740750352084,0.3177598809753864,1036
3,57,7,R0,0.5569691369802569,0.5640895308508218,0.1225265407714596,0.4570445581527994,1036
3,49,8,R0,0.574589488936911,0.4724357309846331,0.1234846489381698,0.2741169770334242,1036
3,3,9,R0,0.5015150267914357,0.2678418255538721,0.2881949463416529,0.3503541525956093,1036
3,23,15,R0,0.4688883175639071,0.2541680168975876,0.2303858039171165,0.7802070100588108,1036
3,12,19,R0,0.5156357448494632,0.2789066903340222,0.2758497649828321,0.5855433269767599,1036
3,97,24,R0,0.7870661427614948,0.6984362768157002,0.2229094094294444,0.8069479754076914,1036
3,63,25,R0,0.4472713815029774,0.2955816560022712,0.193061055145556,0.7411678662417245,1036
4,69,12,R0,0.4793095804644961,0.2891785232377244,0.1332743179435705,0.698341789806842,1036
4,6,27,R0,0.5226976736046705,0.2439444536648396,0.2373053389820937,0.6099146907105341,1036
5,44,21,R0,0.4765887310285269,0.3367901842574404,0.1103397641306829,0.4674398835410809,1036
6,91,17,R0,0.5235127659333089,0.5159278351645034,0.1326027429085289,0.6660874738665805,1036
1,13,0,R1,0.5228643428180636,0.6545027388345643,0.2428335186670101,0.854087518857458,1036
1,37,2,R1,0.5050298467902472,0.5055736770489337,0.1806971005407892,0.4566338489411982,1036
1,47,3,R1,0.758032919880776,0.9237838048484834,0.1713085303119542,0.334809085464085,1036
1,107,4,R1,0.4218584177892079,0.4089767513185129,0.1988855646123133,0.9049679444051808,1036
1,77,6,R1,0.6002892271502446,0.6786918078220063,0.1296396026750941,0.9054776215566924,1036
1,16,7,R1,0.700809880971648,0.7384898003646407,0.1114992302655687,0.4853138843682354,1036
1,54,8,R1,0.4793088669620944,0.5754508973527774,0.1056939774457025,0.5850747793943119,1036
1,3,10,R1,0.4790749391918315,0.4062994719077802,0.387305387375751,0.3503541525956093,1036
1,74,11,R1,0.7073294288652162,0.6455787684652678,0.1004879808508512,0.5877079208826069,1036
1,59,12,R1,0.7290861015789039,0.798280439519334,0.1059069706143714,0.106185888875585,1036
1,78,14,R1,0.7100627064299102,0.678065808880054,0.2193700237489398,0.7786309807200842,1036
1,49,15,R1,0.5045217150247137,0.6098799702221209,0.2011373144051298,0.2741169770334242,1036
1,30,16,R1,0.5219329196136661,0.4837428176859246,0.3488673428608892,0.4370407752051609,1036
1,53,18,R1,0.7126581066849599,0.703926154861833,0.0216807110015388,0.7823285256822348,1036
1,12,19,R1,0.5165354960432407,0.2784534347639936,0.2587925412408664,0.5855433269767599,1036
1,95,20,R1,0.5526765295288516,0.5363169500393116,0.270957043842486,0.7202982444794866,1036
1,64,22,R1,0.6795781816245982,0.6486518724870955,0.0536058103715388,0.9326136261911993,1036
1,75,23,R1,0.6677243735195865,0.8919706634975545,0.3612858994526036,0.2747003897687727,1036
1,109,24,R1,0.801824341354883,1.0,0.1625975726089873,0.2985203066985268,1036
1,11,25,R1,0.5161466076657947,0.5040358862032865,0.165159509630574,0.7355347079912905,1036
1,91,27,R1,0.4434370276907824,0.4961431793994139,0.1857070271227547,0.6660874738665805,1036
1,5,28,R1,0.6656038173817377,0.7793647365715164,0.0561791750884422,0.5653463292055166,1036
1,118,29,R1,0.6003043153961723,0.6637973548835054,0.1228984222607075,0.3982491879794518,1036
2,20,3,R1,0.6309649700373952,0.7036210151608324,0.2238515128778978,0.2553031449668261,1036
2,98,6,R1,0.5313985839180057,0.6713770378581015,0.1699846841286642,0.2509682159181655,1036
2,57,7,R1,0.5971296095651039,0.5640895308508218,0.0966506343562269,0.4570445581527994,1036
2,17,9,R1,0.4583507041382687,0.4575792946721058,0.2677409574307842,0.1619287583299346,1036
2,106,11,R1,0.4674928570124096,0.4430597026846918,0.1323644649472941,0.5026342154580492,1036
2,103,14,R1,0.6912566240884378,0.7342980945744981,0.2344478816523723,0.4985975047805103,1036
2,100,15,R1,0.4530797762327125,0.4946097403924268,0.1861087907800535,0.5093339518501532,1036
2,92,17,R1,0.4934997536194473,0.5207864617938986,0.1240346531053571,0.5385668498072084,1036
2,38,20,R1,0.490501376879877,0.6185944177372555,0.2584155312782011,0.5248245737184193,1036
2,7,23,R1,0.6078544626603881,0.9066644274033132,0.4025410356769784,0.1798161143989629,1036
2,97,24,R1,0.6644573712653098,0.6984362768157002,0.1740012848551317,0.8069479754076914,1036
2,116,26,R1,0.5406972087473786,0.4338373157648737,0.0736467091507694,0.5821130786403382,1036
2,24,28,R1,0.5683261506178683,0.5980734530210445,0.057747654187059,0.7083595986028421,1036
2,73,29,R1,0.5110361019486265,0.5652361240090198,0.1148334059468999,0.7761785388154615,1036
3,66,0,R1,0.4544271841621698,0.404909253511679,0.2966865749670527,0.928126724126772,1036
3,80,1,R1,0.6067629159854513,0.6911591347243751,0.2155888743859245,0.5777507759873821,1036
3,0,2,R1,0.4718858271787816,0.5054191046069004,0.1722200995346776,0.6782910611829183,1036
3,46,9,R1,0.4507185403509662,0.3665395754102161,0.264869248076034,0.7363950338021283,1036
3,101,19,R1,0.467103705469648,0.2774339173627921,0.2529111069471452,0.5149532649464073,1036
4,87,4,R1,0.4638391422823651,0.6070753318863455,0.1947091401474527,0.3579092470617402,1036
4,14,13,R1,0.4249993621026448,0.5720655395009595,0.0483286990226735,0.3260461074728663,1036
4,94,16,R1,0.3571394018728304,0.5280480535685992,0.346175117066341,0.1936977697922594,1036
4,48,22,R1,0.4608842175767052,0.5732850971780741,0.0694426422372013,0.5344712269849738,1036
4,15,25,R1,0.4983374152509938,0.427987933635123,0.1558183594792678,0.8709319950530804,1036
4,89,26,R1,0.4960408022675628,0.4108270612012058,0.0718128558561395,0.6767364883477992,1036
5,1,1,R1,0.4994902992353453,0.5274228984365308,0.2355781575606357,0.2256621225258461,1036
5,68,13,R1,0.4209250352461183,0.3861525567782914,0.0510535217600711,0.5093862051474054,1036
5,34,27,R1,0.4998794985621684,0.4586900633121292,0.1905242847956992,0.4662012505464658,1036
1,97,1,R2,0.571839391292042,0.6561094576196502,0.1861796066290094,0.8069479754076914,1036
1,55,2,R2,0.5289695555261225,0.6727637701498163,0.1823353172457205,0.5345646606023781,1036
1,47,3,R2,0.702280069562354,0.9237838048484834,0.1713085303119542,0.334809085464085,1036
1,98,6,R2,0.5198685623335492,0.6713770378581015,0.1699846841286642,0.2509682159181655,1036
1,16,7,R2,0.5939108534860646,0.7384898003646407,0.1114992302655687,0.4853138843682354,1036
1,54,8,R2,0.5427864980878178,0.5754508973527774,0.1056939774457025,0.5850747793943119,1036
1,74,11,R2,0.6270244329292582,0.6455787684652678,0.1004879808508512,0.5877079208826069,1036
1,103,14,R2,0.7482327040237462,0.7342980945744981,0.2344478816523723,0.4985975047805103,1036
1,59,16,R2,0.6923941855342516,0.981966879398996,0.2663697076209601,0.106185888875585,1036
1,91,17,R2,0.4586804016919859,0.5159278351645034,0.120280758545677,0.6660874738665805,1036
1,53,18,R2,0.7180090931007191,0.703926154861833,0.0216807110015388,0.7823285256822348,1036
1,95,20,R2,0.5281792949647286,0.5363169500393116,0.270957043842486,0.7202982444794866,1036
1,64,22,R2,0.6570109839275358,0.6486518724870955,0.0536058103715388,0.9326136261911993,1036
1,75,23,R2,0.6369176824443737,0.8919706634975545,0.3612858994526036,0.2747003897687727,1036
1,109,24,R2,0.7819195892777885,1.0,0.1625975726089873,0.2985203066985268,1036
1,116,26,R2,0.4768919478482372,0.4318977717993528,0.0737219402479054,0.5821130786403382,1036
1,92,28,R2,0.65423831394554,0.669096228925814,0.0582919863176228,0.5385668498072084,1036
2,13,0,R2,0.6032739823222204,0.6545027388345643,0.2428335186670101,0.854087518857458,1036
2,77,6,R2,0.6377407854755821,0.6806851689756984,0.1295822404658877,0.9054776215566924,1036
2,49,8,R2,0.4514816737263818,0.4724357309846331,0.1204597380205241,0.2741169770334242,1036
2,30,12,R2,0.541809024785621,0.4666591029238377,0.1205703533371494,0.4370407752051609,1036
2,78,14,R2,0.6594409594221078,0.6860910819665159,0.2184287142108755,0.7786309807200842,1036
2,38,20,R2,0.5216729334230222,0.6193830606908088,0.2577122315795104,0.5248245737184193,1036
2,44,21,R2,0.3569394280695912,0.3439554724156366,0.1142235679102604,0.4674398835410809,1036
2,48,22,R2,0.4529054090830231,0.5741237957142417,0.0694294958854128,0.5344712269849738,1036
2,7,23,R2,0.6296846988217683,0.9089198233206224,0.4019129919471715,0.1798161143989629,1036
2,112,24,R2,0.5753454148689006,0.6273637269188226,0.2063520344078668,0.2473182112789721,1036
2,15,25,R2,0.4439027922390609,0.4319360670526851,0.1560628148982506,0.8709319950530804,1036
2,89,26,R2,0.4955976338671808,0.4108270612012058,0.0719325677803152,0.6767364883477992,1036
2,32,27,R2,0.4763036040794678,0.4269699738396758,0.1887300985088943,0.4234348947764452,1036
2,24,28,R2,0.5902281140496598,0.5980734530210445,0.0579062911807184,0.7083595986028421,1036
2,118,29,R2,0.6547380571655222,0.6705209858728651,0.122601670979569,0.3982491879794518,1036
3,46,9,R2,0.4941607803363182,0.3741780972734262,0.2645386558092688,0.7363950338021283,1036
3,68,13,R2,0.4935931869999517,0.3950962699236873,0.050881048969713,0.5093862051474054,1036
3,100,15,R2,0.5192489584928278,0.4963664503054641,0.1859714767928861,0.5093339518501532,1036
3,42,17,R2,0.4409118266703127,0.4793732951260466,0.1270953488816184,0.5327612772607025,1036
3,84,18,R2,0.4375323098334502,0.4685014865737287,0.0253388482954312,0.7305611790497833,1036
3,0,19,R2,0.5497613828151526,0.4103940655082196,0.247856149813863,0.6782910611829183,1036
3,87,21,R2,0.3759809687586726,0.3746085685842593,0.0993706913775124,0.3579092470617402,1036
3,11,25,R2,0.468165041395395,0.5154514023843081,0.1644780491549155,0.7355347079912905,1036
3,2,27,R2,0.4213629449003677,0.5556152186686978,0.2179910809584996,0.2879289374368201,1036
3,73,29,R2,0.5639153682332181,0.5696341546439772,0.1146775372501027,0.7761785388154615,1036
4,28,0,R2,0.5098570518864624,0.5041971881107394,0.3313514462228771,0.3829311037201243,1036
4,80,1,R2,0.5469147140401742,0.698741828031126,0.2166099441970148,0.5777507759873821,1036
4,20,3,R2,0.5002421620448328,0.7145361423899548,0.2231229336039103,0.2553031449668261,1036
4,57,7,R2,0.5763024275432982,0.5745349125395149,0.0964909619586418,0.4570445581527994,1036
4,3,10,R2,0.4800245085985885,0.4062994719077802,0.387305387375751,0.3503541525956093,1036
4,18,11,R2,0.5087101571736319,0.4900790074041471,0.1397702711920833,0.3379969412056747,1036
5,12,19,R2,0.415484392196725,0.2897069308178439,0.2580311094608841,0.5855433269767599,1036
6,37,2,R2,0.4979867411820594,0.5332060353939774,0.1792289012454347,0.4566338489411982,1036
6,17,10,R2,0.4339124501467547,0.5686348450853924,0.3603502460954293,0.1619287583299346,1036
6,9,13,R2,0.3446005566394821,0.3584985279404643,0.0521215412748545,0.4353605845953664,1036
1,13,0,R3,0.6022162727215254,0.6545027388345643,0.2428335186670101,0.854087518857458,1036
1,85,1,R3,0.4947092644364129,0.5643997800760174,0.237479327962349,0.555987533973914,1036
1,37,2,R3,0.501133328723463,0.5055736770489337,0.1806971005407892,0.4566338489411982,1036
1,47,3,R3,0.6157319095240891,0.9237838048484834,0.1713085303119542,0.334809085464085,1036
1,87,4,R3,0.5353019006632219,0.6070753318863455,0.1948251669405037,0.3579092470617402,1036
1,77,6,R3,0.6118316919946588,0.6786918078220063,0.1296396026750941,0.9054776215566924,1036
1,16,7,R3,0.6351317579078684,0.7384898003646407,0.1114992302655687,0.4853138843682354,1036
1,54,8,R3,0.5717244166347799,0.5754508973527774,0.1056939774457025,0.5850747793943119,1036
1,74,11,R3,0.6528298682704531,0.6455787684652678,0.1004879808508512,0.5877079208826069,1036
1,68,13,R3,0.445336640913329,0.3861525567782914,0.0510535217600711,0.5093862051474054,1036
1,14,14,R3,0.6762918297345575,0.973573459170794,0.2272692396890399,0.3260461074728663,1036
1,59,16,R3,0.6923941855342516,0.981966879398996,0.2663697076209601,0.106185888875585,1036
1,53,18,R3,0.647162872312191,0.703926154861833,0.0216807110015388,0.7823285256822348,1036
1,95,20,R3,0.5838796721629527,0.5363169500393116,0.270957043842486,0.7202982444794866,1036
1,64,22,R3,0.7455045181801853,0.6486518724870955,0.0536058103715388,0.9326136261911993,1036
1,75,23,R3,0.6139511539924362,0.8919706634975545,0.3612858994526036,0.2747003897687727,1036
1,109,24,R3,0.801824341354883,1.0,0.1625975726089873,0.2985203066985268,1036
1,2,27,R3,0.3633037731160798,0.5413099370037047,0.2193016162440001,0.2879289374368201,1036
1,5,28,R3,0.6535557205837007,0.7793647365715164,0.0561791750884422,0.5653463292055166,1036
2,97,1,R3,0.5573004968993472,0.6561094576196502,0.1861796066290094,0.8069479754076914,1036
2,55,2,R3,0.51240461565472,0.6727637701498163,0.1823353172457205,0.5345646606023781,1036
2,20,3,R3,0.5631966735439681,0.7036210151608324,0.2238515128778978,0.2553031449668261,1036
2,98,6,R3,0.6281652803346862,0.6713770378581015,0.1699846841286642,0.2509682159181655,1036
2,3,10,R3,0.4323173958870789,0.4062994719077802,0.387305387375751,0.3503541525956093,1036
2,72,11,R3,0.5193861267329101,0.4767055047444059,0.1312793663269683,0.2157399436130362,1036
2,103,14,R3,0.6584795237698272,0.7342980945744981,0.2339995826064956,0.4985975047805103,1036
2,92,17,R3,0.4509407603533612,0.5207864617938986,0.1240346531053571,0.5385668498072084,1036
2,84,18,R3,0.5323431999730925,0.4653944717146263,0.0253844581261561,0.7305611790497833,1036
2,0,19,R3,0.461500125167318,0.4083566375376015,0.2467485289755942,0.6782910611829183,1036
2,48,22,R3,0.3591074047626472,0.5732850971780741,0.0694426422372013,0.5344712269849738,1036
2,33,23,R3,0.640785664666532,0.730889879433645,0.3474459271634222,0.3814674152089361,1036
2,35,29,R3,0.6110997791377346,0.580526388188122,0.1172180216473774,0.3662084057584689,1036
3,114,4,R3,0.4241265734645751,0.3359496936015361,0.2105073430802294,0.7499308747050971,1036
3,57,7,R3,0.5437965303855185,0.5963364718696,0.0893022840402055,0.4570445581527994,1036
3,30,12,R3,0.5507695094292796,0.4666591029238377,0.1205703533371494,0.4370407752051609,1036
3,49,15,R3,0.4724329679230227,0.6098799702221209,0.2011373144051298,0.2741169770334242,1036
3,101,19,R3,0.4192298561950828,0.2861283119760314,0.249896756716622,0.5149532649464073,1036
3,112,24,R3,0.5356704744321669,0.6563122637645489,0.200072791658314,0.2473182112789721,1036
3,25,28,R3,0.6039676989400424,0.6158976330898748,0.0744493689216282,0.4072243055204578,1036
3,118,29,R3,0.6263795498874295,0.6687191396481968,0.1226279798080005,0.3982491879794518,1036
4,28,0,R3,0.4692379463229082,0.4904654282727958,0.3322657962421178,0.3829311037201243,1036
4,46,10,R3,0.4211255685757099,0.4044342678351935,0.3520557064164644,0.7363950338021283,1036
4,42,17,R3,0.4086938985265336,0.4811648936855742,0.1270155085399431,0.5327612772607025,1036
5,11,5,R3,0.4832035741146531,0.4461695587047796,0.326813839411238,0.7355347079912905,1036
5,100,15,R3,0.4835695705017515,0.501341638886301,0.1858043881881658,0.5093339518501532,1036
5,38,20,R3,0.4558623665851804,0.6507623587856942,0.2520134130202857,0.5248245737184193,1036
5,116,26,R3,0.5713465291960028,0.4440025044895535,0.073198558945353,0.5821130786403382,1036
6,80,8,R3,0.4519656531222126,0.4959013525346905,0.1090486563239506,0.5777507759873821,1036
1,72,0,R0,0.558316027241019,0.6050347180955831,0.0606330203800731,0.3824583116797387,1037
1,106,1,R0,0.6569040460510177,0.6163725552313266,0.1374587836881235,0.497278915652362,1037
1,103,2,R0,0.6679972169209049,0.7073723033881061,0.2960880390814332,0.9294823392937748,1037
1,107,3,R0,0.585885660451131,0.3746595166985333,0.0563679597727971,0.9220792417672004,1037
1,85,4,R0,0.5772047685066442,0.6296698470564066,0.2288248467116087,0.4212045995083698,1037
1,64,5,R0,0.7362183358280834,0.6223785769202619,0.2363606114281553,0.9578558424824432,1037
1,39,6,R0,0.7109294167437672,0.7425699529486438,0.3503536325748471,0.6468134930482509,1037
1,3,7,R0,0.7585997042221126,0.8283841517028692,0.1196399697938295,0.159685545538237,1037
1,77,10,R0,0.5117238349789809,0.3718092673761722,0.1569344212777639,0.6934841239841002,1037
1,1,11,R0,0.6457111719391111,0.5279088395737852,0.2048189993627694,0.22299751768352,1037
1,100,12,R0,0.5541419815225145,0.6417142801384199,0.2161076652855779,0.493586973082999,1037
1,82,13,R0,0.8410375407259488,0.7150407241599381,0.0619716761037779,0.900263044512492,1037
1,14,14,R0,0.7097911997564013,0.8875272587029276,0.2514289372383289,0.6299448159578594,1037
1,62,15,R0,0.6558811373920269,0.661660035962376,0.3730808501077107,0.5663435276084966,1037
1,68,16,R0,0.8366294561410632,0.9791808830156106,0.1054668321538114,0.4195382352785826,1037
1,38,17,R0,0.7398498958688564,0.884976484717325,0.3062730154216195,0.7167159828272041,1037
1,99,18,R0,0.6755895454379169,0.7456479291960817,0.1473507132180099,0.4933168319735901,1037
1,113,19,R0,0.6672971361353167,0.7150762715796998,0.0294475168856734,0.3946790939046637,1037
1,42,20,R0,0.740505720344989,0.8277755086562181,0.0718849149706009,0.7434499188720212,1037
1,115,21,R0,0.6648857742635248,0.8498052430164151,0.2032283734926449,0.3078752002519191,1037
1,97,22,R0,0.6313893432477716,0.5680381436863311,0.1873528530040411,0.7083393906742681,1037
1,91,26,R0,0.5532381481900737,0.5501032199566199,0.3713496675535815,0.4280294520011653,1037
1,61,27,R0,0.8367590216558732,0.9108556910752942,0.3579263666037095,0.4928634195723251,1037
1,116,28,R0,0.8888540447300878,1.0,0.0730951302677779,0.8255587530612233,1037
1,83,29,R0,0.5820174391336922,0.5891991224430109,0.1850587793009809,0.7032930910263465,1037
2,50,2,R0,0.6897600971555357,0.6520316749925739,0.3031479270665045,0.8263189383166987,1037
2,66,4,R0,0.643157480886799,0.5413302592152425,0.2342427856487115,0.4233363199230444,1037
2,75,5,R0,0.5846327254074568,0.5964502800638471,0.2390301608914453,0.8799879664783573,1037
2,78,7,R0,0.6997336968895254,0.655241565298109,0.1253131116845379,0.8788053565457441,1037
2,49,11,R0,0.6623684528845276,0.5361705603137835,0.2064203840200106,0.8916582588167865,1037
2,10,13,R0,0.8449375799581276,0.9019731380644224,0.0595831939384086,0.5873690497639177,1037
2,46,15,R0,0.5720175409508934,0.4480215980901076,0.3966836776454018,0.5226300103100716,1037
2,90,16,R0,0.8139728133636159,0.89553308297349,0.109373819618331,0.6634699137921569,1037
2,101,17,R0,0.714573312305133,0.7503994222311942,0.3102856030924079,0.3152388727610319,1037
2,71,18,R0,0.6346264098745368,0.5920517632769707,0.1516917934208577,0.3111438967524609,1037
2,52,19,R0,0.4996129076793454,0.3860012444502018,0.0330312027672168,0.5327137787602796,1037
2,74,21,R0,0.5985220526669591,0.5163796661490876,0.2272233731553135,0.6955349765834745,1037
2,96,23,R0,0.4990871880549195,0.4886207408162721,0.2136264889877068,0.7740921102790536,1037
2,30,27,R0,0.6062546174037383,0.8089192714453841,0.3694748458384465,0.3528360583928472,1037
2,18,28,R0,0.7593911332072641,0.7215991855036552,0.0796862591694759,0.4825346148746673,1037
2,59,29,R0,0.6564815390596351,0.7626180852352761,0.1744904406859622,0.3624370724704541,1037
3,33,1,R0,0.6456015790670564,0.5547794344739074,0.1428959966275293,0.3074281310691639,1037
3,118,12,R0,0.603071070904413,0.3995179429937536,0.2320946191827383,0.8084851000047772,1037
3,54,14,R0,0.641744169560023,0.5502574289178452,0.2735420448472662,0.8068505289356336,1037
3,5,22,R0,0.534241597568908,0.4131666963898319,0.191847954639253,0.5525420028914297,1037
3,56,24,R0,0.4934105595020519,0.5816663861956595,0.3265735031077794,0.3840777200085854,1037
3,45,26,R0,0.4913725556033918,0.5934568346009036,0.3543225458315162,0.2111647568608322,1037
4,57,25,R0,0.5001522737335772,0.2385236759833143,0.3522449319076296,0.81227897804782,1037
5,98,3,R0,0.4757726091960246,0.2161653774217878,0.0602705783148264,0.6494069430559818,1037
5,114,6,R0,0.4174948735634506,0.3264242614103002,0.3993530094187743,0.5972910284284846,1037
5,22,23,R0,0.5649967051211972,0.4034097222860704,0.2185483770000905,0.147533268173066,1037
5,47,24,R0,0.4246517181660566,0.4036222922793986,0.3482872817615715,0.1122371545381932,1037
5,69,25,R0,0.5026008802505115,0.2527802897979044,0.3522449319076296,0.6282286279433625,1037
6,23,8,R0,0.475331713890668,0.3855837510472396,0.1800833025339851,0.6820075636221564,1037
1,72,0,R1,0.5558656761622032,0.6050347180955831,0.057324288191953,0.3824583116797387,1037
1,103,2,R1,0.6698099519966948,0.7073723033881061,0.2021284340570142,0.9294823392937748,1037
1,85,4,R1,0.5678340656284773,0.6296698470564066,0.1929410546168371,0.4212045995083698,1037
1,64,5,R1,0.5894544256661126,0.6223785769202619,0.1784275317901052,0.9578558424824432,1037
1,39,6,R1,0.6805888530549895,0.7425699529486438,0.263245692223396,0.6468134930482509,1037
1,4,7,R1,0.72948741492142,0.5990361566278142,0.0944181677317578,0.7992275579914597,1037
1,50,8,R1,0.4335844809200559,0.437191937565895,0.1494768941046383,0.8263189383166987,1037
1,112,11,R1,0.4840297495185254,0.5125481128742042,0.1790419875886243,0.4540632523291845,1037
1,10,13,R1,0.809006127231517,0.9019731380644224,0.0440860116431955,0.5873690497639177,1037
1,14,14,R1,0.6543276018702234,0.8875272587029276,0.2233377997690046,0.6299448159578594,1037
1,62,15,R1,0.5470437427810357,0.661660035962376,0.3163491489705736,0.5663435276084966,1037
1,68,16,R1,0.8151596272481005,0.9791808830156106,0.0809201878106183,0.4195382352785826,1037
1,38,17,R1,0.6143902347710515,0.884976484717325,0.2231006972324218,0.7167159828272041,1037
1,99,18,R1,0.6845367540937222,0.7456479291960817,0.1259425244042873,0.4933168319735901,1037
1,113,19,R1,0.5947599484703111,0.7150762715796998,0.0291857620071138,0.3946790939046637,1037
1,42,20,R1,0.7936570096635805,0.8277755086562181,0.0500806662469389,0.7434499188720212,1037
1,115,21,R1,0.6066024307968053,0.8498052430164151,0.1821100229666928,0.3078752002519191,1037
1,97,22,R1,0.4766536394776094,0.5680381436863311,0.1615405780805864,0.7083393906742681,1037
1,91,26,R1,0.4935671284479871,0.5501032199566199,0.3454785275078215,0.4280294520011653,1037
1,61,27,R1,0.672967539583482,0.9108556910752942,0.3228859212647264,0.4928634195723251,1037
1,116,28,R1,0.869363680250495,1.0,0.0495795517185851,0.8255587530612233,1037
1,59,29,R1,0.6175560324327659,0.7626180852352761,0.1547116448816563,0.3624370724704541,1037
2,106,1,R1,0.6213521616306814,0.6163725552313266,0.1056710332901238,0.497278915652362,1037
2,89,2,R1,0.3960254394166597,0.4226803382314785,0.2868025496735794,0.2195586087454897,1037
2,3,7,R1,0.7005010799899553,0.8283841517028692,0.1210581320842138,0.159685545538237,1037
2,23,11,R1,0.4617794186182651,0.4384347816351793,0.2035486968617729,0.6820075636221564,1037
2,82,13,R1,0.6105659585311898,0.7150407241599381,0.0447400589378191,0.900263044512492,1037
2,90,16,R1,0.7116495534492926,0.89553308297349,0.0883255413974844,0.6634699137921569,1037
2,19,17,R1,0.547157178219919,0.4611974148671018,0.2726810740746921,0.9236199520687064,1037
2,74,21,R1,0.428206119383707,0.5163796661490876,0.1968624571299074,0.6955349765834745,1037
2,83,22,R1,0.5254998283892963,0.5079846845775383,0.1638216370941177,0.7032930910263465,1037
2,92,24,R1,0.4649941956081215,0.2886787993003372,0.3149030666757942,0.7069715010872923,1037
2,30,27,R1,0.5562672218791136,0.8089192714453841,0.3577687199360841,0.3528360583928472,1037
2,58,28,R1,0.638150083995761,0.7064279220068139,0.058610190402016,0.8633218595994877,1037
2,5,29,R1,0.5905363871857666,0.5593582807574716,0.1582705373065054,0.5525420028914297,1037
3,107,3,R1,0.4888413508236263,0.3765862085230677,0.0468769348552892,0.9220792417672004,1037
3,76,6,R1,0.3898391212328044,0.4594083218111408,0.3879851246174817,0.3037723444192095,1037
3,75,8,R1,0.4120852638985529,0.3948622853881028,0.1585249677378388,0.8799879664783573,1037
3,54,14,R1,0.5901032659805182,0.5502574289178452,0.2193221331850579,0.8068505289356336,1037
3,43,15,R1,0.584989873000177,0.5473758480660837,0.3283595721573243,0.6496681289713716,1037
3,96,23,R1,0.4753221706543699,0.4849779310743577,0.1820743016560592,0.7740921102790536,1037
4,118,1,R1,0.4739306960982661,0.4090498936155312,0.1232874340177609,0.8084851000047772,1037
4,114,5,R1,0.472439971728914,0.3870991053329177,0.2398561668911844,0.5972910284284846,1037
4,77,10,R1,0.5245056566703239,0.374998784022222,0.1439830858851834,0.6934841239841002,1037
4,15,18,R1,0.5232460487172687,0.6134891699453724,0.1529921245676359,0.1622508267569964,1037
4,52,19,R1,0.4947187934881998,0.3919593696168804,0.0299951468240619,0.5327137787602796,1037
4,108,23,R1,0.4797491577973225,0.5122292471711454,0.1854608791196362,0.6566155113060937,1037
4,56,24,R1,0.4358134925931457,0.5743223551191042,0.3097767986428615,0.3840777200085854,1037
5,12,20,R1,0.277200975632805,0.1796488719071762,0.0921065349006736,0.2820014026940811,1037
5,8,26,R1,0.3670570515185709,0.5255434981034187,0.3351346550462639,0.3493202235761929,1037
1,72,0,R2,0.5947810210656295,0.6050347180955831,0.057324288191953,0.3824583116797387,1037
1,103,2,R2,0.6628587487184983,0.7073723033881061,0.2021284340570142,0.9294823392937748,1037
1,107,3,R2,0.4670823854789629,0.3746595166985333,0.0468769348552892,0.9220792417672004,1037
1,66,4,R2,0.6361546937001141,0.5413302592152425,0.1993734788728508,0.4233363199230444,1037
1,64,5,R2,0.6581089600176344,0.6223785769202619,0.1784275317901052,0.9578558424824432,1037
1,39,6,R2,0.6525094764893065,0.7425699529486438,0.263245692223396,0.6468134930482509,1037
1,3,7,R2,0.6065780808452441,0.8283841517028692,0.1210581320842138,0.159685545538237,1037
1,112,11,R2,0.5392946690565704,0.5125481128742042,0.1790419875886243,0.4540632523291845,1037
1,104,12,R2,0.5809960970019331,0.5592509023078924,0.1784235089089895,0.5114731334559579,1037
1,10,13,R2,0.6905004849973321,0.9019731380644224,0.0440860116431955,0.5873690497639177,1037
1,54,14,R2,0.704153737761893,0.5502574289178452,0.2193221331850579,0.8068505289356336,1037
1,62,15,R2,0.573286789811433,0.661660035962376,0.3163491489705736,0.5663435276084966,1037
1,68,16,R2,0.8138111559842571,0.9791808830156106,0.0809201878106183,0.4195382352785826,1037
1,38,17,R2,0.7147538444482116,0.884976484717325,0.2231006972324218,0.7167159828272041,1037
1,113,19,R2,0.5839704199757417,0.7150762715796998,0.0291857620071138,0.3946790939046637,1037
1,42,20,R2,0.8366143375869415,0.8277755086562181,0.0500806662469389,0.7434499188720212,1037
1,115,21,R2,0.5603931735796219,0.8498052430164151,0.1821100229666928,0.3078752002519191,1037
1,96,23,R2,0.4695344355508423,0.4849779310743577,0.1820743016560592,0.7740921102790536,1037
1,82,25,R2,0.4657090686995195,0.4584983054526126,0.2821105718017906,0.900263044512492,1037
1,61,27,R2,0.7251958455496751,0.9108556910752942,0.3228859212647264,0.4928634195723251,1037
1,116,28,R2,0.9107621730085508,1.0,0.0495795517185851,0.8255587530612233,1037
1,83,29,R2,0.5754131389040994,0.5891991224430109,0.148144001043759,0.7032930910263465,1037
2,50,2,R2,0.6655951694515926,0.6520316749925739,0.2267649400879182,0.8263189383166987,1037
2,81,5,R2,0.4385918008556632,0.518544782476525,0.244141652159174,0.2010121800786818,1037
2,4,7,R2,0.6919113897674097,0.6055959682199435,0.0942331778303756,0.7992275579914597,1037
2,77,10,R2,0.3908614141300565,0.3718092673761722,0.1444415343665429,0.6934841239841002,1037
2,100,12,R2,0.5214078241722861,0.6450020288999585,0.209663451150014,0.493586973082999,1037
2,88,13,R2,0.5741747318868294,0.6567045538168683,0.0620960569631872,0.3058402587007856,1037
2,14,14,R2,0.6910480781691591,0.8921126804987041,0.222619430215076,0.6299448159578594,1037
2,46,15,R2,0.538470165796005,0.4433883977505813,0.343341223895902,0.5226300103100716,1037
2,90,16,R2,0.7645936699540019,0.90413482758407,0.0880636162979223,0.6634699137921569,1037
2,99,18,R2,0.6638398843860979,0.7456479291960817,0.1259425244042873,0.4933168319735901,1037
2,97,22,R2,0.5320072697242519,0.5872508456320984,0.1606158548339877,0.7083393906742681,1037
2,108,23,R2,0.4677598542290613,0.5184013506572476,0.1862030116104764,0.6566155113060937,1037
2,56,24,R2,0.4513281620618993,0.5782132088140426,0.3094467590740454,0.3840777200085854,1037
2,45,26,R2,0.4707843742019762,0.5850962396426544,0.3786216557821558,0.2111647568608322,1037
2,30,27,R2,0.5383857656451891,0.8089192714453841,0.3577687199360841,0.3528360583928472,1037
2,58,28,R2,0.6993389905926772,0.7102979256175684,0.0584904838007679,0.8633218595994877,1037
2,59,29,R2,0.5035233875212443,0.770882220364513,0.1544149793184388,0.3624370724704541,1037
3,63,3,R2,0.3223702198009737,0.4260595708687805,0.0556544319084602,0.2312921225869406,1037
3,85,10,R2,0.3067606187973599,0.2848939530846122,0.1646775435990044,0.4212045995083698,1037
3,71,18,R2,0.5261002616509423,0.5957910642495046,0.1430455577753418,0.3111438967524609,1037
3,5,22,R2,0.4489653603539994,0.4289797455597656,0.1730771167894293,0.5525420028914297,1037
3,91,26,R2,0.4334535941161532,0.5537002825509778,0.3454785275078215,0.4280294520011653,1037
4,19,17,R2,0.562748940585666,0.4611974148671018,0.2726810740746921,0.9236199520687064,1037
4,74,21,R2,0.4577726397677559,0.5343264283470508,0.1963264710543181,0.6955349765834745,1037
5,106,1,R2,0.5471582606631232,0.623967123217579,0.105747742343788,0.497278915652362,1037
5,76,6,R2,0.3597678778887964,0.4672068938684834,0.3862601038395146,0.3037723444192095,1037
5,23,11,R2,0.5225789433241599,0.4484723219954589,0.2030362322275356,0.6820075636221564,1037
6,75,24,R2,0.4380914396484318,0.4690417743666342,0.2978500681783911,0.8799879664783573,1037
1,115,0,R3,0.6482452024885558,0.7055048525586967,0.0556170736128902,0.3078752002519191,1037
1,106,1,R3,0.6109215038145029,0.6163725552313266,0.1058564025385012,0.497278915652362,1037
1,103,2,R3,0.7027401353955564,0.7073723033881061,0.2021284340570142,0.9294823392937748,1037
1,85,4,R3,0.6429543709839796,0.6296698470564066,0.1929410546168371,0.4212045995083698,1037
1,3,7,R3,0.6710719005632554,0.8283841517028692,0.1210581320842138,0.159685545538237,1037
1,39,9,R3,0.438718766225648,0.4407197704774002,0.0346179686025324,0.6468134930482509,1037
1,100,12,R3,0.5596091019586893,0.6417142801384199,0.2096955211713236,0.493586973082999,1037
1,10,13,R3,0.6777179619172529,0.9019731380644224,0.0440860116431955,0.5873690497639177,1037
1,14,14,R3,0.6684633249397446,0.8875272587029276,0.2233377997690046,0.6299448159578594,1037
1,62,15,R3,0.6215614427323167,0.661660035962376,0.3163491489705736,0.5663435276084966,1037
1,90,16,R3,0.7837599757535597,0.89553308297349,0.0883255413974844,0.6634699137921569,1037
1,38,17,R3,0.6620779809210915,0.884976484717325,0.2231006972324218,0.7167159828272041,1037
1,15,18,R3,0.5452911993648266,0.6134891699453724,0.1529921245676359,0.1622508267569964,1037
1,107,19,R3,0.5190107326117128,0.4517699563490472,0.025291895730787,0.9220792417672004,1037
1,42,20,R3,0.8636284980340798,0.8277755086562181,0.0500806662469389,0.7434499188720212,1037
1,72,21,R3,0.5457175476843311,0.7174485935281052,0.1960552132685137,0.3824583116797387,1037
1,61,27,R3,0.6917053446659884,0.9108556910752942,0.3228859212647264,0.4928634195723251,1037
1,116,28,R3,0.846381602238016,1.0,0.0495795517185851,0.8255587530612233,1037
1,5,29,R3,0.573802896712006,0.5593582807574716,0.1582705373065054,0.5525420028914297,1037
2,33,1,R3,0.5675913965566266,0.5547794344739074,0.1381149126346304,0.3074281310691639,1037
2,50,2,R3,0.6434798748054755,0.6520316749925739,0.2267649400879182,0.8263189383166987,1037
2,64,5,R3,0.5696849222058785,0.6223785769202619,0.1784275317901052,0.9578558424824432,1037
2,4,6,R3,0.3868980993291667,0.2466523073296898,0.3790674640751623,0.7992275579914597,1037
2,41,7,R3,0.5597716056137462,0.6641725351627021,0.112953229221412,0.2196688598852773,1037
2,49,11,R3,0.5132575574049336,0.553720193728969,0.1622835171710487,0.8916582588167865,1037
2,82,13,R3,0.7679685210416526,0.7150407241599381,0.0447400589378191,0.900263044512492,1037
2,43,15,R3,0.5118182600194885,0.5432344415262429,0.3287492482384411,0.6496681289713716,1037
2,68,16,R3,0.7158013238417691,0.9836885592075508,0.0808875824237733,0.4195382352785826,1037
2,19,17,R3,0.5641100339923701,0.4852625690620943,0.2456903989906999,0.9236199520687064,1037
2,99,18,R3,0.6901202205781715,0.7456479291960817,0.1259425244042873,0.4933168319735901,1037
2,74,21,R3,0.4991661654197388,0.5163796661490876,0.1968624571299074,0.6955349765834745,1037
2,96,23,R3,0.5209209418298626,0.4849779310743577,0.1820743016560592,0.7740921102790536,1037
2,57,25,R3,0.3914437515921329,0.2385236759833143,0.3249175219845545,0.81227897804782,1037
2,30,27,R3,0.5530002192840828,0.8238543143172112,0.3319059796880627,0.3528360583928472,1037
2,58,28,R3,0.7153572970694444,0.708707753150891,0.0585244187208609,0.8633218595994877,1037
2,59,29,R3,0.6541836372687961,0.7626180852352761,0.1547116448816563,0.3624370724704541,1037
3,66,4,R3,0.6035482105138975,0.5532263818129268,0.1876359346906171,0.4233363199230444,1037
3,75,5,R3,0.5610034943175114,0.5964502800638471,0.1869969082657427,0.8799879664783573,1037
3,118,12,R3,0.5501893580035176,0.4080531937431556,0.1965512229793675,0.8084851000047772,1037
3,113,19,R3,0.5514684478398572,0.7199815142288435,0.0288963624182583,0.3946790939046637,1037
3,108,23,R3,0.4902345217021875,0.5153255109233446,0.1864460441346163,0.6566155113060937,1037
4,112,11,R3,0.5041300034253247,0.5158532063711605,0.1790274043190307,0.4540632523291845,1037
4,97,22,R3,0.5918397244737326,0.5916388752829912,0.1597395436578571,0.7083393906742681,1037
4,56,24,R3,0.4491428432568488,0.5968443684288735,0.3055620889596831,0.3840777200085854,1037
5,78,6,R3,0.3999991644486657,0.2577883991968187,0.3652596381331595,0.8788053565457441,1037
5,45,26,R3,0.4753203359865262,0.6015296313252105,0.3715502705802482,0.2111647568608322,1037
6,77,10,R3,0.4808404636370447,0.4115479988679215,0.1408442674334885,0.6934841239841002,1037
6,54,14,R3,0.5815523750353266,0.5612363658797208,0.2180744932873561,0.8068505289356336,1037
6,83,22,R3,0.590007224568496,0.5745376737509533,0.1462497927697156,0.7032930910263465,1037
6,91,26,R3,0.4394672049219122,0.5534819283636523,0.3449804011073906,0.4280294520011653,1037
1,34,0,R0,0.7792698277638912,0.77195607627832,0.1409232377890352,0.9825917019167744,1038
1,17,1,R0,0.5698128619525143,0.6045966096783528,0.2282462498100102,0.1661194308092557,1038
1,4,2,R0,0.683397737055201,0.6769497171661935,0.1533365580727357,0.6008527888976114,1038
1,61,3,R0,0.5732733842451795,0.6508157887083396,0.2686897282646996,0.2520614129355106,1038
1,41,4,R0,0.4912747288776663,0.3801325545514138,0.2458905596528878,0.523666239400519,1038
1,77,5,R0,0.4733771039131403,0.4548535710892146,0.1866972135683589,0.830896079550447,1038
1,110,6,R0,0.6028179009290557,0.4051723966443517,0.0844118582060274,0.3239026055301485,1038
1,53,8,R0,0.7538845657612471,0.722755525317974,0.2699604945644135,0.3844870599432052,1038
1,58,9,R0,0.6809048333375523,0.546558460115149,0.1421722431552913,0.939322222637642,1038
1,15,10,R0,0.7464609867571165,0.8752958849971665,0.1284184817899962,0.5245739228607672,1038
1,107,11,R0,0.7499463059987413,0.7785387299567856,0.0759515540477982,0.6493614194924545,1038
1,26,12,R0,0.6289149769844461,0.4815132112280125,0.2832180609467394,0.5038719684557306,1038
1,60,13,R0,0.7021093244277377,0.7928010166983145,0.161947647717985,0.4300477670983863,1038
1,37,14,R0,0.5405040330509854,0.4365890697219917,0.20707759462481,0.5745871469235735,1038
1,68,15,R0,0.6110422215260761,0.5951934398627408,0.2598818167697326,0.8621558333299537,1038
1,33,16,R0,0.6446599215266272,0.5289500318458518,0.0308645782961368,0.6879240871213859,1038
1,88,17,R0,0.7414441125219784,0.7097100360825347,0.3688055942034366,0.6962087932541023,1038
1,24,18,R0,0.7575023236733313,0.8045205467950489,0.20271719634013,0.1903748280128951,1038
1,62,19,R0,0.4988050850645663,0.4499844498288542,0.1189853291676366,0.5233734070505963,1038
1,63,20,R0,0.6729820849830646,0.6956455270668829,0.2350550795817859,0.5476935057394803,1038
1,51,21,R0,0.6384224102963062,0.4176773926941822,0.0987805864495438,0.2630598602759741,1038
1,79,22,R0,0.6217923315233665,0.6854689106079133,0.1382691379453149,0.6939692958330204,1038
1,48,23,R0,0.6665946476418366,0.5594220500181514,0.3351846701526634,0.871139413651137,1038
1,82,24,R0,0.8404152967034358,0.9955778715527236,0.1272814920965913,0.6034355334072354,1038
1,50,25,R0,0.6635151036340429,0.6002475926340538,0.1243397737219157,0.4136057652554887,1038
1,83,26,R0,0.678762255655719,0.7225205144429981,0.3706733637914745,0.4767381061885176,1038
1,59,27,R0,0.7576450685384242,0.7731922917740686,0.0452253280479976,0.8117922463574377,1038
1,5,28,R0,0.6085143433260463,0.6218991253026951,0.2723068167917556,0.3478922255506982,1038
1,30,29,R0,0.62145098433355,0.4680163255774453,0.1747190659559596,0.712827291945623,1038
2,86,0,R0,0.6495778218911623,0.6934500909034907,0.1396832370239614,0.2877643333219582,1038
2,106,1,R0,0.4845758227672065,0.3116918022366394,0.254374072192026,0.5636179406597392,1038
2,18,2,R0,0.6406399004546333,0.6271654562540522,0.1564326636693684,0.2329648425959372,1038
2,1,3,R0,0.612247056689692,0.5998205318910521,0.2758489977441796,0.5485777594304034,1038
2,104,6,R0,0.6435889599974784,0.6011013252375681,0.0815173978205453,0.2426991574520698,1038
2,65,7,R0,0.5708626018598497,0.7950645169363171,0.4374098658868229,0.2596353099756116,1038
2,80,10,R0,0.6915606555453966,0.9230730728706062,0.1291789761796629,0.1874396459683606,1038
2,112,11,R0,0.6736206900429608,0.7464628325023062,0.0759561862273477,0.0982756073097826,1038
2,66,12,R0,0.6109200624800559,0.500672849234423,0.285868978070802,0.9626027854057768,1038
2,54,15,R0,0.5624875041810665,0.2949279630183082,0.2935627513956463,0.8697481066349241,1038
2,70,16,R0,0.6061630002950765,0.5532576588615843,0.0303418562629959,0.7656604399141862,1038
2,32,17,R0,0.5560303294162332,0.5023655961116827,0.3908373466399754,0.5036784903338415,1038
2,16,18,R0,0.7208719101266079,0.7362177189336983,0.2088346328278692,0.1852658574428465,1038
2,76,21,R0,0.530937047889423,0.4491069700961231,0.0970150238000597,0.1259916120660352,1038
2,49,22,R0,0.5334548762977018,0.4934406084043526,0.1452499364891039,0.1421455185777128,1038
2,87,24,R0,0.6702357994036282,0.7125478277299218,0.1346189545100195,0.7490200946766709,1038
2,14,26,R0,0.6051795349761585,0.6800329059374124,0.3794343765285382,0.6894999666470026,1038
2,75,28,R0,0.4160477975759845,0.2925268590886232,0.3005363925603146,0.5680978298545306,1038
2,23,29,R0,0.5492830944443093,0.397512276200594,0.1747503613767302,0.5442130651137563,1038
3,29,7,R0,0.5826484059443575,0.2329286710122805,0.5104451798926908,0.2952912428434008,1038
3,42,9,R0,0.5838434990277864,0.4446254902682708,0.1433386680106613,0.2281223111602236,1038
3,105,20,R0,0.6174653982973668,0.5047918849984848,0.2531306177689051,0.5168204297966529,1038
3,9,23,R0,0.4529129364779117,0.4289844501786378,0.3471372115653676,0.5058447614171735,1038
3,44,25,R0,0.5359944918271683,0.3713204674040788,0.1322433210846797,0.3979796993639924,1038
3,102,27,R0,0.6872206254138068,0.7193590654404272,0.0444211686554336,0.5039205970801884,1038
4,118,8,R0,0.4599673778998,0.4197757631726794,0.2979360467986088,0.3505195644961988,1038
4,117,19,R0,0.586257064456167,0.3939687674263491,0.1235862622481739,0.4475990466286044,1038
1,34,0,R1,0.721279840218436,0.77195607627832,0.0960975221033196,0.9825917019167744,1038
1,17,1,R1,0.4818460071113069,0.6045966096783528,0.2670909163967512,0.1661194308092557,1038
1,4,2,R1,0.6793397630680981,0.6769497171661935,0.1196412219741572,0.6008527888976114,1038
1,1,3,R1,0.5324438513123855,0.5998205318910521,0.2257751893490317,0.5485777594304034,1038
1,68,6,R1,0.5807613306436025,0.62371339107101,0.0591507129878877,0.8621558333299537,1038
1,77,10,R1,0.889273184340084,0.954124816532586,0.0879775991572124,0.830896079550447,1038
1,112,11,R1,0.7067199057382881,0.7464628325023062,0.0721173069091145,0.0982756073097826,1038
1,66,12,R1,0.519385259997018,0.500672849234423,0.2308001607354806,0.9626027854057768,1038
1,60,13,R1,0.7389199264169474,0.7928010166983145,0.1322869037525742,0.4300477670983863,1038
1,53,14,R1,0.7662944178750886,0.872746450608085,0.1450826136369449,0.3844870599432052,1038
1,96,15,R1,0.4633232354826777,0.408029032291587,0.2867271646665161,0.2155848109020403,1038
1,33,16,R1,0.5698044248276487,0.5289500318458518,0.0259709542666534,0.6879240871213859,1038
1,88,17,R1,0.719925463019364,0.7097100360825347,0.2872579460967378,0.6962087932541023,1038
1,16,18,R1,0.6473063867284763,0.7362177189336983,0.2252412558056495,0.1852658574428465,1038
1,6,20,R1,0.6741324129926216,0.7070477159073159,0.1598616543269502,0.6973758686744486,1038
1,79,22,R1,0.7007435415233862,0.6854689106079133,0.1123051658618563,0.6939692958330204,1038
1,48,23,R1,0.6322293144095403,0.5594220500181514,0.2639222736763688,0.871139413651137,1038
1,82,24,R1,0.772487826759118,0.9955778715527236,0.1008255288974707,0.6034355334072354,1038
1,50,25,R1,0.5023814286020208,0.6002475926340538,0.1083999138526697,0.4136057652554887,1038
1,14,26,R1,0.5935278824899579,0.6800329059374124,0.3050473780100302,0.6894999666470026,1038
1,59,27,R1,0.793892763643194,0.7731922917740686,0.0343485996752602,0.8117922463574377,1038
1,5,28,R1,0.5348255729540365,0.6218991253026951,0.2401473971456259,0.3478922255506982,1038
2,86,0,R1,0.5722292281541059,0.6934680495122243,0.1351541151237162,0.2877643333219582,1038
2,27,2,R1,0.5862302076894162,0.6965505265878585,0.1519066829882893,0.1281982009902592,1038
2,61,3,R1,0.4961363271224924,0.6537635020663014,0.2427196768977965,0.2520614129355106,1038
2,65,7,R1,0.5795256593564398,0.7950645169363171,0.3874942554315127,0.2596353099756116,1038
2,58,9,R1,0.5759488927209443,0.5506270725778535,0.1051555755339676,0.939322222637642,1038
2,80,10,R1,0.7279027658060002,0.9239625703886948,0.1058030219117269,0.1874396459683606,1038
2,107,11,R1,0.7063657771446157,0.7785387299567856,0.0604511129832041,0.6493614194924545,1038
2,67,12,R1,0.5873296242398757,0.3958710413666471,0.2501588046290729,0.4123930442199355,1038
2,115,15,R1,0.4140321251246326,0.4443687334688915,0.2789975830271181,0.2880229164483035,1038
2,83,17,R1,0.6653052272608914,0.705917795752507,0.2928375214092102,0.4767381061885176,1038
2,24,18,R1,0.6942671967228385,0.8045205467950489,0.1912508325361561,0.1903748280128951,1038
2,62,19,R1,0.5474306468547938,0.4499844498288542,0.1007996667836116,0.5233734070505963,1038
2,63,20,R1,0.6870267461709822,0.6956455270668829,0.1840612407823225,0.5476935057394803,1038
2,98,26,R1,0.5725219875411325,0.709958450891943,0.272715615080901,0.8498094922711366,1038
2,90,27,R1,0.7139767469868583,0.726027518108131,0.0371239437686818,0.2933633401186943,1038
2,30,29,R1,0.5154620670645645,0.4680163255774453,0.1455554939493032,0.712827291945623,1038
3,29,7,R1,0.4759305312989391,0.2329286710122805,0.500445465169338,0.2952912428434008,1038
3,54,8,R1,0.4478567576227449,0.4109797128000874,0.2675586875354616,0.8697481066349241,1038
3,42,9,R1,0.4817585640434589,0.4445791740107302,0.136218513137083,0.2281223111602236,1038
3,37,14,R1,0.4353945580499238,0.4379177742471517,0.1754732131060467,0.5745871469235735,1038
3,70,16,R1,0.4716621715060983,0.5511497759809465,0.0273397895862547,0.7656604399141862,1038
3,76,21,R1,0.4416392987547272,0.4457912758574958,0.0972947948181157,0.1259916120660352,1038
3,7,22,R1,0.5227607421434223,0.5006694261359836,0.1322953664425186,0.7020068467243232,1038
3,97,23,R1,0.4051120587662428,0.5049857239469328,0.3494999812750037,0.3477935549028298,1038
3,87,24,R1,0.6727147831791591,0.7167493553414102,0.1111276474485156,0.7490200946766709,1038
4,104,6,R1,0.4995445410382902,0.6035386101514745,0.0764734476306597,0.2426991574520698,1038
4,22,13,R1,0.3835405135599637,0.4375359217070007,0.1696284521164994,0.7504095381999575,1038
4,44,25,R1,0.4409226679378073,0.3713204674040788,0.1285476976232121,0.3979796993639924,1038
5,108,21,R1,0.4236519018800729,0.5155260749165382,0.0844772771814315,0.7238007249631372,1038
6,41,4,R1,0.4435891330592176,0.3813554698522713,0.2297658701240291,0.523666239400519,1038
6,118,8,R1,0.4200367130637557,0.4146132182739898,0.3084684713377454,0.3505195644961988,1038
6,117,19,R1,0.4084530109247837,0.3989934867661692,0.1098166281420546,0.4475990466286044,1038
1,34,0,R2,0.7778407324722596,0.77195607627832,0.0960975221033196,0.9825917019167744,1038
1,17,1,R2,0.4334857391363046,0.6045966096783528,0.2670909163967512,0.1661194308092557,1038
1,4,2,R2,0.5213467423300114,0.6769497171661935,0.1196412219741572,0.6008527888976114,1038
1,61,3,R2,0.542094518520668,0.6508157887083396,0.2434976417373321,0.2520614129355106,1038
1,41,4,R2,0.3701232135928317,0.3801325545514138,0.2307155687124479,0.523666239400519,1038
1,68,6,R2,0.5941545395011617,0.62371339107101,0.0591507129878877,0.8621558333299537,1038
1,53,8,R2,0.6567465081274273,0.722755525317974,0.2305016340497526,0.3844870599432052,1038
1,58,9,R2,0.5237963024899768,0.546558460115149,0.1054103300878787,0.939322222637642,1038
1,77,10,R2,0.8454057681583456,0.954124816532586,0.0879775991572124,0.830896079550447,1038
1,107,11,R2,0.7344037080811212,0.7785387299567856,0.0608060379470944,0.6493614194924545,1038
1,60,13,R2,0.5947452544500199,0.7928010166983145,0.1322869037525742,0.4300477670983863,1038
1,33,16,R2,0.5737693424557588,0.5289500318458518,0.0259709542666534,0.6879240871213859,1038
1,83,17,R2,0.7387108585479918,0.705917795752507,0.2928375214092102,0.4767381061885176,1038
1,24,18,R2,0.6559553223222027,0.8045205467950489,0.1912508325361561,0.1903748280128951,1038
1,62,19,R2,0.5164120232325831,0.4499844498288542,0.1007996667836116,0.5233734070505963,1038
1,63,20,R2,0.6588364431314755,0.6956455270668829,0.1840612407823225,0.5476935057394803,1038
1,79,22,R2,0.6838337901755122,0.6854689106079133,0.1123051658618563,0.6939692958330204,1038
1,48,23,R2,0.5408062768258184,0.5594220500181514,0.2639222736763688,0.871139413651137,1038
1,82,24,R2,0.7803210722731176,0.9955778715527236,0.1008255288974707,0.6034355334072354,1038
1,50,25,R2,0.5808498473278784,0.6002475926340538,0.1083999138526697,0.4136057652554887,1038
1,59,27,R2,0.7851755182892924,0.7731922917740686,0.0343485996752602,0.8117922463574377,1038
1,5,28,R2,0.5565798625268737,0.6218991253026951,0.2401473971456259,0.3478922255506982,1038
1,30,29,R2,0.4464504544880181,0.4680163255774453,0.1460234470177857,0.712827291945623,1038
2,86,0,R2,0.5000284668022938,0.6981026553854213,0.1350684114172958,0.2877643333219582,1038
2,6,2,R2,0.5222660572670417,0.4417456639775626,0.1391698733804382,0.6973758686744486,1038
2,88,6,R2,0.5280189049959578,0.4542361604285705,0.072521822081408,0.6962087932541023,1038
2,15,10,R2,0.7687550029672093,0.8770455678452438,0.1042831654365374,0.5245739228607672,1038
2,112,11,R2,0.594557897077336,0.7464628325023062,0.0720317229762103,0.0982756073097826,1038
2,66,12,R2,0.5560913770814528,0.500672849234423,0.2308001607354806,0.9626027854057768,1038
2,70,16,R2,0.6504321338355594,0.5528472412789016,0.0273789419349947,0.7656604399141862,1038
2,31,17,R2,0.5373153472606521,0.6689677822711524,0.3501111135383564,0.2330128254091135,1038
2,111,18,R2,0.6409546325263855,0.715274354687214,0.1721136333192399,0.3953987541883323,1038
2,29,20,R2,0.5108526818789668,0.4901391032292038,0.2295288197552491,0.2952912428434008,1038
2,71,22,R2,0.4935138901418734,0.6212498666362822,0.1558370326365928,0.1191140784840174,1038
2,87,24,R2,0.6112051096173231,0.7190005251088873,0.11115044084724,0.7490200946766709,1038
2,44,25,R2,0.3334487538821228,0.376120734584531,0.1286020432864388,0.3979796993639924,1038
2,98,26,R2,0.5987551664957862,0.709364384736509,0.273439172220518,0.8498094922711366,1038
2,102,27,R2,0.6737220205663739,0.7326599908435378,0.0378275840578332,0.5039205970801884,1038
3,1,3,R2,0.5766662944916011,0.6161929908982742,0.2242168376190697,0.5485777594304034,1038
3,22,7,R2,0.5571510424694911,0.4135748084593497,0.441357141774508,0.7504095381999575,1038
3,26,12,R2,0.4803960548319172,0.4852140977557538,0.2431234329345224,0.5038719684557306,1038
3,76,21,R2,0.4557412154687167,0.4537125999410502,0.0972513994623156,0.1259916120660352,1038
3,0,23,R2,0.4218510118279325,0.4412396772085819,0.3166720904104262,0.3366373274309643,1038
4,54,8,R2,0.4704427519406509,0.4392406742031058,0.2650074709793557,0.8697481066349241,1038
4,117,19,R2,0.4308032718434122,0.3939687674263491,0.1099378224266767,0.4475990466286044,1038
4,14,26,R2,0.590203015777756,0.7117174911538944,0.3033883573029496,0.6894999666470026,1038
5,96,15,R2,0.4762109057038994,0.408029032291587,0.2867271646665161,0.2155848109020403,1038
5,23,29,R2,0.4968670652755674,0.4061111689817471,0.1637644189140856,0.5442130651137563,1038
6,65,7,R2,0.5084932597987336,0.8217659213923196,0.3837342911930751,0.2596353099756116,1038
6,42,9,R2,0.4241093234383841,0.4518760005960379,0.1359910299858663,0.2281223111602236,1038
6,37,14,R2,0.4546193331607859,0.4406982575603116,0.1757426837067346,0.5745871469235735,1038
1,34,0,R3,0.7241063273866578,0.77195607627832,0.0960975221033196,0.9825917019167744,1038
1,4,2,R3,0.6628765837049697,0.6769497171661935,0.1196412219741572,0.6008527888976114,1038
1,61,3,R3,0.6022057351098536,0.6508157887083396,0.2434976417373321,0.2520614129355106,1038
1,68,6,R3,0.6759610858965974,0.62371339107101,0.0591507129878877,0.8621558333299537,1038
1,53,8,R3,0.6969929953583182,0.722755525317974,0.2305016340497526,0.3844870599432052,1038
1,77,10,R3,0.9012043512702363,0.954124816532586,0.0879775991572124,0.830896079550447,1038
1,112,11,R3,0.630106164749204,0.7464628325023062,0.0721173069091145,0.0982756073097826,1038
1,26,12,R3,0.4588393619183816,0.4815132112280125,0.2440333169942382,0.5038719684557306,1038
1,60,13,R3,0.6992859444440921,0.7928010166983145,0.1322869037525742,0.4300477670983863,1038
1,37,14,R3,0.3781802327072872,0.4365890697219917,0.1761070134155382,0.5745871469235735,1038
1,33,16,R3,0.6458480023119935,0.5289500318458518,0.0259709542666534,0.6879240871213859,1038
1,88,17,R3,0.709550699436326,0.7097100360825347,0.2872579460967378,0.6962087932541023,1038
1,62,19,R3,0.5833735400446859,0.4499844498288542,0.1007996667836116,0.5233734070505963,1038
1,6,21,R3,0.4857744389349567,0.5249821763452898,0.0770612787604599,0.6973758686744486,1038
1,48,23,R3,0.505758509121522,0.5594220500181514,0.2639222736763688,0.871139413651137,1038
1,82,24,R3,0.8083532504923624,0.9955778715527236,0.1008255288974707,0.6034355334072354,1038
1,83,26,R3,0.6444481187396582,0.7225205144429981,0.2942532434722597,0.4767381061885176,1038
1,90,27,R3,0.7628324238987353,0.726027518108131,0.0371357371589075,0.2933633401186943,1038
1,5,28,R3,0.6118052018273659,0.6218991253026951,0.2401473971456259,0.3478922255506982,1038
1,30,29,R3,0.5118931517695434,0.4680163255774453,0.1460234470177857,0.712827291945623,1038
2,86,0,R3,0.5203332535939622,0.7030660540895632,0.1342271857490903,0.2877643333219582,1038
2,17,1,R3,0.3793814362410752,0.6045966096783528,0.2670909163967512,0.1661194308092557,1038
2,1,3,R3,0.5732361669125929,0.6199569333133668,0.2222588284648389,0.5485777594304034,1038
2,41,5,R3,0.4372639568479367,0.4204424244876251,0.1787538578919575,0.523666239400519,1038
2,96,6,R3,0.4722716862545195,0.4511456965081365,0.0800360586192211,0.2155848109020403,1038
2,65,7,R3,0.5077163276469433,0.7950645169363171,0.3874942554315127,0.2596353099756116,1038
2,54,8,R3,0.4229566382297732,0.4274285019487025,0.2645039112730107,0.8697481066349241,1038
2,80,10,R3,0.7360159322128078,0.9367594378548356,0.104121510854027,0.1874396459683606,1038
2,107,11,R3,0.6815165295693498,0.7785387299567856,0.0608060379470944,0.6493614194924545,1038
2,66,12,R3,0.5130901800693795,0.5030665369869485,0.2300669651955144,0.9626027854057768,1038
2,64,14,R3,0.4569088456768758,0.3511293487985979,0.2022426796876275,0.3726556448149896,1038
2,111,18,R3,0.6824884053838394,0.7247462027696636,0.17056396603168,0.3953987541883323,1038
2,63,20,R3,0.6544734980045517,0.695730007935625,0.1840607949938198,0.5476935057394803,1038
2,51,21,R3,0.4018511260556257,0.4176773926941822,0.0983165856271924,0.2630598602759741,1038
2,79,22,R3,0.6611054637105228,0.6854689106079133,0.1123051658618563,0.6939692958330204,1038
2,87,24,R3,0.5484256444898363,0.7125478277299218,0.1112651208309066,0.7490200946766709,1038
2,50,25,R3,0.6285777277993354,0.6002475926340538,0.1083999138526697,0.4136057652554887,1038
2,98,26,R3,0.598940019155141,0.7115040851826331,0.2730850589962301,0.8498094922711366,1038
2,102,27,R3,0.7339064198416683,0.7242899792396953,0.0378666998976049,0.5039205970801884,1038
2,75,28,R3,0.4339742959297104,0.3084813013816729,0.2616791134656279,0.5680978298545306,1038
3,22,7,R3,0.4284498399117264,0.4037225845610271,0.4422439886299395,0.7504095381999575,1038
3,58,9,R3,0.5079359619479936,0.5545139298238579,0.1051977308107193,0.939322222637642,1038
3,70,16,R3,0.6081525601539195,0.5639864502116958,0.0270969047453067,0.7656604399141862,1038
3,24,18,R3,0.7255359078673773,0.8085958976241397,0.1908595479292275,0.1903748280128951,1038
3,105,20,R3,0.5762503867064724,0.4980508849826357,0.2218921348950748,0.5168204297966529,1038
4,42,9,R3,0.4659227136100334,0.4699765708813895,0.1193956970538244,0.2281223111602236,1038
4,32,17,R3,0.4711582724493383,0.5629175598565032,0.3221249944066769,0.5036784903338415,1038
4,7,22,R3,0.4645036549308368,0.500835487785873,0.1323046169226872,0.7020068467243232,1038
5,27,2,R3,0.5847676766033217,0.7018705164337757,0.1508145582186512,0.1281982009902592,1038
5,14,5,R3,0.402622872182441,0.3413094913157192,0.1685449832235112,0.6894999666470026,1038
5,94,15,R3,0.5050612767039072,0.3998813237980845,0.2664687287169747,0.5129718404351573,1038
5,117,19,R3,0.324673170292765,0.4091556843370372,0.1086122898565901,0.4475990466286044,1038
1,50,0,R0,0.6403276667794391,0.6030891369898441,0.0743968017495728,0.6568965215357238,1039
1,12,1,R0,0.7636071641588311,0.8992923867071012,0.0765221739509598,0.7581248207843881,1039
1,26,2,R0,0.7156923326287331,0.8565512720783133,0.1845454105443476,0.5392625650920199,1039
1,118,3,R0,0.5662170387586275,0.4600780718059943,0.4061988345092556,0.1715156268681145,1039
1,9,4,R0,0.5946047219645568,0.375154238093166,0.2849999687944,0.1719425023211829,1039
1,64,5,R0,0.7637562554004343,0.9087031811465924,0.1048242620976111,0.5866691169596926,1039
1,91,6,R0,0.6608642529824974,0.7255794474564666,0.3020454503155795,0.3168979536978167,1039
1,81,7,R0,0.7775417220476775,0.7424286454780811,0.3175728470432122,0.8495757452266179,1039
1,102,9,R0,0.803107090575438,0.7298554447809382,0.0697354578605517,0.7892623889116379,1039
1,16,10,R0,0.6575967765310203,0.7109689908611883,0.275435540935648,0.5065845107784871,1039
1,21,11,R0,0.5269403442984322,0.4292079746344199,0.037966950859092,0.6151680016809422,1039
1,99,12,R0,0.6292413584295607,0.5610742781218354,0.2525472580153952,0.4480686312675151,1039
1,100,13,R0,0.6808622849185696,0.6514775388799354,0.185295433977079,0.9053570520455728,1039
1,19,16,R0,0.7508488928409235,0.7480420215314874,0.1542006066030931,0.3333309773032912,1039
1,63,17,R0,0.6461893824636645,0.7928502068996317,0.2922026255241368,0.2057489504151792,1039
1,39,19,R0,0.7026771469645032,0.7616138200622677,0.1949462756575682,0.473890463841077,1039
1,65,20,R0,0.8894857503639437,0.9562277202003262,0.0517573686855466,0.7585521051282769,1039
1,75,22,R0,0.7024823427152962,0.8070582272025592,0.2392302010718041,0.3249470985868424,1039
1,82,23,R0,0.6881485241386006,0.8227668529069051,0.1117789491366581,0.1099594661724251,1039
1,117,25,R0,0.8460125202765583,0.951020900894054,0.1335034253825082,0.674578413633232,1039
1,59,26,R0,0.7937517287356064,0.9386371157231572,0.2062278329927628,0.4840366768755557,1039
1,0,27,R0,0.4940468216864729,0.4471217064605173,0.1806798000090336,0.875439064502011,1039
1,55,28,R0,0.7482851051666739,0.6718057012958465,0.2355794360480546,0.8828440738127927,1039
1,83,29,R0,0.6322423034449831,0.6295679992715533,0.2978479135175386,0.7297600838215683,1039
2,107,0,R0,0.5607746529251619,0.5023580914178603,0.0760460047872632,0.3519263365785824,1039
2,62,1,R0,0.8148585807000303,0.744185117529589,0.0793087749014298,0.9494014162014862,1039
2,14,2,R0,0.592087827782145,0.6127081870419905,0.1940336154228126,0.3542660630815759,1039
2,4,5,R0,0.6398500518046185,0.5560505512794347,0.1145226055534363,0.5327884234788287,1039
2,68,6,R0,0.4929174538312705,0.5320815509175099,0.3157380314162291,0.4541104676840269,1039
2,97,7,R0,0.8166098260390549,0.7397267525167047,0.3208538944288916,0.3079431028545885,1039
2,109,9,R0,0.6326980556367939,0.6869559857667564,0.0714168822765194,0.160959281669294,1039
2,103,10,R0,0.600007377090553,0.4902266180205881,0.2911219663255782,0.6842952923406393,1039
2,34,12,R0,0.6218368845470618,0.5178344108244552,0.254111858190915,0.1433404250932824,1039
2,69,13,R0,0.655014868325563,0.6150098161439794,0.1849593240937619,0.7260502654936336,1039
2,51,14,R0,0.5595101703790676,0.579485733908391,0.1217848957504851,0.7888230840365901,1039
2,92,15,R0,0.5814240682164313,0.6230811369109757,0.295150254611538,0.7381538396890558,1039
2,2,18,R0,0.578649294833044,0.6003694135412423,0.1972608102531704,0.5193009602056845,1039
2,111,19,R0,0.4441843675021154,0.2780479790154642,0.2263958332778667,0.3416871730748977,1039
2,94,20,R0,0.8235654140027371,0.7067060269631928,0.0551171543215751,0.5949836631795787,1039
2,105,22,R0,0.7114402926057389,0.6617816729970846,0.2482073860682579,0.5726871935181244,1039
2,101,23,R0,0.7575059397740301,0.7468253243989178,0.1127518185082781,0.8069595043464107,1039
2,18,25,R0,0.7402534434454012,0.8848079992139821,0.1377007565275437,0.0303834979677747,1039
2,71,26,R0,0.5769872974011696,0.4190550463524852,0.2439621786725705,0.5841262291258397,1039
2,112,27,R0,0.536518380069013,0.4662515221321955,0.1810571319902608,0.4753237400836841,1039
2,53,28,R0,0.8100082191422158,0.7864511163696231,0.2267494936055425,0.5546280126471153,1039
2,89,29,R0,0.6085011056853399,0.7966401465706318,0.2853410206816119,0.3801273300300544,1039
3,13,4,R0,0.5116646536963773,0.5387748884456688,0.270606261257952,0.7919498204472516,1039
3,119,16,R0,0.5442671174813061,0.4781015622368738,0.1657013837427918,0.6035074625507587,1039
3,98,18,R0,0.6349981983347116,0.5540574735396699,0.1979011305697878,0.1646022333154226,1039
3,108,21,R0,0.5988931820969031,0.6180644231409458,0.318306636053127,0.5131660094049403,1039
3,7,24,R0,0.499009178815857,0.4198451951108292,0.1951316571762505,0.8068141643643634,1039
4,57,3,R0,0.4911446301233064,0.4757675676772764,0.4044869243103537,0.3566329328246935,1039
4,110,17,R0,0.4623668337669973,0.30995361210407,0.3388659501203226,0.7564967913266399,1039
4,33,21,R0,0.5862661513268725,0.7274670336307906,0.3118056595604364,0.2215875474020192,1039
5,77,11,R0,0.4718102242959302,0.3255603720796935,0.0387839674315912,0.164549418012514,1039
5,61,14,R0,0.5636184437927093,0.4161001965584344,0.1298981102967609,0.7697945253280618,1039
5,78,15,R0,0.3794220336157204,0.1340331351257873,0.3420346593860788,0.8490438471631522,1039
5,90,24,R0,0.4454815092365249,0.474990663451996,0.193067193024355,0.3569005711911304,1039
6,96,8,R0,0.2839627575121684,0.3142514369154515,0.0757844415113418,0.5111021261897667,1039
1,50,0,R1,0.5628963745731693,0.6030891369898441,0.0671269657183248,0.6568965215357238,1039
1,12,1,R1,0.8308175060737005,0.8992923867071012,0.0555260252839018,0.7581248207843881,1039
1,26,2,R1,0.7464082478955255,0.8565512720783133,0.1390628136659363,0.5392625650920199,1039
1,64,5,R1,0.7742912090179311,0.9087031811465924,0.0763571297566347,0.5866691169596926,1039
1,91,6,R1,0.5919044130978207,0.7255794474564666,0.309015935003518,0.3168979536978167,1039
1,97,7,R1,0.766141897592549,0.7385235253174615,0.2483021593838486,0.3079431028545885,1039
1,102,9,R1,0.7053628433566796,0.7298554447809382,0.0533744961641281,0.7892623889116379,1039
1,99,12,R1,0.5956472197044091,0.5610742781218354,0.2201646635951669,0.4480686312675151,1039
1,69,13,R1,0.5818744370685015,0.6103614336830336,0.1549199154869878,0.7260502654936336,1039
1,92,15,R1,0.5061065334265589,0.6230811369109757,0.2584037725382963,0.7381538396890558,1039
1,19,16,R1,0.6293225861185566,0.7480420215314874,0.1391701645225469,0.3333309773032912,1039
1,63,17,R1,0.5694720381108892,0.7928502068996317,0.2741532980730998,0.2057489504151792,1039
1,39,19,R1,0.6361738900154396,0.7616138200622677,0.164760139464963,0.473890463841077,1039
1,65,20,R1,0.8381569010297822,0.9562277202003262,0.0379682412611919,0.7585521051282769,1039
1,48,21,R1,0.5498063880020624,0.6078863161167385,0.2765152372223065,0.3382135203771467,1039
1,81,22,R1,0.8049804785091741,0.8085755988595469,0.1667742918838735,0.8495757452266179,1039
1,101,23,R1,0.7094757868820036,0.7407675669018474,0.0820788321607965,0.8069595043464107,1039
1,117,25,R1,0.8473261988868099,0.951020900894054,0.0978588502051238,0.674578413633232,1039
1,59,26,R1,0.7207901230222987,0.9386371157231572,0.1918463997538114,0.4840366768755557,1039
1,0,27,R1,0.4549489218602435,0.4471217064605173,0.1422563194702676,0.875439064502011,1039
1,53,28,R1,0.7277977152985158,0.7847005925355968,0.1642158773082513,0.5546280126471153,1039
1,83,29,R1,0.5808038711308963,0.6295679992715533,0.2493681891775792,0.7297600838215683,1039
2,62,1,R1,0.7912124503399559,0.744185117529589,0.0556419133430284,0.9494014162014862,1039
2,14,2,R1,0.5422691624803561,0.6127081870419905,0.1722404895546441,0.3542660630815759,1039
2,4,5,R1,0.6180549499763579,0.5560505512794347,0.1125651481800256,0.5327884234788287,1039
2,109,9,R1,0.5976224510988619,0.682348798546969,0.0778029892899399,0.160959281669294,1039
2,103,10,R1,0.5937202685410284,0.4902266180205881,0.2692977257997352,0.6842952923406393,1039
2,100,13,R1,0.5603313935564086,0.6514775388799354,0.1413988240684438,0.9053570520455728,1039
2,55,14,R1,0.5804383195955717,0.6495027599285639,0.0896317810740083,0.8828440738127927,1039
2,2,18,R1,0.5154794549651426,0.6003694135412423,0.1819682076102051,0.5193009602056845,1039
2,94,20,R1,0.5994606762068226,0.7067060269631928,0.0490366738835619,0.5949836631795787,1039
2,105,22,R1,0.7365531908668407,0.6617816729970846,0.1924584347230419,0.5726871935181244,1039
2,82,23,R1,0.656540015436324,0.8227668529069051,0.1194243247687002,0.1099594661724251,1039
2,18,25,R1,0.6366882932153134,0.8848079992139821,0.1303742986849267,0.0303834979677747,1039
2,68,26,R1,0.4988276300251764,0.5586679584343823,0.2079354007403166,0.4541104676840269,1039
2,112,27,R1,0.5129291287053414,0.4662515221321955,0.1603939962350238,0.4753237400836841,1039
3,114,0,R1,0.4802616897205525,0.5948373947481564,0.0618991331834931,0.6463202327500036,1039
3,75,7,R1,0.5434983408525088,0.6919910838919912,0.2801888557178228,0.3249470985868424,1039
3,24,12,R1,0.505058055729495,0.616110875856889,0.2551266170689727,0.2399393711839677,1039
3,51,14,R1,0.4755738317030123,0.5783212439871224,0.1039364072428245,0.7888230840365901,1039
3,89,16,R1,0.5238636564208133,0.688270055464766,0.1329972277158543,0.3801273300300544,1039
3,33,21,R1,0.5516403147069022,0.7261219912818945,0.2704392169604642,0.2215875474020192,1039
3,90,24,R1,0.3894662597136589,0.4684620383470667,0.1879026549456456,0.3569005711911304,1039
3,61,28,R1,0.5459509033695105,0.3687925930637747,0.2369183868979431,0.7697945253280618,1039
4,21,6,R1,0.4743192217132592,0.3034661606200177,0.324178336059869,0.6151680016809422,1039
4,16,10,R1,0.6156037289864769,0.7170829237427154,0.2154744770727457,0.5065845107784871,1039
4,93,11,R1,0.3577006223976071,0.4152815960250985,0.0358919942971174,0.380656608440841,1039
4,98,18,R1,0.5062965053066385,0.5544761938599889,0.2060374797738167,0.1646022333154226,1039
4,7,24,R1,0.5303278620751048,0.4198451951108292,0.166911427877599,0.8068141643643634,1039
5,13,4,R1,0.441748478101224,0.5387748884456688,0.2202313973559104,0.7919498204472516,1039
6,96,17,R1,0.3912225452587289,0.44611159253844,0.3096555596371634,0.5111021261897667,1039
1,12,1,R2,0.7612070304834746,0.8992923867071012,0.0555260252839018,0.7581248207843881,1039
1,9,4,R2,0.4992554851606012,0.375154238093166,0.2861674933204634,0.1719425023211829,1039
1,64,5,R2,0.7467218522012621,0.9087031811465924,0.0763571297566347,0.5866691169596926,1039
1,59,6,R2,0.5101472526569025,0.6547507247740577,0.2843506964079452,0.4840366768755557,1039
1,81,7,R2,0.7482123959991416,0.7424286454780811,0.2337537543027286,0.8495757452266179,1039
1,102,9,R2,0.6510211081397852,0.7298554447809382,0.0533744961641281,0.7892623889116379,1039
1,16,10,R2,0.6398829267059777,0.7109689908611883,0.2157380928894987,0.5065845107784871,1039
1,69,13,R2,0.5304545841988666,0.6103614336830336,0.1549199154869878,0.7260502654936336,1039
1,55,14,R2,0.672291444929305,0.6495027599285639,0.0896317810740083,0.8828440738127927,1039
1,92,15,R2,0.5288836720742172,0.6230811369109757,0.2584037725382963,0.7381538396890558,1039
1,19,16,R2,0.6478526796902601,0.7480420215314874,0.1391701645225469,0.3333309773032912,1039
1,63,17,R2,0.6643568739036179,0.7928502068996317,0.2741532980730998,0.2057489504151792,1039
1,39,19,R2,0.6237806437729666,0.7616138200622677,0.164760139464963,0.473890463841077,1039
1,65,20,R2,0.8717415151752227,0.9562277202003262,0.0379682412611919,0.7585521051282769,1039
1,105,22,R2,0.7107277760007099,0.6617816729970846,0.1924584347230419,0.5726871935181244,1039
1,101,23,R2,0.6640901437972017,0.7407675669018474,0.0820788321607965,0.8069595043464107,1039
1,7,24,R2,0.4212113275778508,0.4198451951108292,0.166911427877599,0.8068141643643634,1039
1,117,25,R2,0.8375538326945754,0.951020900894054,0.0978588502051238,0.674578413633232,1039
1,68,26,R2,0.5100373108369539,0.5586679584343823,0.2079354007403166,0.4541104676840269,1039
1,0,27,R2,0.4715598139296683,0.4471217064605173,0.1422563194702676,0.875439064502011,1039
1,53,28,R2,0.7158134148057683,0.7847005925355968,0.1642158773082513,0.5546280126471153,1039
1,89,29,R2,0.5889809876553824,0.7966401465706318,0.2321314928363173,0.3801273300300544,1039
2,62,1,R2,0.6340133524483522,0.756687170391275,0.0554774463789651,0.9494014162014862,1039
2,26,2,R2,0.7138252685266117,0.8616060478586742,0.1386606197514937,0.5392625650920199,1039
2,4,5,R2,0.5029324647716733,0.5641594940565331,0.1120266429635535,0.5327884234788287,1039
2,91,6,R2,0.5264190010040475,0.7304722801733649,0.3085525983370281,0.3168979536978167,1039
2,97,7,R2,0.6588899720286518,0.7385235253174615,0.2483021593838486,0.3079431028545885,1039
2,21,11,R2,0.4105102908985782,0.4349848400131653,0.0323753753268092,0.6151680016809422,1039
2,99,12,R2,0.5189381966676339,0.5610742781218354,0.2201646635951669,0.4480686312675151,1039
2,100,13,R2,0.6337754520549903,0.6514775388799354,0.1413988240684438,0.9053570520455728,1039
2,119,16,R2,0.4748433900326304,0.4781015622368738,0.1394044358567082,0.6035074625507587,1039
2,94,20,R2,0.7198137875744078,0.7067060269631928,0.0489550410453269,0.5949836631795787,1039
2,33,21,R2,0.5605259781385602,0.7261219912818945,0.271098650975489,0.2215875474020192,1039
2,75,22,R2,0.598025895163773,0.8070582272025592,0.2125438032049167,0.3249470985868424,1039
2,82,23,R2,0.5803700784519185,0.8227668529069051,0.1189317152556625,0.1099594661724251,1039
2,18,25,R2,0.7369332450686631,0.8854520125422694,0.1306013693861125,0.0303834979677747,1039
2,51,28,R2,0.550798365988352,0.6684848487783385,0.1885823909902198,0.7888230840365901,1039
2,83,29,R2,0.5825622638190228,0.6295679992715533,0.2493681891775792,0.7297600838215683,1039
3,109,9,R2,0.5726019376910817,0.6907610237362114,0.077842845845938,0.160959281669294,1039
3,44,10,R2,0.5340407482863782,0.7069479694828853,0.2356946051738891,0.3504001502331961,1039
3,34,12,R2,0.4849389809320447,0.5206823706658577,0.249153882602325,0.1433404250932824,1039
3,61,14,R2,0.5188742271760578,0.4161001965584344,0.1160593591847158,0.7697945253280618,1039
3,110,17,R2,0.3577119267965333,0.30995361210407,0.3008259887581577,0.7564967913266399,1039
3,2,18,R2,0.4219859503001402,0.6055184934837309,0.1811685284316548,0.5193009602056845,1039
3,108,21,R2,0.5069844581307456,0.6127709552942717,0.264097945395325,0.5131660094049403,1039
4,50,0,R2,0.4675760287045449,0.6030891369898441,0.0671269657183248,0.6568965215357238,1039
4,118,3,R2,0.4822878937347906,0.4632309088223874,0.3824909275111569,0.1715156268681145,1039
4,98,18,R2,0.3751597361941576,0.5669375126503893,0.2057166253459273,0.1646022333154226,1039
5,114,0,R2,0.535586049171248,0.6005609897070505,0.0617770913792553,0.6463202327500036,1039
6,14,2,R2,0.5556632489718231,0.6193744926273228,0.1714767227946861,0.3542660630815759,1039
6,90,8,R2,0.3907435189124932,0.3153212862032768,0.0767631374483934,0.3569005711911304,1039
1,114,0,R3,0.5580122135239515,0.5948373947481564,0.0618991331834931,0.6463202327500036,1039
1,12,1,R3,0.7930196841230633,0.8992923867071012,0.0555260252839018,0.7581248207843881,1039
1,26,2,R3,0.6525656605070815,0.8565512720783133,0.1390628136659363,0.5392625650920199,1039
1,64,5,R3,0.7906025650835998,0.9087031811465924,0.0763571297566347,0.5866691169596926,1039
1,91,6,R3,0.5726317098230683,0.7255794474564666,0.309015935003518,0.3168979536978167,1039
1,81,7,R3,0.7693565405406151,0.7424286454780811,0.2337537543027286,0.8495757452266179,1039
1,102,9,R3,0.7355303044449022,0.7298554447809382,0.0533744961641281,0.7892623889116379,1039
1,21,11,R3,0.4900016595475283,0.4292079746344199,0.0324248422389601,0.6151680016809422,1039
1,99,12,R3,0.5425279850103584,0.5610742781218354,0.2201646635951669,0.4480686312675151,1039
1,100,13,R3,0.6321078340706878,0.6514775388799354,0.1413988240684438,0.9053570520455728,1039
1,53,14,R3,0.5791688921076835,0.5689689073276147,0.0984534279303381,0.5546280126471153,1039
1,92,15,R3,0.520253309659095,0.6230811369109757,0.2584037725382963,0.7381538396890558,1039
1,89,16,R3,0.55964947771632,0.688270055464766,0.1329972277158543,0.3801273300300544,1039
1,63,17,R3,0.5624286189951652,0.7928502068996317,0.2741532980730998,0.2057489504151792,1039
1,2,18,R3,0.5086307105863156,0.6003694135412423,0.1819682076102051,0.5193009602056845,1039
1,39,19,R3,0.6083215614525558,0.7616138200622677,0.164760139464963,0.473890463841077,1039
1,65,20,R3,0.7913962545397265,0.9562277202003262,0.0379682412611919,0.7585521051282769,1039
1,105,22,R3,0.6390452022763472,0.6617816729970846,0.1924584347230419,0.5726871935181244,1039
1,101,23,R3,0.652921731081039,0.7407675669018474,0.0820788321607965,0.8069595043464107,1039
1,117,25,R3,0.7837979635264775,0.951020900894054,0.0978588502051238,0.674578413633232,1039
1,59,26,R3,0.6448925616901138,0.9386371157231572,0.1918463997538114,0.4840366768755557,1039
1,112,27,R3,0.493639782272184,0.4662515221321955,0.1603939962350238,0.4753237400836841,1039
1,51,28,R3,0.574957814358181,0.6586635547255131,0.1890011823065455,0.7888230840365901,1039
1,83,29,R3,0.597982518314242,0.6295679992715533,0.2493681891775792,0.7297600838215683,1039
2,62,1,R3,0.6782007113707911,0.7709596144929086,0.0512111570410917,0.9494014162014862,1039
2,118,3,R3,0.5630736676114887,0.4600780718059943,0.3838554814001311,0.1715156268681145,1039
2,4,5,R3,0.5212791453041304,0.5679845261719744,0.1109995837857172,0.5327884234788287,1039
2,97,7,R3,0.7408271711779585,0.7385235253174615,0.2483021593838486,0.3079431028545885,1039
2,90,8,R3,0.5114993149956621,0.3009198954492832,0.0769992992903195,0.3569005711911304,1039
2,109,9,R3,0.527729516681439,0.6847592952841277,0.077604696969695,0.160959281669294,1039
2,16,10,R3,0.6709030572455391,0.7138629808542174,0.2154077212100568,0.5065845107784871,1039
2,55,14,R3,0.5772225909979621,0.6495027599285639,0.0896317810740083,0.8828440738127927,1039
2,19,16,R3,0.5377709794052665,0.752729253094373,0.1375379484562558,0.3333309773032912,1039
2,98,18,R3,0.4707078866486339,0.5563396576255837,0.2065418019331055,0.1646022333154226,1039
2,27,20,R3,0.6958860026309943,0.7121215010718396,0.0517325036392714,0.0511874935217342,1039
2,75,22,R3,0.6530867939257666,0.8070582272025592,0.2127528655304416,0.3249470985868424,1039
2,82,23,R3,0.6323568270218487,0.8227668529069051,0.1194243247687002,0.1099594661724251,1039
2,18,25,R3,0.6565438733644369,0.886140551811862,0.1305411628807565,0.0303834979677747,1039
2,0,27,R3,0.4931808647372476,0.4471217064605173,0.1422563194702676,0.875439064502011,1039
2,119,29,R3,0.4647544893578429,0.4729384494414678,0.2543441588396939,0.6035074625507587,1039
3,107,0,R3,0.5691467924738525,0.500208743968122,0.073485290990679,0.3519263365785824,1039
3,108,3,R3,0.4269559780527668,0.4504602236583815,0.3139976219561118,0.5131660094049403,1039
3,13,4,R3,0.4490471200379736,0.5387992421582288,0.2209179620491475,0.7919498204472516,1039
3,7,8,R3,0.4131749487811194,0.2827029941079778,0.0703926236212051,0.8068141643643634,1039
3,69,13,R3,0.5796640245518759,0.6173663366268373,0.1537156311417029,0.7260502654936336,1039
3,33,21,R3,0.5893190981760501,0.7275185317263204,0.2710978108019752,0.2215875474020192,1039
4,103,10,R3,0.6200519089881131,0.5044577063683748,0.2658751162205423,0.6842952923406393,1039
4,78,15,R3,0.3256677420565351,0.1340331351257873,0.3522031268290553,0.8490438471631522,1039
4,48,21,R3,0.4968416516104263,0.6179086516677762,0.2726461705172243,0.3382135203771467,1039
4,68,26,R3,0.5043861153954692,0.5674442534149409,0.2058020741392394,0.4541104676840269,1039
5,14,2,R3,0.5899655114758309,0.6127081870419905,0.1722404895546441,0.3542660630815759,1039
5,61,28,R3,0.4384289863187278,0.3874067168143824,0.2321725555066825,0.7697945253280618,1039
6,41,4,R3,0.4411448160210157,0.2742867836486249,0.2486581797474877,0.5968624055556024,1039
